Workbook

Sheet THANG B.LUONG
A1: THANG BẢNG LƯƠNG | J1: ĐVT: 1000 ĐỒNG
A3: STT | B3: VỊ TRÍ | C3: BẬC LƯƠNG | N3: Hệ số bậc | O3: Điểm tham khảo
C4: 1 | D4: 2 | E4: 3 | F4: 4 | G4: 5 | H4: 6 | I4: 7 | J4: 8 | K4: 9 | L4: 10
A5: =COUNTA($B$4:B5) -> 1 | B5: CHỦ TỊCH | D5: =ROUND(C5*$N$5,-2) -> 0 | E5: =ROUND(D5*$N$5,-2) -> 0 | F5: =ROUND(E5*$N$5,-2) -> 0 | G5: =ROUND(F5*$N$5,-2) -> 0 | H5: =ROUND(G5*$N$5,-2) -> 0 | N5: 1.3
A6: =COUNTA($B$4:B6) -> 2 | B6: TỔNG GIÁM ĐỐC | D6: =ROUND(C6*$N$5,-2) -> 0 | E6: =ROUND(D6*$N$5,-2) -> 0 | F6: =ROUND(E6*$N$5,-2) -> 0 | G6: =ROUND(F6*$N$5,-2) -> 0 | H6: =ROUND(G6*$N$5,-2) -> 0 | N6: 1.3
A7: =COUNTA($B$4:B7) -> 3 | B7: TRƯỞNG BAN ĐMCC | C7: =ROUND(D7/N7,-1) -> 0 | D7: =ROUND(E7/N7,-1) -> 0 | E7: =ROUND(O7,-1) -> 0 | F7: =ROUND(E7*$N7,-1) -> 0 | G7: =ROUND(F7*$N7,-1) -> 0 | H7: =ROUND(G7*$N7,-1) -> 0 | I7: =ROUND(H7*$N7,-1) -> 0 | J7: =ROUND(I7*$N7,-1) -> 0 | K7: =ROUND(J7*$N7,-1) -> 0 | L7: =ROUND(K7*$N7,-1) -> 0 | N7: 1.2
A8: =COUNTA($B$4:B8) -> 4 | B8: TRƯỞNG BAN KIỂM SOÁT NỘI BỘ | C8: =ROUND(D8/N8,-1) -> 0 | D8: =ROUND(E8/N8,-1) -> 0 | E8: =ROUND(O8,-1) -> 0 | F8: =ROUND(E8*$N8,-1) -> 0 | G8: =ROUND(F8*$N8,-1) -> 0 | H8: =ROUND(G8*$N8,-1) -> 0 | I8: =ROUND(H8*$N8,-1) -> 0 | J8: =ROUND(I8*$N8,-1) -> 0 | K8: =ROUND(J8*$N8,-1) -> 0 | L8: =ROUND(K8*$N8,-1) -> 0 | N8: 1.2
A9: =COUNTA($B$4:B9) -> 5 | B9: Chuyên viên pháp chế | C9: =ROUND(O9,-1) -> 0 | D9: =ROUND(C9*$N9,-1) -> 0 | E9: =ROUND(D9*$N9,-1) -> 0 | F9: =ROUND(E9*$N9,-1) -> 0 | G9: =ROUND(F9*$N9,-1) -> 0 | H9: =ROUND(G9*$N9,-1) -> 0 | I9: =ROUND(H9*$N9,-1) -> 0 | J9: =ROUND(I9*$N9,-1) -> 0 | K9: =ROUND(J9*$N9,-1) -> 0 | L9: =ROUND(K9*$N9,-1) -> 0 | N9: 1.11
A10: =COUNTA($B$4:B10) -> 6 | B10: Chuyên viên kiểm soát tài chính | C10: =ROUND(O10,-1) -> 0 | D10: =ROUND(C10*$N10,-1) -> 0 | E10: =ROUND(D10*$N10,-1) -> 0 | F10: =ROUND(E10*$N10,-1) -> 0 | G10: =ROUND(F10*$N10,-1) -> 0 | H10: =ROUND(G10*$N10,-1) -> 0 | I10: =ROUND(H10*$N10,-1) -> 0 | J10: =ROUND(I10*$N10,-1) -> 0 | K10: =ROUND(J10*$N10,-1) -> 0 | L10: =ROUND(K10*$N10,-1) -> 0 | N10: 1.11
A11: =COUNTA($B$4:B11) -> 7 | B11: Chuyên viên kiểm soát quy trình | C11: =ROUND(O11,-1) -> 0 | D11: =ROUND(C11*$N11,-1) -> 0 | E11: =ROUND(D11*$N11,-1) -> 0 | F11: =ROUND(E11*$N11,-1) -> 0 | G11: =ROUND(F11*$N11,-1) -> 0 | H11: =ROUND(G11*$N11,-1) -> 0 | I11: =ROUND(H11*$N11,-1) -> 0 | J11: =ROUND(I11*$N11,-1) -> 0 | K11: =ROUND(J11*$N11,-1) -> 0 | L11: =ROUND(K11*$N11,-1) -> 0 | N11: 1.11
A12: =COUNTA($B$4:B12) -> 8 | B12: GIÁM ĐỐC HCNS | C12: =ROUND(D12/N12,-1) -> 0 | D12: =ROUND(E12/N12,-1) -> 0 | E12: =ROUND(O12,-1) -> 0 | F12: =ROUND(E12*$N12,-1) -> 0 | G12: =ROUND(F12*$N12,-1) -> 0 | H12: =ROUND(G12*$N12,-1) -> 0 | I12: =ROUND(H12*$N12,-1) -> 0 | J12: =ROUND(I12*$N12,-1) -> 0 | K12: =ROUND(J12*$N12,-1) -> 0 | L12: =ROUND(K12*$N12,-1) -> 0 | N12: 1.2
A13: =COUNTA($B$4:B13) -> 9 | B13: Nhân viên hành chính/ HCNS NM | C13: =ROUND(O13,-1) -> 0 | D13: =ROUND(C13*$N13,-1) -> 0 | E13: =ROUND(D13*$N13,-1) -> 0 | F13: =ROUND(E13*$N13,-1) -> 0 | G13: =ROUND(F13*$N13,-1) -> 0 | H13: =ROUND(G13*$N13,-1) -> 0 | I13: =ROUND(H13*$N13,-1) -> 0 | J13: =ROUND(I13*$N13,-1) -> 0 | K13: =ROUND(J13*$N13,-1) -> 0 | L13: =ROUND(K13*$N13,-1) -> 0 | N13: 1.1
A14: =COUNTA($B$4:B14) -> 10 | B14: Nhân viên nhân sự | C14: =ROUND(O14,-1) -> 0 | D14: =ROUND(C14*$N14,-1) -> 0 | E14: =ROUND(D14*$N14,-1) -> 0 | F14: =ROUND(E14*$N14,-1) -> 0 | G14: =ROUND(F14*$N14,-1) -> 0 | H14: =ROUND(G14*$N14,-1) -> 0 | I14: =ROUND(H14*$N14,-1) -> 0 | J14: =ROUND(I14*$N14,-1) -> 0 | K14: =ROUND(J14*$N14,-1) -> 0 | L14: =ROUND(K14*$N14,-1) -> 0 | N14: 1.1
A15: =COUNTA($B$4:B15) -> 11 | B15: Trưởng Giám sát Nhà máy | C15: =ROUND(O15,-1) -> 0 | D15: =ROUND(C15*$N15,-1) -> 0 | E15: =ROUND(D15*$N15,-1) -> 0 | F15: =ROUND(E15*$N15,-1) -> 0 | G15: =ROUND(F15*$N15,-1) -> 0 | H15: =ROUND(G15*$N15,-1) -> 0 | I15: =ROUND(H15*$N15,-1) -> 0 | J15: =ROUND(I15*$N15,-1) -> 0 | K15: =ROUND(J15*$N15,-1) -> 0 | L15: =ROUND(K15*$N15,-1) -> 0 | N15: 1.13
A16: =COUNTA($B$4:B16) -> 12 | B16: Nhân viên Giám sát | C16: =ROUND(O16,-1) -> 0 | D16: =ROUND(C16*$N16,-1) -> 0 | E16: =ROUND(D16*$N16,-1) -> 0 | F16: =ROUND(E16*$N16,-1) -> 0 | G16: =ROUND(F16*$N16,-1) -> 0 | H16: =ROUND(G16*$N16,-1) -> 0 | I16: =ROUND(H16*$N16,-1) -> 0 | J16: =ROUND(I16*$N16,-1) -> 0 | K16: =ROUND(J16*$N16,-1) -> 0 | L16: =ROUND(K16*$N16,-1) -> 0 | N16: 1.1
A17: =COUNTA($B$4:B17) -> 13 | B17: Chuyên viên IT | C17: =ROUND(O17,-1) -> 12670 | D17: =ROUND(C17*$N17,-1) -> 14190 | E17: =ROUND(D17*$N17,-1) -> 15890 | F17: =ROUND(E17*$N17,-1) -> 17800 | G17: =ROUND(F17*$N17,-1) -> 19940 | H17: =ROUND(G17*$N17,-1) -> 22330 | I17: =ROUND(H17*$N17,-1) -> 25010 | J17: =ROUND(I17*$N17,-1) -> 28010 | K17: =ROUND(J17*$N17,-1) -> 31370 | L17: =ROUND(K17*$N17,-1) -> 35130 | N17: 1.12 | O17: 12672
A18: =COUNTA($B$4:B18) -> 14 | B18: Nhân viên IT | C18: =ROUND(O18,-1) -> 0 | D18: =ROUND(C18*$N18,-1) -> 0 | E18: =ROUND(D18*$N18,-1) -> 0 | F18: =ROUND(E18*$N18,-1) -> 0 | G18: =ROUND(F18*$N18,-1) -> 0 | H18: =ROUND(G18*$N18,-1) -> 0 | I18: =ROUND(H18*$N18,-1) -> 0 | J18: =ROUND(I18*$N18,-1) -> 0 | K18: =ROUND(J18*$N18,-1) -> 0 | L18: =ROUND(K18*$N18,-1) -> 0 | N18: 1.1
A19: =COUNTA($B$4:B19) -> 15 | B19: Bảo vệ | C19: =ROUND(O19,-1) -> 0 | D19: =ROUND(C19*$N19,-1) -> 0 | E19: =ROUND(D19*$N19,-1) -> 0 | F19: =ROUND(E19*$N19,-1) -> 0 | G19: =ROUND(F19*$N19,-1) -> 0 | H19: =ROUND(G19*$N19,-1) -> 0 | I19: =ROUND(H19*$N19,-1) -> 0 | J19: =ROUND(I19*$N19,-1) -> 0 | K19: =ROUND(J19*$N19,-1) -> 0 | L19: =ROUND(K19*$N19,-1) -> 0 | N19: 1.05
A20: =COUNTA($B$4:B20) -> 16 | B20: Tạp vụ | C20: =ROUND(O20,-1) -> 0 | D20: =ROUND(C20*$N20,-1) -> 0 | E20: =ROUND(D20*$N20,-1) -> 0 | F20: =ROUND(E20*$N20,-1) -> 0 | G20: =ROUND(F20*$N20,-1) -> 0 | H20: =ROUND(G20*$N20,-1) -> 0 | I20: =ROUND(H20*$N20,-1) -> 0 | J20: =ROUND(I20*$N20,-1) -> 0 | K20: =ROUND(J20*$N20,-1) -> 0 | L20: =ROUND(K20*$N20,-1) -> 0 | N20: 1.05
A21: =COUNTA($B$4:B21) -> 17 | B21: GIÁM ĐỐC TCKT | C21: =ROUND(D21/N21,-1) -> 0 | D21: =ROUND(E21/N21,-1) -> 0 | E21: =ROUND(O21,-1) -> 0 | F21: =ROUND(E21*$N21,-1) -> 0 | G21: =ROUND(F21*$N21,-1) -> 0 | H21: =ROUND(G21*$N21,-1) -> 0 | I21: =ROUND(H21*$N21,-1) -> 0 | J21: =ROUND(I21*$N21,-1) -> 0 | K21: =ROUND(J21*$N21,-1) -> 0 | L21: =ROUND(K21*$N21,-1) -> 0 | N21: 1.2
A22: =COUNTA($B$4:B22) -> 18 | B22: Chuyên viên tài chính | C22: =ROUND(O22,-1) -> 0 | D22: =ROUND(C22*$N22,-1) -> 0 | E22: =ROUND(D22*$N22,-1) -> 0 | F22: =ROUND(E22*$N22,-1) -> 0 | G22: =ROUND(F22*$N22,-1) -> 0 | H22: =ROUND(G22*$N22,-1) -> 0 | I22: =ROUND(H22*$N22,-1) -> 0 | J22: =ROUND(I22*$N22,-1) -> 0 | K22: =ROUND(J22*$N22,-1) -> 0 | L22: =ROUND(K22*$N22,-1) -> 0 | N22: 1.2
A23: =COUNTA($B$4:B23) -> 19 | B23: Kế toán quản trị | C23: =ROUND(O23,-1) -> 0 | D23: =ROUND(C23*$N23,-1) -> 0 | E23: =ROUND(D23*$N23,-1) -> 0 | F23: =ROUND(E23*$N23,-1) -> 0 | G23: =ROUND(F23*$N23,-1) -> 0 | H23: =ROUND(G23*$N23,-1) -> 0 | I23: =ROUND(H23*$N23,-1) -> 0 | J23: =ROUND(I23*$N23,-1) -> 0 | K23: =ROUND(J23*$N23,-1) -> 0 | L23: =ROUND(K23*$N23,-1) -> 0 | N23: 1.12
A24: =COUNTA($B$4:B24) -> 20 | B24: Kế toán ………… | D24: =ROUND(C24*$N24,-1) -> 0 | E24: =ROUND(D24*$N24,-1) -> 0 | F24: =ROUND(E24*$N24,-1) -> 0 | G24: =ROUND(F24*$N24,-1) -> 0 | H24: =ROUND(G24*$N24,-1) -> 0 | I24: =ROUND(H24*$N24,-1) -> 0 | J24: =ROUND(I24*$N24,-1) -> 0 | K24: =ROUND(J24*$N24,-1) -> 0 | L24: =ROUND(K24*$N24,-1) -> 0 | N24: 1.1
A25: =COUNTA($B$4:B25) -> 21 | B25: Kế toán quản lý nội bộ | C25: =ROUND(O25,-1) -> 0 | D25: =ROUND(C25*$N25,-1) -> 0 | E25: =ROUND(D25*$N25,-1) -> 0 | F25: =ROUND(E25*$N25,-1) -> 0 | G25: =ROUND(F25*$N25,-1) -> 0 | H25: =ROUND(G25*$N25,-1) -> 0 | I25: =ROUND(H25*$N25,-1) -> 0 | J25: =ROUND(I25*$N25,-1) -> 0 | K25: =ROUND(J25*$N25,-1) -> 0 | L25: =ROUND(K25*$N25,-1) -> 0 | N25: 1.13
A26: =COUNTA($B$4:B26) -> 22 | B26: Kế toán quản lý thuế | C26: =ROUND(O26,-1) -> 0 | D26: =ROUND(C26*$N26,-1) -> 0 | E26: =ROUND(D26*$N26,-1) -> 0 | F26: =ROUND(E26*$N26,-1) -> 0 | G26: =ROUND(F26*$N26,-1) -> 0 | H26: =ROUND(G26*$N26,-1) -> 0 | I26: =ROUND(H26*$N26,-1) -> 0 | J26: =ROUND(I26*$N26,-1) -> 0 | K26: =ROUND(J26*$N26,-1) -> 0 | L26: =ROUND(K26*$N26,-1) -> 0 | N26: 1.13
A27: =COUNTA($B$4:B27) -> 23 | B27: Kế toán thuế | C27: =ROUND(O27,-1) -> 0 | D27: =ROUND(C27*$N27,-1) -> 0 | E27: =ROUND(D27*$N27,-1) -> 0 | F27: =ROUND(E27*$N27,-1) -> 0 | G27: =ROUND(F27*$N27,-1) -> 0 | H27: =ROUND(G27*$N27,-1) -> 0 | I27: =ROUND(H27*$N27,-1) -> 0 | J27: =ROUND(I27*$N27,-1) -> 0 | K27: =ROUND(J27*$N27,-1) -> 0 | L27: =ROUND(K27*$N27,-1) -> 0 | N27: 1.1
A28: =COUNTA($B$4:B28) -> 24 | B28: Kế toán nội bộ | C28: =ROUND(O28,-1) -> 0 | D28: =ROUND(C28*$N28,-1) -> 0 | E28: =ROUND(D28*$N28,-1) -> 0 | F28: =ROUND(E28*$N28,-1) -> 0 | G28: =ROUND(F28*$N28,-1) -> 0 | H28: =ROUND(G28*$N28,-1) -> 0 | I28: =ROUND(H28*$N28,-1) -> 0 | J28: =ROUND(I28*$N28,-1) -> 0 | K28: =ROUND(J28*$N28,-1) -> 0 | L28: =ROUND(K28*$N28,-1) -> 0 | N28: 1.1
A29: =COUNTA($B$4:B29) -> 25 | B29: Nhân viên thu hồi công nợ | C29: =ROUND(O29,-1) -> 0 | D29: =ROUND(C29*$N29,-1) -> 0 | E29: =ROUND(D29*$N29,-1) -> 0 | F29: =ROUND(E29*$N29,-1) -> 0 | G29: =ROUND(F29*$N29,-1) -> 0 | H29: =ROUND(G29*$N29,-1) -> 0 | I29: =ROUND(H29*$N29,-1) -> 0 | J29: =ROUND(I29*$N29,-1) -> 0 | K29: =ROUND(J29*$N29,-1) -> 0 | L29: =ROUND(K29*$N29,-1) -> 0 | N29: 1.1
A30: =COUNTA($B$4:B30) -> 26 | B30: Thủ quỹ | C30: =ROUND(O30,-1) -> 0 | D30: =ROUND(C30*$N30,-1) -> 0 | E30: =ROUND(D30*$N30,-1) -> 0 | F30: =ROUND(E30*$N30,-1) -> 0 | G30: =ROUND(F30*$N30,-1) -> 0 | H30: =ROUND(G30*$N30,-1) -> 0 | I30: =ROUND(H30*$N30,-1) -> 0 | J30: =ROUND(I30*$N30,-1) -> 0 | K30: =ROUND(J30*$N30,-1) -> 0 | L30: =ROUND(K30*$N30,-1) -> 0 | N30: 1.1
A31: =COUNTA($B$4:B31) -> 27 | B31: Quản lý trạm cân | C31: =ROUND(O31,-1) -> 0 | D31: =ROUND(C31*$N31,-1) -> 0 | E31: =ROUND(D31*$N31,-1) -> 0 | F31: =ROUND(E31*$N31,-1) -> 0 | G31: =ROUND(F31*$N31,-1) -> 0 | H31: =ROUND(G31*$N31,-1) -> 0 | I31: =ROUND(H31*$N31,-1) -> 0 | J31: =ROUND(I31*$N31,-1) -> 0 | K31: =ROUND(J31*$N31,-1) -> 0 | L31: =ROUND(K31*$N31,-1) -> 0 | N31: 1.11
A32: =COUNTA($B$4:B76) -> 72 | B32: NV trạm cân | C32: =ROUND(O32,-1) -> 0 | D32: =ROUND(C32*$N32,-1) -> 0 | E32: =ROUND(D32*$N32,-1) -> 0 | F32: =ROUND(E32*$N32,-1) -> 0 | G32: =ROUND(F32*$N32,-1) -> 0 | H32: =ROUND(G32*$N32,-1) -> 0 | I32: =ROUND(H32*$N32,-1) -> 0 | J32: =ROUND(I32*$N32,-1) -> 0 | K32: =ROUND(J32*$N32,-1) -> 0 | L32: =ROUND(K32*$N32,-1) -> 0 | N32: 1.1
A33: =COUNTA($B$4:B33) -> 29 | B33: TRƯỞNG BAN DỰ ÁN CÔNG | C33: =ROUND(D33/N33,-1) -> 0 | D33: =ROUND(E33/N33,-1) -> 0 | E33: =ROUND(O33,-1) -> 0 | F33: =ROUND(E33*$N33,-1) -> 0 | G33: =ROUND(F33*$N33,-1) -> 0 | H33: =ROUND(G33*$N33,-1) -> 0 | I33: =ROUND(H33*$N33,-1) -> 0 | J33: =ROUND(I33*$N33,-1) -> 0 | K33: =ROUND(J33*$N33,-1) -> 0 | L33: =ROUND(K33*$N33,-1) -> 0 | N33: 1.2
A34: =COUNTA($B$4:B34) -> 30 | B34: NV nghiệm thu thanh toán | C34: =ROUND(O34,-1) -> 0 | D34: =ROUND(C34*$N34,-1) -> 0 | E34: =ROUND(D34*$N34,-1) -> 0 | F34: =ROUND(E34*$N34,-1) -> 0 | G34: =ROUND(F34*$N34,-1) -> 0 | H34: =ROUND(G34*$N34,-1) -> 0 | I34: =ROUND(H34*$N34,-1) -> 0 | J34: =ROUND(I34*$N34,-1) -> 0 | K34: =ROUND(J34*$N34,-1) -> 0 | L34: =ROUND(K34*$N34,-1) -> 0 | N34: 1.1
A35: =COUNTA($B$4:B35) -> 31 | B35: NV triển khai thực hiện dự án | C35: =ROUND(O35,-1) -> 0 | D35: =ROUND(C35*$N35,-1) -> 0 | E35: =ROUND(D35*$N35,-1) -> 0 | F35: =ROUND(E35*$N35,-1) -> 0 | G35: =ROUND(F35*$N35,-1) -> 0 | H35: =ROUND(G35*$N35,-1) -> 0 | I35: =ROUND(H35*$N35,-1) -> 0 | J35: =ROUND(I35*$N35,-1) -> 0 | K35: =ROUND(J35*$N35,-1) -> 0 | L35: =ROUND(K35*$N35,-1) -> 0 | N35: 1.1
A36: =COUNTA($B$4:B36) -> 32 | B36: TRƯỞNG BAN DỰ ÁN NGHIÊN CỨU | C36: =ROUND(D36/N36,-1) -> 0 | D36: =ROUND(E36/N36,-1) -> 0 | E36: =ROUND(O36,-1) -> 0 | F36: =ROUND(E36*$N36,-1) -> 0 | G36: =ROUND(F36*$N36,-1) -> 0 | H36: =ROUND(G36*$N36,-1) -> 0 | I36: =ROUND(H36*$N36,-1) -> 0 | J36: =ROUND(I36*$N36,-1) -> 0 | K36: =ROUND(J36*$N36,-1) -> 0 | L36: =ROUND(K36*$N36,-1) -> 0 | N36: 1.2
A37: =COUNTA($B$4:B37) -> 33 | B37: CV dự án nghiên cứu | C37: =ROUND(O37,-1) -> 0 | D37: =ROUND(C37*$N37,-1) -> 0 | E37: =ROUND(D37*$N37,-1) -> 0 | F37: =ROUND(E37*$N37,-1) -> 0 | G37: =ROUND(F37*$N37,-1) -> 0 | H37: =ROUND(G37*$N37,-1) -> 0 | I37: =ROUND(H37*$N37,-1) -> 0 | J37: =ROUND(I37*$N37,-1) -> 0 | K37: =ROUND(J37*$N37,-1) -> 0 | L37: =ROUND(K37*$N37,-1) -> 0 | N37: 1.11
A38: =COUNTA($B$4:B38) -> 34 | B38: TRƯỞNG BAN KẾ HOẠCH VẬT TƯ | C38: =ROUND(D38/N38,-1) -> 0 | D38: =ROUND(E38/N38,-1) -> 0 | E38: =ROUND(O38,-1) -> 0 | F38: =ROUND(E38*$N38,-1) -> 0 | G38: =ROUND(F38*$N38,-1) -> 0 | H38: =ROUND(G38*$N38,-1) -> 0 | I38: =ROUND(H38*$N38,-1) -> 0 | J38: =ROUND(I38*$N38,-1) -> 0 | K38: =ROUND(J38*$N38,-1) -> 0 | L38: =ROUND(K38*$N38,-1) -> 0 | N38: 1.2
A39: =COUNTA($B$4:B39) -> 35 | B39: CV thu mua vật tư | C39: =ROUND(O39,-1) -> 0 | D39: =ROUND(C39*$N39,-1) -> 0 | E39: =ROUND(D39*$N39,-1) -> 0 | F39: =ROUND(E39*$N39,-1) -> 0 | G39: =ROUND(F39*$N39,-1) -> 0 | H39: =ROUND(G39*$N39,-1) -> 0 | I39: =ROUND(H39*$N39,-1) -> 0 | J39: =ROUND(I39*$N39,-1) -> 0 | K39: =ROUND(J39*$N39,-1) -> 0 | L39: =ROUND(K39*$N39,-1) -> 0 | N39: 1.11
B40: NV Thu mua MMTB | C40: =ROUND(D40/$N40,-1) -> 0 | D40: =ROUND(E40/$N40,-1) -> 0 | E40: =ROUND(F40/$N40,-1) -> 0 | F40: =C39 -> 0 | G40: =ROUND(F40*$N40,-1) -> 0 | H40: =ROUND(G40*$N40,-1) -> 0 | I40: =ROUND(H40*$N40,-1) -> 0 | J40: =ROUND(I40*$N40,-1) -> 0 | K40: =ROUND(J40*$N40,-1) -> 0 | L40: =ROUND(K40*$N40,-1) -> 0 | N40: 1.1
A41: =COUNTA($B$4:B41) -> 37 | B41: CV thu mua MMTB | C41: =ROUND(O41,-1) -> 0 | D41: =ROUND(C41*$N41,-1) -> 0 | E41: =ROUND(D41*$N41,-1) -> 0 | F41: =ROUND(E41*$N41,-1) -> 0 | G41: =ROUND(F41*$N41,-1) -> 0 | H41: =ROUND(G41*$N41,-1) -> 0 | I41: =ROUND(H41*$N41,-1) -> 0 | J41: =ROUND(I41*$N41,-1) -> 0 | K41: =ROUND(J41*$N41,-1) -> 0 | L41: =ROUND(K41*$N41,-1) -> 0 | N41: 1.11
A42: =COUNTA($B$4:B42) -> 38 | B42: CV kế hoạch tổng hợp | C42: =ROUND(D42/N42,-1) -> 0 | D42: =ROUND(O42,-1) -> 0 | E42: =ROUND(D42*$N42,-1) -> 0 | F42: =ROUND(E42*$N42,-1) -> 0 | G42: =ROUND(F42*$N42,-1) -> 0 | H42: =ROUND(G42*$N42,-1) -> 0 | I42: =ROUND(H42*$N42,-1) -> 0 | J42: =ROUND(I42*$N42,-1) -> 0 | K42: =ROUND(J42*$N42,-1) -> 0 | L42: =ROUND(K42*$N42,-1) -> 0 | N42: 1.11
A43: =COUNTA($B$4:B43) -> 39 | B43: GIÁM ĐỐC LOGISTICS | C43: =ROUND(D43/N43,-1) -> 0 | D43: =ROUND(E43/N43,-1) -> 0 | E43: =ROUND(O43,-1) -> 0 | F43: =ROUND(E43*$N43,-1) -> 0 | G43: =ROUND(F43*$N43,-1) -> 0 | H43: =ROUND(G43*$N43,-1) -> 0 | I43: =ROUND(H43*$N43,-1) -> 0 | J43: =ROUND(I43*$N43,-1) -> 0 | K43: =ROUND(J43*$N43,-1) -> 0 | L43: =ROUND(K43*$N43,-1) -> 0 | N43: 1.2
A44: =COUNTA($B$4:B44) -> 40 | B44: Admin Kho/ Kế toán kho | C44: =ROUND(O44,-1) -> 0 | D44: =ROUND(C44*$N44,-1) -> 0 | E44: =ROUND(D44*$N44,-1) -> 0 | F44: =ROUND(E44*$N44,-1) -> 0 | G44: =ROUND(F44*$N44,-1) -> 0 | H44: =ROUND(G44*$N44,-1) -> 0 | I44: =ROUND(H44*$N44,-1) -> 0 | J44: =ROUND(I44*$N44,-1) -> 0 | K44: =ROUND(J44*$N44,-1) -> 0 | L44: =ROUND(K44*$N44,-1) -> 0 | N44: 1.1 | P44: =B13 -> Nhân viên hành chính/ HCNS NM
B45: Admin điều vận | C45: =ROUND(O45,-1) -> 0 | D45: =ROUND(C45*$N45,-1) -> 0 | E45: =ROUND(D45*$N45,-1) -> 0 | F45: =ROUND(E45*$N45,-1) -> 0 | G45: =ROUND(F45*$N45,-1) -> 0 | H45: =ROUND(G45*$N45,-1) -> 0 | I45: =ROUND(H45*$N45,-1) -> 0 | J45: =ROUND(I45*$N45,-1) -> 0 | K45: =ROUND(J45*$N45,-1) -> 0 | L45: =ROUND(K45*$N45,-1) -> 0 | N45: 1.1
A46: =COUNTA($B$4:B46) -> 42 | B46: Giám sát kho | C46: =ROUND(O46,-1) -> 0 | D46: =ROUND(C46*$N46,-1) -> 0 | E46: =ROUND(D46*$N46,-1) -> 0 | F46: =ROUND(E46*$N46,-1) -> 0 | G46: =ROUND(F46*$N46,-1) -> 0 | H46: =ROUND(G46*$N46,-1) -> 0 | I46: =ROUND(H46*$N46,-1) -> 0 | J46: =ROUND(I46*$N46,-1) -> 0 | K46: =ROUND(J46*$N46,-1) -> 0 | L46: =ROUND(K46*$N46,-1) -> 0 | N46: 1.11
A47: =COUNTA($B$4:B47) -> 43 | B47: NV kho | C47: =ROUND(O47,-1) -> 0 | D47: =ROUND(C47*$N47,-1) -> 0 | E47: =ROUND(D47*$N47,-1) -> 0 | F47: =ROUND(E47*$N47,-1) -> 0 | G47: =ROUND(F47*$N47,-1) -> 0 | H47: =ROUND(G47*$N47,-1) -> 0 | I47: =ROUND(H47*$N47,-1) -> 0 | J47: =ROUND(I47*$N47,-1) -> 0 | K47: =ROUND(J47*$N47,-1) -> 0 | L47: =ROUND(K47*$N47,-1) -> 0 | N47: 1.1
A48: =COUNTA($B$4:B48) -> 44 | B48: Trưởng đội vận chuyển | D48: =ROUND(E48/$N$48,-1) -> 0 | E48: =ROUND(F48/$N$48,-1) -> 0 | F48: =ROUND(G48/$N$48,-1) -> 0 | G48: =ROUND(H48/$N$48,-1) -> 0 | I48: =H48*$N$48 -> 0 | J48: =I48*$N$48 -> 0 | K48: =J48*$N$48 -> 0 | L48: =K48*$N$48 -> 0 | N48: 1.07
A49: =COUNTA($B$4:B49) -> 45 | B49: Tài xế | C49: =ROUND(D49/$N$49,-1) -> 0 | D49: =ROUND(E49/$N$49,-1) -> 0 | E49: =ROUND(F49/$N$49,-1) -> 0 | F49: =ROUND(G49/$N$49,-1) -> 0 | G49: =ROUND(H49/$N$49,-1) -> 0 | H49: =ROUND(I49/$N$49,-1) -> 0 | I49: =ROUND(J49/$N$49,-1) -> 0 | J49: =ROUND(K49/$N$49,-1) -> 0 | K49: =ROUND(L49/$N$49,-1) -> 0 | N49: 1.05
A50: =COUNTA($B$4:B50) -> 46 | B50: Phụ xe | C50: =ROUND(O50,-1) -> 0 | D50: =ROUND(C50*$N50,-1) -> 0 | E50: =ROUND(D50*$N50,-1) -> 0 | F50: =ROUND(E50*$N50,-1) -> 0 | G50: =ROUND(F50*$N50,-1) -> 0 | H50: =ROUND(G50*$N50,-1) -> 0 | I50: =ROUND(H50*$N50,-1) -> 0 | J50: =ROUND(I50*$N50,-1) -> 0 | K50: =ROUND(J50*$N50,-1) -> 0 | L50: =ROUND(K50*$N50,-1) -> 0 | N50: 1.05
A51: =COUNTA($B$4:B51) -> 47 | B51: Trưởng đội giao nhận | C51: =ROUND(D51/$N$51,-1) -> 0 | D51: =ROUND(E51/$N$51,-1) -> 0 | F51: =E51*$N$51 -> 0 | G51: =F51*$N$51 -> 0 | H51: =G51*$N$51 -> 0 | I51: =H51*$N$51 -> 0 | J51: =I51*$N$51 -> 0 | K51: =J51*$N$51 -> 0 | L51: =K51*$N$51 -> 0 | N51: 1.07
A52: =COUNTA($B$4:B52) -> 48 | B52: NV giao nhận | C52: =ROUND(O52,-1) -> 0 | D52: =ROUND(C52*$N52,-1) -> 0 | E52: =ROUND(D52*$N52,-1) -> 0 | F52: =ROUND(E52*$N52,-1) -> 0 | G52: =ROUND(F52*$N52,-1) -> 0 | H52: =ROUND(G52*$N52,-1) -> 0 | I52: =ROUND(H52*$N52,-1) -> 0 | J52: =ROUND(I52*$N52,-1) -> 0 | K52: =ROUND(J52*$N52,-1) -> 0 | L52: =ROUND(K52*$N52,-1) -> 0 | N52: 1.05
B53: NV Giao nhận/ Phụ xe | C53: =O53 -> 0 | D53: =ROUND(C53*$N53,-1) -> 0 | E53: =ROUND(D53*$N53,-1) -> 0 | F53: =ROUND(E53*$N53,-1) -> 0 | G53: =ROUND(F53*$N53,-1) -> 0 | H53: =ROUND(G53*$N53,-1) -> 0 | I53: =ROUND(H53*$N53,-1) -> 0 | J53: =ROUND(I53*$N53,-1) -> 0 | K53: =ROUND(J53*$N53,-1) -> 0 | L53: =ROUND(K53*$N53,-1) -> 0 | N53: 1.05
A54: =COUNTA($B$4:B54) -> 50 | B54: GIÁM ĐỐC TTNC | C54: =D54/N54 -> 0 | D54: =E54/N54 -> 0 | E54: =ROUND(O54,-1) -> 0 | F54: =ROUND(E54*$N54,-1) -> 0 | G54: =ROUND(F54*$N54,-1) -> 0 | H54: =ROUND(G54*$N54,-1) -> 0 | I54: =ROUND(H54*$N54,-1) -> 0 | J54: =ROUND(I54*$N54,-1) -> 0 | K54: =ROUND(J54*$N54,-1) -> 0 | L54: =ROUND(K54*$N54,-1) -> 0 | N54: 1.2
A55: =COUNTA($B$4:B55) -> 51 | B55: CV nghiên cứu KHCN | C55: =ROUND(D55/N55,-1) -> 0 | D55: =ROUND(O55,-1) -> 0 | E55: =ROUND(D55*$N55,-1) -> 0 | F55: =ROUND(E55*$N55,-1) -> 0 | G55: =ROUND(F55*$N55,-1) -> 0 | H55: =ROUND(G55*$N55,-1) -> 0 | I55: =ROUND(H55*$N55,-1) -> 0 | J55: =ROUND(I55*$N55,-1) -> 0 | K55: =ROUND(J55*$N55,-1) -> 0 | L55: =ROUND(K55*$N55,-1) -> 0 | N55: 1.11
A56: =COUNTA($B$4:B56) -> 52 | B56: CV môi trường | C56: =ROUND(D56/N56,-1) -> 0 | D56: =ROUND(O56,-1) -> 0 | E56: =ROUND(D56*$N56,-1) -> 0 | F56: =ROUND(E56*$N56,-1) -> 0 | G56: =ROUND(F56*$N56,-1) -> 0 | H56: =ROUND(G56*$N56,-1) -> 0 | I56: =ROUND(H56*$N56,-1) -> 0 | J56: =ROUND(I56*$N56,-1) -> 0 | K56: =ROUND(J56*$N56,-1) -> 0 | L56: =ROUND(K56*$N56,-1) -> 0 | N56: 1.11
A57: =COUNTA($B$4:B57) -> 53 | B57: CV Phòng thí nghiệm (Quản lý PTN) | C57: =ROUND(D57/N57,-1) -> 0 | D57: =ROUND(O57,-1) -> 0 | E57: =ROUND(D57*$N57,-1) -> 0 | F57: =ROUND(E57*$N57,-1) -> 0 | G57: =ROUND(F57*$N57,-1) -> 0 | H57: =ROUND(G57*$N57,-1) -> 0 | I57: =ROUND(H57*$N57,-1) -> 0 | J57: =ROUND(I57*$N57,-1) -> 0 | K57: =ROUND(J57*$N57,-1) -> 0 | L57: =ROUND(K57*$N57,-1) -> 0 | N57: 1.11
A58: =COUNTA($B$4:B58) -> 54 | B58: NV Phòng thí nghiệm | C58: =ROUND(O58,-1) -> 0 | D58: =ROUND(C58*$N58,-1) -> 0 | E58: =ROUND(D58*$N58,-1) -> 0 | F58: =ROUND(E58*$N58,-1) -> 0 | G58: =ROUND(F58*$N58,-1) -> 0 | H58: =ROUND(G58*$N58,-1) -> 0 | I58: =ROUND(H58*$N58,-1) -> 0 | J58: =ROUND(I58*$N58,-1) -> 0 | K58: =ROUND(J58*$N58,-1) -> 0 | L58: =ROUND(K58*$N58,-1) -> 0 | N58: 1.1
A59: =COUNTA($B$4:B59) -> 55 | B59: CV nghiên cứu ứng dụng SP | C59: =ROUND(O59,-1) -> 0 | D59: =ROUND(C59*$N59,-1) -> 0 | E59: =ROUND(D59*$N59,-1) -> 0 | F59: =ROUND(E59*$N59,-1) -> 0 | G59: =ROUND(F59*$N59,-1) -> 0 | H59: =ROUND(G59*$N59,-1) -> 0 | I59: =ROUND(H59*$N59,-1) -> 0 | J59: =ROUND(I59*$N59,-1) -> 0 | K59: =ROUND(J59*$N59,-1) -> 0 | L59: =ROUND(K59*$N59,-1) -> 0 | N59: 1.11
A60: =COUNTA($B$4:B120) -> 115 | B60: Công nhân các BP Nghiên cứu | C60: =ROUND(O60,-1) -> 0 | D60: =ROUND(C60*$N60,-1) -> 0 | E60: =ROUND(D60*$N60,-1) -> 0 | F60: =ROUND(E60*$N60,-1) -> 0 | G60: =ROUND(F60*$N60,-1) -> 0 | H60: =ROUND(G60*$N60,-1) -> 0 | I60: =ROUND(H60*$N60,-1) -> 0 | J60: =ROUND(I60*$N60,-1) -> 0 | K60: =ROUND(J60*$N60,-1) -> 0 | L60: =ROUND(K60*$N60,-1) -> 0 | N60: 1.05
A61: =COUNTA($B$4:B61) -> 57 | B61: TRƯỞNG BAN XÂY DỰNG CƠ BẢN | C61: =ROUND(D61/N61,-1) -> 0 | D61: =ROUND(E61/N61,-1) -> 0 | E61: =ROUND(O61,-1) -> 0 | F61: =ROUND(E61*$N61,-1) -> 0 | G61: =ROUND(F61*$N61,-1) -> 0 | H61: =ROUND(G61*$N61,-1) -> 0 | I61: =ROUND(H61*$N61,-1) -> 0 | J61: =ROUND(I61*$N61,-1) -> 0 | K61: =ROUND(J61*$N61,-1) -> 0 | L61: =ROUND(K61*$N61,-1) -> 0 | N61: 1.2
A62: =COUNTA($B$4:B62) -> 58 | B62: Trưởng BP thiết kế kỹ thuật | C62: =ROUND(O62,-1) -> 0 | D62: =ROUND(C62*$N62,-1) -> 0 | E62: =ROUND(D62*$N62,-1) -> 0 | F62: =ROUND(E62*$N62,-1) -> 0 | G62: =ROUND(F62*$N62,-1) -> 0 | H62: =ROUND(G62*$N62,-1) -> 0 | I62: =ROUND(H62*$N62,-1) -> 0 | J62: =ROUND(I62*$N62,-1) -> 0 | K62: =ROUND(J62*$N62,-1) -> 0 | L62: =ROUND(K62*$N62,-1) -> 0 | N62: 1.12
A63: =COUNTA($B$4:B63) -> 59 | B63: CV hoàn công thanh quyết toán | C63: =ROUND(D63/N63,-1) -> 0 | D63: =ROUND(O63,-1) -> 0 | E63: =ROUND(D63*$N63,-1) -> 0 | F63: =ROUND(E63*$N63,-1) -> 0 | G63: =ROUND(F63*$N63,-1) -> 0 | H63: =ROUND(G63*$N63,-1) -> 0 | I63: =ROUND(H63*$N63,-1) -> 0 | J63: =ROUND(I63*$N63,-1) -> 0 | K63: =ROUND(J63*$N63,-1) -> 0 | L63: =ROUND(K63*$N63,-2) -> 0 | N63: 1.11
A64: =COUNTA($B$4:B64) -> 60 | B64: CV KCS xây dựng | C64: =ROUND(D64/N64,-1) -> 0 | D64: =ROUND(O64,-1) -> 0 | E64: =ROUND(D64*$N64,-1) -> 0 | F64: =ROUND(E64*$N64,-1) -> 0 | G64: =ROUND(F64*$N64,-1) -> 0 | H64: =ROUND(G64*$N64,-1) -> 0 | I64: =ROUND(H64*$N64,-1) -> 0 | J64: =ROUND(I64*$N64,-1) -> 0 | K64: =ROUND(J64*$N64,-1) -> 0 | L64: =ROUND(K64*$N64,-2) -> 0 | N64: 1.11 | P64: =#REF! -> #REF!
A65: =COUNTA($B$4:B65) -> 61 | B65: Tổ trưởng thiết kế xây dựng | C65: =ROUND(O65,-1) -> 0 | D65: =ROUND(C65*$N65,-1) -> 0 | E65: =ROUND(D65*$N65,-1) -> 0 | F65: =ROUND(E65*$N65,-1) -> 0 | G65: =ROUND(F65*$N65,-1) -> 0 | H65: =ROUND(G65*$N65,-1) -> 0 | I65: =ROUND(H65*$N65,-1) -> 0 | J65: =ROUND(I65*$N65,-1) -> 0 | K65: =ROUND(J65*$N65,-1) -> 0 | L65: =ROUND(K65*$N65,-2) -> 0 | N65: 1.11 | P65: =#REF! -> #REF!
B66: NV thiết kế xây dựng | C66: =ROUND(O66,-1) -> 0 | D66: =ROUND(C66*$N66,-1) -> 0 | E66: =ROUND(D66*$N66,-1) -> 0 | F66: =ROUND(E66*$N66,-1) -> 0 | G66: =ROUND(F66*$N66,-1) -> 0 | H66: =ROUND(G66*$N66,-1) -> 0 | I66: =ROUND(H66*$N66,-1) -> 0 | J66: =ROUND(I66*$N66,-1) -> 0 | K66: =ROUND(J66*$N66,-1) -> 0 | L66: =ROUND(K66*$N66,-2) -> 0 | N66: 1.1
B67: Trưởng BP GS kỹ thuật | C67: =ROUND(O67,-1) -> 0 | D67: =ROUND(C67*$N67,-1) -> 0 | E67: =ROUND(D67*$N67,-1) -> 0 | F67: =ROUND(E67*$N67,-1) -> 0 | G67: =ROUND(F67*$N67,-1) -> 0 | H67: =ROUND(G67*$N67,-1) -> 0 | I67: =ROUND(H67*$N67,-1) -> 0 | J67: =ROUND(I67*$N67,-1) -> 0 | K67: =ROUND(J67*$N67,-1) -> 0 | L67: =ROUND(K67*$N67,-2) -> 0 | N67: 1.12
B68: CV trắc địa kỹ thuật - ATLĐ | C68: =ROUND(D68/N68,-1) -> 0 | D68: =ROUND(O68,-1) -> 0 | E68: =ROUND(D68*$N68,-1) -> 0 | F68: =ROUND(E68*$N68,-1) -> 0 | G68: =ROUND(F68*$N68,-1) -> 0 | H68: =ROUND(G68*$N68,-1) -> 0 | I68: =ROUND(H68*$N68,-1) -> 0 | J68: =ROUND(I68*$N68,-1) -> 0 | K68: =ROUND(J68*$N68,-1) -> 0 | L68: =ROUND(K68*$N68,-2) -> 0 | N68: 1.11
A69: =COUNTA($B$4:B69) -> 65 | B69: CV giám sát thi công | C69: =ROUND(D69/N69,-1) -> 0 | D69: =ROUND(O69,-1) -> 0 | E69: =ROUND(D69*$N69,-1) -> 0 | F69: =ROUND(E69*$N69,-1) -> 0 | G69: =ROUND(F69*$N69,-1) -> 0 | H69: =ROUND(G69*$N69,-1) -> 0 | I69: =ROUND(H69*$N69,-1) -> 0 | J69: =ROUND(I69*$N69,-1) -> 0 | K69: =ROUND(J69*$N69,-1) -> 0 | L69: =ROUND(K69*$N69,-2) -> 0 | N69: 1.11
A70: =COUNTA($B$4:B70) -> 66 | B70: GIÁM ĐỐC KINH DOANH | C70: =ROUND(D70/N70,-1) -> 0 | D70: =ROUND(E70/N70,-1) -> 0 | E70: =ROUND(O70,-1) -> 0 | F70: =ROUND(E70*$N70,-1) -> 0 | G70: =ROUND(F70*$N70,-1) -> 0 | H70: =ROUND(G70*$N70,-1) -> 0 | I70: =ROUND(H70*$N70,-1) -> 0 | J70: =ROUND(I70*$N70,-1) -> 0 | K70: =ROUND(J70*$N70,-1) -> 0 | L70: =ROUND(K70*$N70,-1) -> 0 | N70: 1.2 | P70: KD còn tính phần doanh thu nên khoảng cách các bậc nhỏ hơn các vị trí khác
A71: =COUNTA($B$4:B71) -> 67 | B71: Sale admin | C71: =ROUND(D71/$N$71,-1) -> 0 | D71: =ROUND(E71/$N$71,-1) -> 0 | E71: =ROUND(F71/$N$71,-1) -> 0 | F71: =ROUND(G71/$N$71,-1) -> 0 | G71: =ROUND(H71/$N$71,-1) -> 0 | H71: =ROUND(O71,-1) -> 0 | I71: =ROUND(H71*$N71,-1) -> 0 | J71: =ROUND(I71*$N71,-1) -> 0 | K71: =ROUND(J71*$N71,-1) -> 0 | L71: =ROUND(K71*$N71,-1) -> 0 | N71: 1.05
A72: =COUNTA($B$4:B72) -> 68 | B72: Trưởng sale TP | C72: =ROUND(D72/$N$72,-1) -> 0 | D72: =ROUND(E72/$N$72,-1) -> 0 | E72: =ROUND(F72/$N$72,-1) -> 0 | F72: =ROUND(O72,-1) -> 0 | G72: =ROUND(F72*$N72,-1) -> 0 | H72: =ROUND(G72*$N72,-1) -> 0 | I72: =ROUND(H72*$N72,-1) -> 0 | J72: =ROUND(I72*$N72,-1) -> 0 | K72: =ROUND(J72*$N72,-1) -> 0 | L72: =ROUND(K72*$N72,-1) -> 0 | N72: 1.07
A73: =COUNTA($B$4:B73) -> 69 | B73: NV sale | C73: =ROUND(D73/$N$73,-1) -> 0 | D73: =ROUND(E73/$N$73,-1) -> 0 | E73: =ROUND(F73/$N$73,-1) -> 0 | F73: =ROUND(G73/$N$73,-1) -> 0 | G73: =ROUND(H73/$N$73,-1) -> 0 | H73: =ROUND(I73/$N$73,-1) -> 0 | I73: =ROUND(J73/$N$73,-1) -> 0 | J73: =ROUND(K73/$N$73,-1) -> 0 | K73: =ROUND(O73,-1) -> 0 | L73: =ROUND(K73*$N73,-1) -> 0 | N73: 1.05
A74: =COUNTA($B$4:B74) -> 70 | B74: Trưởng sale Tỉnh | C74: =ROUND(D74/$N$74,-1) -> 0 | D74: =ROUND(E74/$N$74,-1) -> 0 | E74: =ROUND(F74/$N$74,-1) -> 0 | F74: =ROUND(O74,-1) -> 0 | G74: =ROUND(F74*$N74,-1) -> 0 | H74: =ROUND(G74*$N74,-1) -> 0 | I74: =ROUND(H74*$N74,-1) -> 0 | J74: =ROUND(I74*$N74,-1) -> 0 | K74: =ROUND(J74*$N74,-1) -> 0 | L74: =ROUND(K74*$N74,-1) -> 0 | N74: 1.07
A75: =COUNTA($B$4:B75) -> 71 | B75: NV sale Tỉnh | C75: =ROUND(O75,-1) -> 0 | D75: =ROUND(C75*$N75,-1) -> 0 | E75: =ROUND(D75*$N75,-1) -> 0 | F75: =ROUND(E75*$N75,-1) -> 0 | G75: =ROUND(F75*$N75,-1) -> 0 | H75: =ROUND(G75*$N75,-1) -> 0 | I75: =ROUND(H75*$N75,-1) -> 0 | J75: =ROUND(I75*$N75,-1) -> 0 | K75: =ROUND(J75*$N75,-1) -> 0 | L75: =ROUND(K75*$N75,-1) -> 0 | N75: 1.05
A76: =COUNTA($B$4:B76) -> 72 | B76: GIÁM ĐỐC NHÀ MÁY | C76: =ROUND(D76/N76,-1) -> 0 | D76: =ROUND(E76/N76,-1) -> 0 | E76: =ROUND(O76,-1) -> 0 | F76: =ROUND(E76*$N76,-1) -> 0 | G76: =ROUND(F76*$N76,-1) -> 0 | H76: =ROUND(G76*$N76,-1) -> 0 | I76: =ROUND(H76*$N76,-1) -> 0 | J76: =ROUND(I76*$N76,-1) -> 0 | K76: =ROUND(J76*$N76,-1) -> 0 | L76: =ROUND(K76*$N76,-1) -> 0 | N76: 1.2
A77: =COUNTA($B$4:B106) -> 102 | B77: Phó Giám đốc khối quản lý chất lượng | D77: =ROUND(C77*$N77,-2) -> 0 | E77: =ROUND(D77*$N77,-2) -> 0 | F77: =ROUND(E77*$N77,-1) -> 0 | G77: =ROUND(F77*$N77,-1) -> 0 | H77: =ROUND(G77*$N77,-1) -> 0 | I77: =ROUND(H77*$N77,-1) -> 0 | J77: =ROUND(I77*$N77,-1) -> 0 | K77: =ROUND(J77*$N77,-1) -> 0 | L77: =ROUND(K77*$N77,-1) -> 0 | N77: 1.15
A78: =COUNTA($B$4:B78) -> 74 | B78: Trưởng phòng điều độ nhân lực | C78: =ROUND(O78,-1) -> 0 | D78: =ROUND(C78*$N78,-1) -> 0 | E78: =ROUND(D78*$N78,-1) -> 0 | F78: =ROUND(E78*$N78,-1) -> 0 | G78: =ROUND(F78*$N78,-1) -> 0 | H78: =ROUND(G78*$N78,-1) -> 0 | I78: =ROUND(H78*$N78,-1) -> 0 | J78: =ROUND(I78*$N78,-1) -> 0 | K78: =ROUND(J78*$N78,-1) -> 0 | L78: =ROUND(K78*$N78,-1) -> 0 | N78: 1.12 | Q78: Huệ
A79: =COUNTA($B$4:B79) -> 75 | B79: Tổ trưởng bảo vệ | C79: =C80 -> 0 | D79: =ROUND(C79*$N79,-1) -> 0 | E79: =ROUND(D79*$N79,-1) -> 0 | F79: =ROUND(E79*$N79,-1) -> 0 | G79: =ROUND(F79*$N79,-1) -> 0 | H79: =ROUND(G79*$N79,-1) -> 0 | I79: =ROUND(H79*$N79,-1) -> 0 | J79: =ROUND(I79*$N79,-1) -> 0 | K79: =ROUND(J79*$N79,-1) -> 0 | L79: =ROUND(K79*$N79,-1) -> 0 | N79: 1.11 | P79: ca làm 12 tiếng = mức NV hành chính
A80: =COUNTA($B$4:B80) -> 76 | B80: Tổ trưởng nhân lực sản xuất | C80: =ROUND(O80,-1) -> 0 | D80: =ROUND(C80*$N80,-1) -> 0 | E80: =ROUND(D80*$N80,-1) -> 0 | F80: =ROUND(E80*$N80,-1) -> 0 | G80: =ROUND(F80*$N80,-1) -> 0 | H80: =ROUND(G80*$N80,-1) -> 0 | I80: =ROUND(H80*$N80,-1) -> 0 | J80: =ROUND(I80*$N80,-1) -> 0 | K80: =ROUND(J80*$N80,-1) -> 0 | L80: =ROUND(K80*$N80,-1) -> 0 | N80: 1.07 | Q80: hoàng
A81: =COUNTA($B$4:B81) -> 77 | B81: Công nhân sản xuất | C81: =ROUND(O81,-1) -> 0 | D81: =ROUND(C81*$N81,-1) -> 0 | E81: =ROUND(D81*$N81,-1) -> 0 | F81: =ROUND(E81*$N81,-1) -> 0 | G81: =ROUND(F81*$N81,-1) -> 0 | H81: =ROUND(G81*$N81,-1) -> 0 | I81: =ROUND(H81*$N81,-1) -> 0 | J81: =ROUND(I81*$N81,-1) -> 0 | K81: =ROUND(J81*$N81,-1) -> 0 | L81: =ROUND(K81*$N81,-1) -> 0 | N81: 1.05
A82: =COUNTA($B$4:B82) -> 78 | B82: Tổ trưởng nhân lực xử lý bùn | C82: =ROUND(O82,-1) -> 0 | D82: =ROUND(C82*$N82,-1) -> 0 | E82: =ROUND(D82*$N82,-1) -> 0 | F82: =ROUND(E82*$N82,-1) -> 0 | G82: =ROUND(F82*$N82,-1) -> 0 | H82: =ROUND(G82*$N82,-1) -> 0 | I82: =ROUND(H82*$N82,-1) -> 0 | J82: =ROUND(I82*$N82,-1) -> 0 | K82: =ROUND(J82*$N82,-1) -> 0 | L82: =ROUND(K82*$N82,-1) -> 0 | N82: 1.07 | Q82: chú minh
A83: =COUNTA($B$4:B83) -> 79 | B83: Công nhân xử lý bùn | C83: =ROUND(O83,-1) -> 0 | D83: =ROUND(C83*$N83,-1) -> 0 | E83: =ROUND(D83*$N83,-1) -> 0 | F83: =ROUND(E83*$N83,-1) -> 0 | G83: =ROUND(F83*$N83,-1) -> 0 | H83: =ROUND(G83*$N83,-1) -> 0 | I83: =ROUND(H83*$N83,-1) -> 0 | J83: =ROUND(I83*$N83,-1) -> 0 | K83: =ROUND(J83*$N83,-1) -> 0 | L83: =ROUND(K83*$N83,-1) -> 0 | N83: 1.05
A84: =COUNTA($B$4:B84) -> 80 | B84: Trưởng BP kế hoạch & thống kê | C84: =ROUND(O84,-1) -> 0 | D84: =ROUND(C84*$N84,-1) -> 0 | E84: =ROUND(D84*$N84,-1) -> 0 | F84: =ROUND(E84*$N84,-1) -> 0 | G84: =ROUND(F84*$N84,-1) -> 0 | H84: =ROUND(G84*$N84,-1) -> 0 | I84: =ROUND(H84*$N84,-1) -> 0 | J84: =ROUND(I84*$N84,-1) -> 0 | K84: =ROUND(J84*$N84,-1) -> 0 | L84: =ROUND(K84*$N84,-1) -> 0 | N84: 1.15
A85: =COUNTA($B$4:B85) -> 81 | B85: Tổ trưởng điều độ sản xuất | C85: =ROUND(O85,-1) -> 0 | D85: =ROUND(C85*$N85,-1) -> 0 | E85: =ROUND(D85*$N85,-1) -> 0 | F85: =ROUND(E85*$N85,-1) -> 0 | G85: =ROUND(F85*$N85,-1) -> 0 | H85: =ROUND(G85*$N85,-1) -> 0 | I85: =ROUND(H85*$N85,-1) -> 0 | J85: =ROUND(I85*$N85,-1) -> 0 | K85: =ROUND(J85*$N85,-1) -> 0 | L85: =ROUND(K85*$N85,-1) -> 0 | N85: 1.11 | Q85: Long nhỏ
B86: Tổ trưởng kế hoạch SX | C86: =ROUND(O86,-1) -> 0 | D86: =ROUND(C86*$N86,-1) -> 0 | E86: =ROUND(D86*$N86,-1) -> 0 | F86: =ROUND(E86*$N86,-1) -> 0 | G86: =ROUND(F86*$N86,-1) -> 0 | H86: =ROUND(G86*$N86,-1) -> 0 | I86: =ROUND(H86*$N86,-1) -> 0 | J86: =ROUND(I86*$N86,-1) -> 0 | K86: =ROUND(J86*$N86,-1) -> 0 | L86: =ROUND(K86*$N86,-1) -> 0 | N86: 1.12
B87: NV kế hoạch SX | C87: =ROUND(O87,-1) -> 0 | D87: =ROUND(C87*$N87,-1) -> 0 | E87: =ROUND(D87*$N87,-1) -> 0 | F87: =ROUND(E87*$N87,-1) -> 0 | G87: =ROUND(F87*$N87,-1) -> 0 | H87: =ROUND(G87*$N87,-1) -> 0 | I87: =ROUND(H87*$N87,-1) -> 0 | J87: =ROUND(I87*$N87,-1) -> 0 | K87: =ROUND(J87*$N87,-1) -> 0 | L87: =ROUND(K87*$N87,-1) -> 0 | N87: 1.1
B88: Tổ trưởng thống kê SX | C88: =ROUND(O88,-1) -> 0 | D88: =ROUND(C88*$N88,-1) -> 0 | E88: =ROUND(D88*$N88,-1) -> 0 | F88: =ROUND(E88*$N88,-1) -> 0 | G88: =ROUND(F88*$N88,-1) -> 0 | H88: =ROUND(G88*$N88,-1) -> 0 | I88: =ROUND(H88*$N88,-1) -> 0 | J88: =ROUND(I88*$N88,-1) -> 0 | K88: =ROUND(J88*$N88,-1) -> 0 | L88: =ROUND(K88*$N88,-1) -> 0 | N88: 1.12
A89: =COUNTA($B$4:B89) -> 85 | B89: NV thống kê ĐS - PB nguyên liệu | C89: =ROUND(O89,-1) -> 0 | D89: =ROUND(C89*$N89,-1) -> 0 | E89: =ROUND(D89*$N89,-1) -> 0 | F89: =ROUND(E89*$N89,-1) -> 0 | G89: =ROUND(F89*$N89,-1) -> 0 | H89: =ROUND(G89*$N89,-1) -> 0 | I89: =ROUND(H89*$N89,-1) -> 0 | J89: =ROUND(I89*$N89,-1) -> 0 | K89: =ROUND(J89*$N89,-1) -> 0 | L89: =ROUND(K89*$N89,-1) -> 0 | N89: 1.1 | Q89: Long nhỏ
A90: =COUNTA($B$4:B90) -> 86 | B90: NV thống kê ĐS - PB thành phẩm | C90: =ROUND(O90,-1) -> 0 | D90: =ROUND(C90*$N90,-1) -> 0 | E90: =ROUND(D90*$N90,-1) -> 0 | F90: =ROUND(E90*$N90,-1) -> 0 | G90: =ROUND(F90*$N90,-1) -> 0 | H90: =ROUND(G90*$N90,-1) -> 0 | I90: =ROUND(H90*$N90,-1) -> 0 | J90: =ROUND(I90*$N90,-1) -> 0 | K90: =ROUND(J90*$N90,-1) -> 0 | L90: =ROUND(K90*$N90,-1) -> 0 | N90: 1.1
A91: =COUNTA($B$4:B91) -> 87 | B91: NV thống kê xử lý bùn | C91: =ROUND(O91,-1) -> 0 | D91: =ROUND(C91*$N91,-1) -> 0 | E91: =ROUND(D91*$N91,-1) -> 0 | F91: =ROUND(E91*$N91,-1) -> 0 | G91: =ROUND(F91*$N91,-1) -> 0 | H91: =ROUND(G91*$N91,-1) -> 0 | I91: =ROUND(H91*$N91,-1) -> 0 | J91: =ROUND(I91*$N91,-1) -> 0 | K91: =ROUND(J91*$N91,-1) -> 0 | L91: =ROUND(K91*$N91,-1) -> 0 | N91: 1.1
A92: =COUNTA($B$4:B92) -> 88 | B92: Trưởng phòng điều độ cơ giới | C92: =ROUND(O92,-1) -> 0 | D92: =ROUND(C92*$N92,-1) -> 0 | E92: =ROUND(D92*$N92,-1) -> 0 | F92: =ROUND(E92*$N92,-1) -> 0 | G92: =ROUND(F92*$N92,-1) -> 0 | H92: =ROUND(G92*$N92,-1) -> 0 | I92: =ROUND(H92*$N92,-1) -> 0 | J92: =ROUND(I92*$N92,-1) -> 0 | K92: =ROUND(J92*$N92,-1) -> 0 | L92: =ROUND(K92*$N92,-1) -> 0 | N92: 1.12 | Q92: Đông
A93: =COUNTA($B$4:B93) -> 89 | B93: Tổ trưởng điều độ cơ giới | D93: =ROUND(C93*$N93,-1) -> 0 | E93: =ROUND(D93*$N93,-1) -> 0 | F93: =ROUND(E93*$N93,-1) -> 0 | G93: =ROUND(F93*$N93,-1) -> 0 | H93: =ROUND(G93*$N93,-1) -> 0 | I93: =ROUND(H93*$N93,-1) -> 0 | J93: =ROUND(I93*$N93,-1) -> 0 | K93: =ROUND(J93*$N93,-1) -> 0 | L93: =ROUND(K93*$N93,-1) -> 0 | N93: 1.11
A94: =COUNTA($B$4:B94) -> 90 | B94: Tài xế xe cơ giới | D94: =ROUND(C94*$N94,-1) -> 0 | E94: =ROUND(D94*$N94,-1) -> 0 | F94: =ROUND(E94*$N94,-1) -> 0 | G94: =ROUND(F94*$N94,-1) -> 0 | H94: =ROUND(G94*$N94,-1) -> 0 | I94: =ROUND(H94*$N94,-1) -> 0 | J94: =ROUND(I94*$N94,-1) -> 0 | K94: =ROUND(J94*$N94,-1) -> 0 | L94: =ROUND(K94*$N94,-1) -> 0 | N94: 1.05
A95: =COUNTA($B$4:B95) -> 91 | B95: Nhân viên điều độ cơ giới | D95: =ROUND(C95*$N95,-1) -> 0 | E95: =ROUND(D95*$N95,-1) -> 0 | F95: =ROUND(E95*$N95,-1) -> 0 | G95: =ROUND(F95*$N95,-1) -> 0 | H95: =ROUND(G95*$N95,-1) -> 0 | I95: =ROUND(H95*$N95,-1) -> 0 | J95: =ROUND(I95*$N95,-1) -> 0 | K95: =ROUND(J95*$N95,-1) -> 0 | L95: =ROUND(K95*$N95,-1) -> 0 | N95: 1.1
A96: =COUNTA($B$4:B96) -> 92 | B96: Nhân viên thống kê vận hành | D96: =ROUND(C96*$N96,-1) -> 0 | E96: =ROUND(D96*$N96,-1) -> 0 | F96: =ROUND(E96*$N96,-1) -> 0 | G96: =ROUND(F96*$N96,-1) -> 0 | H96: =ROUND(G96*$N96,-1) -> 0 | I96: =ROUND(H96*$N96,-1) -> 0 | J96: =ROUND(I96*$N96,-1) -> 0 | K96: =ROUND(J96*$N96,-1) -> 0 | L96: =ROUND(K96*$N96,-1) -> 0 | N96: 1.1 | Q96: Thon
A97: =COUNTA($B$4:B97) -> 93 | B97: Trưởng phòng cơ khí - chế tạo | D97: =ROUND(C97*$N97,-1) -> 0 | E97: =ROUND(D97*$N97,-1) -> 0 | F97: =ROUND(E97*$N97,-1) -> 0 | G97: =ROUND(F97*$N97,-1) -> 0 | H97: =ROUND(G97*$N97,-1) -> 0 | I97: =ROUND(H97*$N97,-1) -> 0 | J97: =ROUND(I97*$N97,-1) -> 0 | K97: =ROUND(J97*$N97,-1) -> 0 | L97: =ROUND(K97*$N97,-1) -> 0 | N97: 1.12
A98: =COUNTA($B$4:B98) -> 94 | B98: Tổ trưởng vận hành máy | D98: =ROUND(C98*$N98,-1) -> 0 | E98: =ROUND(D98*$N98,-1) -> 0 | F98: =ROUND(E98*$N98,-1) -> 0 | G98: =ROUND(F98*$N98,-1) -> 0 | H98: =ROUND(G98*$N98,-1) -> 0 | I98: =ROUND(H98*$N98,-1) -> 0 | J98: =ROUND(I98*$N98,-1) -> 0 | K98: =ROUND(J98*$N98,-1) -> 0 | L98: =ROUND(K98*$N98,-1) -> 0 | N98: 1.11 | Q98: Đ.N.Trung
A99: =COUNTA($B$4:B99) -> 95 | B99: Tổ phó vận hành máy | D99: =ROUND(C99*$N99,-1) -> 0 | E99: =ROUND(D99*$N99,-1) -> 0 | F99: =ROUND(E99*$N99,-1) -> 0 | G99: =ROUND(F99*$N99,-1) -> 0 | H99: =ROUND(G99*$N99,-1) -> 0 | I99: =ROUND(H99*$N99,-1) -> 0 | J99: =ROUND(I99*$N99,-1) -> 0 | K99: =ROUND(J99*$N99,-1) -> 0 | L99: =ROUND(K99*$N99,-1) -> 0 | N99: 1.11
A100: =COUNTA($B$4:B100) -> 96 | B100: Nhân viên vận hành máy | D100: =ROUND(C100*$N100,-1) -> 0 | E100: =ROUND(D100*$N100,-1) -> 0 | F100: =ROUND(E100*$N100,-1) -> 0 | G100: =ROUND(F100*$N100,-1) -> 0 | H100: =ROUND(G100*$N100,-1) -> 0 | I100: =ROUND(H100*$N100,-1) -> 0 | J100: =ROUND(I100*$N100,-1) -> 0 | K100: =ROUND(J100*$N100,-1) -> 0 | L100: =ROUND(K100*$N100,-1) -> 0 | N100: 1.1
A101: =COUNTA($B$4:B101) -> 97 | B101: Tổ trưởng thiết kế cơ khí - chế tạo | D101: =ROUND(C101*$N101,-1) -> 0 | E101: =ROUND(D101*$N101,-1) -> 0 | F101: =ROUND(E101*$N101,-1) -> 0 | G101: =ROUND(F101*$N101,-1) -> 0 | H101: =ROUND(G101*$N101,-1) -> 0 | I101: =ROUND(H101*$N101,-1) -> 0 | J101: =ROUND(I101*$N101,-1) -> 0 | K101: =ROUND(J101*$N101,-1) -> 0 | L101: =ROUND(K101*$N101,-1) -> 0 | N101: 1.11
...

Sheet Luong VP
B1: 1 | C1: 2 | D1: 3 | E1: 4 | F1: 5 | G1: 6 | H1: 7 | I1: 8 | J1: 9 | K1: 10 | L1: 11 | M1: 12 | N1: 13 | O1: 14 | P1: 15 | Q1: 16 | R1: 17 | S1: 18 | T1: 19 | U1: 20 | V1: 21 | W1: 22 | X1: 23 | Y1: 24 | Z1: 25 | AA1: 26 | AB1: 27 | AC1: 28 | AD1: 29 | AE1: 30 | AF1: 31 | AG1: 32 | AH1: 33 | AI1: 34 | AJ1: 35 | AK1: 36 | AL1: 37 | AM1: 38 | AN1: 39 | AO1: 40 | AP1: 41
A2: Công ty TNHH CNSH Sài Gòn Xanh
J3: 43337 | X3: BẢNG LƯƠNG THÁNG 08 - BỘ PHẬN QUẢN LÝ | AK3: Tỷ lệ đóng BH | AL3: 0.015 | AN3: 0.105
A5: TT | B5: Mã NV | C5: Họ và tên | D5: Chức vụ | E5: Thâm niên làm việc | F5: Bậc | G5: Thâm niên | J5: Lương CB | K5: PHỤ CẤP (P2) | O5: PHÚC LỢI KHÁC (P2) | V5: Lương cơ bản (tháng) bao gồm phụ cấp | W5: Ngày công làm việc | X5: Ngày nghỉ phép hưởng lương | Y5: Ngày nghỉ Lễ Tết hưởng lương | Z5: Công CN (giờ) | AA5: Công tăng ca ngày thường (giờ) | AB5: Công lễ tết | AC5: Công tác xa | AD5: Mức đạt trong tháng | AE5: Lương theo doanh thu doanh số | AF5: Tổng bùn bốc | AG5: Thành tiền bốc bùn | AH5: Lương khác | AI5: Thi đua | AJ5: Hỗ trợ ngoài lương | AK5: Tổng thu nhập | AL5: BHXH BHYT | AM5: Lương tham gia BHXH | AN5: Tạm ứng | AO5: Thưởng lễ tết | AP5: Thực lãnh
G6: Năm | H6: Tháng | I6: Ngày | K6: NẶNG NHỌC ĐỘC HẠI | L6: TRÁCH NHIỆM | M6: THÂM NIÊN | N6: THU HÚT | O6: XĂNG | P6: ĐIỆN THOẠI | Q6: CƠM | R6: Kiêm nhiệm | S6: BHYT ĐẶC BIỆT | T6: VỊ TRÍ CẦN KN NHIỀU NĂM | U6: Vị trí đặc thù
O7: XĂNG | P7: ĐIỆN THOẠI | Q7: NHÀ Ở | R7: Kiêm nhiệm | S7: BHYT ĐẶC BIỆT | T7: VỊ TRÍ CẦN KN NHIỀU NĂM | U7: Vị trí đặc thù
B8: VĂN PHÒNG | AP8: =AP9+AP12+AP24+AP26+AP34+AP44+AP51+AP60+AP71+AP74+AP76+AP85+AP89+AP106+AP111+AP119+AP57+AP122+AP126+AP128+AP130+AP154+AP166+AP182 -> #REF!
C9: Ban lãnh đạo | AK9: =SUM(AK10:AK11) -> #REF! | AL9: =SUM(AL10:AL11) -> 1249.5 | AM9: =SUM(AM10:AM11) -> 11900 | AN9: =SUM(AN10:AN11) -> #REF! | AO9: =SUM(AO10:AO11) -> 0 | AP9: =SUM(AP10:AP11) -> #REF!
B10: LĐ01 | C10: Ngô Pa Ri | D10: CHỦ TỊCH | E10: 37987 | F10: 2 | G10: =DATEDIF(E10,$J$3,"y") -> 14 | H10: =DATEDIF(E10,$J$3,"ym") -> 7 | I10: =DATEDIF(E10,$J$3,"md") -> 24 | J10: =VLOOKUP(D10,'THANG B.LUONG'!$B$5:$I$513,F10+1,0) -> 0 | K10: 0 | L10: 8000 | M10: =IF(G10>=3,J10*(0.03+(G10-3)*0.01),0) -> 0 | N10: 0 | O10: 1000 | P10: 2000 | Q10: 0 | R10: 0 | S10: 0 | T10: 4000 | U10: 0 | V10: =SUM(J10:U10)-P10 -> 13000 | W10: =VLOOKUP(B10,#REF!,35,0) -> #REF! | X10: =VLOOKUP(B10,#REF!,37,0) -> #REF! | Y10: =VLOOKUP(B10,#REF!,38,0) -> #REF! | Z10: =VLOOKUP(B10,#REF!,72,0) -> #REF! | AA10: =VLOOKUP(B10,#REF!,71,0) -> #REF! | AB10: =VLOOKUP(B10,#REF!,36,0) -> #REF! | AK10: =V10/#REF!*(W10+Z10/8*2+AA10/8*1.5+AB10*3)+J10/#REF!*(X10+Y10)+AC10+P10+AE10+AG10+AH10+AI10+AJ10 -> #REF! | AL10: =AM10*$AN$3 -> 0 | AM10: 0 | AN10: =VLOOKUP(B10,#REF!,75,0) -> #REF! | AP10: =ROUND(AK10-AL10-AN10+AO10,-1) -> #REF!
B11: LĐ02 | C11: Nguyễn Văn Thảo | D11: TỔNG GIÁM ĐỐC | E11: 37347 | F11: 2 | G11: =DATEDIF(E11,$J$3,"y") -> 16 | H11: =DATEDIF(E11,$J$3,"ym") -> 4 | I11: =DATEDIF(E11,$J$3,"md") -> 24 | J11: =VLOOKUP(D11,'THANG B.LUONG'!$B$5:$I$513,F11+1,0) -> 0 | K11: 0 | L11: 6000 | M11: =IF(G11>=3,J11*(0.03+(G11-3)*0.01),0) -> 0 | N11: 0 | O11: 1000 | P11: 2000 | Q11: 0 | R11: 0 | S11: 0 | T11: 4000 | U11: 0 | V11: =SUM(J11:U11)-P11 -> 11000 | W11: =VLOOKUP(B11,#REF!,35,0) -> #REF! | X11: =VLOOKUP(B11,#REF!,37,0) -> #REF! | Y11: =VLOOKUP(B11,#REF!,38,0) -> #REF! | Z11: =VLOOKUP(B11,#REF!,72,0) -> #REF! | AA11: =VLOOKUP(B11,#REF!,71,0) -> #REF! | AB11: =VLOOKUP(B11,#REF!,36,0) -> #REF! | AK11: =V11/#REF!*(W11+Z11/8*2+AA11/8*1.5+AB11*3)+J11/#REF!*(X11+Y11)+AC11+P11+AE11+AG11+AH11+AI11+AJ11 -> #REF! | AL11: =AM11*$AN$3 -> 1249.5 | AM11: 11900 | AN11: =VLOOKUP(B11,#REF!,75,0) -> #REF! | AP11: =ROUND(AK11-AL11-AN11+AO11,-1) -> #REF!
C12: Phòng HCNS - NS | AK12: =SUM(AK13:AK23) -> #REF! | AL12: =SUM(AL13:AL23) -> 2864.085 | AM12: =SUM(AM13:AM23) -> 27277 | AN12: =SUM(AN13:AN23) -> #REF! | AO12: =SUM(AO13:AO23) -> 0 | AP12: =SUM(AP13:AP23) -> #REF!
B13: NS01 | C13: Nguyễn Đỗ Q. Phương | D13: GIÁM ĐỐC HCNS | E13: 40040 | F13: 1 | G13: =DATEDIF(E13,$J$3,"y") -> 9 | H13: =DATEDIF(E13,$J$3,"ym") -> 0 | I13: =DATEDIF(E13,$J$3,"md") -> 10 | J13: =VLOOKUP(D13,'THANG B.LUONG'!$B$5:$I$513,F13+1,0) -> 0 | K13: 0 | L13: 3000 | M13: =IF(G13>=3,J13*(0.03+(G13-3)*0.01),0) -> 0 | N13: 0 | O13: 1000 | P13: 1000 | Q13: 0 | R13: 0 | S13: 0 | T13: 0 | U13: 0 | V13: =SUM(J13:U13)-P13 -> 4000 | W13: =VLOOKUP(B13,#REF!,35,0) -> #REF! | X13: =VLOOKUP(B13,#REF!,37,0) -> #REF! | Y13: =VLOOKUP(B13,#REF!,38,0) -> #REF! | Z13: =VLOOKUP(B13,#REF!,72,0) -> #REF! | AA13: =VLOOKUP(B13,#REF!,71,0) -> #REF! | AB13: =VLOOKUP(B13,#REF!,36,0) -> #REF! | AK13: =V13/#REF!*(W13+Z13/8*2+AA13/8*1.5+AB13*3)+J13/#REF!*(X13+Y13)+AC13+P13+AE13+AG13+AH13+AI13+AJ13 -> #REF! | AL13: =AM13*$AN$3 -> 871.5 | AM13: 8300 | AN13: =VLOOKUP(B13,#REF!,75,0) -> #REF! | AP13: =ROUND(AK13-AL13-AN13+AO13,-1) -> #REF!
B14: NS02 | C14: Lê Hoàng Tuấn | D14: Bảo vệ | E14: 41838 | F14: 2 | G14: =DATEDIF(E14,$J$3,"y") -> 4 | H14: =DATEDIF(E14,$J$3,"ym") -> 1 | I14: =DATEDIF(E14,$J$3,"md") -> 7 | J14: =VLOOKUP(D14,'THANG B.LUONG'!$B$5:$I$513,F14+1,0) -> 0 | K14: 0 | L14: 200 | M14: =IF(G14>=3,J14*(0.03+(G14-3)*0.01),0) -> 0 | N14: 0 | O14: 0 | P14: 0 | Q14: 0 | R14: 0 | S14: 0 | T14: 0 | U14: 0 | V14: =SUM(J14:U14)-P14 -> 200 | W14: =VLOOKUP(B14,#REF!,35,0) -> #REF! | X14: =VLOOKUP(B14,#REF!,37,0) -> #REF! | Y14: =VLOOKUP(B14,#REF!,38,0) -> #REF! | Z14: =VLOOKUP(B14,#REF!,72,0) -> #REF! | AA14: =VLOOKUP(B14,#REF!,71,0) -> #REF! | AB14: =VLOOKUP(B14,#REF!,36,0) -> #REF! | AK14: =V14/#REF!*(W14+Z14/8*2+AA14/8*1.5+AB14*3)+J14/#REF!*(X14+Y14)+AC14+P14+AE14+AG14+AH14+AI14+AJ14 -> #REF! | AL14: =AM14*$AN$3 -> 480.585 | AM14: 4577 | AN14: =VLOOKUP(B14,#REF!,75,0) -> #REF! | AP14: =ROUND(AK14-AL14-AN14+AO14,-1) -> #REF!
B15: NS03 | C15: Nguyễn T. Hồng Anh | D15: Nhân viên hành chính/ HCNS NM | E15: 40045 | F15: 2 | G15: =DATEDIF(E15,$J$3,"y") -> 9 | H15: =DATEDIF(E15,$J$3,"ym") -> 0 | I15: =DATEDIF(E15,$J$3,"md") -> 5 | J15: =VLOOKUP(D15,'THANG B.LUONG'!$B$5:$I$513,F15+1,0) -> 0 | K15: 0 | L15: 0 | M15: =IF(G15>=3,J15*(0.03+(G15-3)*0.01),0) -> 0 | N15: 0 | O15: 0 | P15: 0 | Q15: 0 | R15: 0 | S15: 0 | T15: 0 | U15: 0 | V15: =SUM(J15:U15)-P15 -> 0 | W15: =VLOOKUP(B15,#REF!,35,0) -> #REF! | X15: =VLOOKUP(B15,#REF!,37,0) -> #REF! | Y15: =VLOOKUP(B15,#REF!,38,0) -> #REF! | Z15: =VLOOKUP(B15,#REF!,72,0) -> #REF! | AA15: =VLOOKUP(B15,#REF!,71,0) -> #REF! | AB15: =VLOOKUP(B15,#REF!,36,0) -> #REF! | AK15: =V15/#REF!*(W15+Z15/8*2+AA15/8*1.5+AB15*3)+J15/#REF!*(X15+Y15)+AC15+P15+AE15+AG15+AH15+AI15+AJ15 -> #REF! | AL15: =AM15*$AN$3 -> 504 | AM15: 4800 | AN15: =VLOOKUP(B15,#REF!,75,0) -> #REF! | AP15: =ROUND(AK15-AL15-AN15+AO15,-1) -> #REF!
B16: NS07 | C16: Đỗ Ngọc Thiên Thanh | D16: Nhân viên hành chính/ HCNS NM | E16: 42842 | F16: 2 | G16: =DATEDIF(E16,$J$3,"y") -> 1 | H16: =DATEDIF(E16,$J$3,"ym") -> 4 | I16: =DATEDIF(E16,$J$3,"md") -> 8 | J16: =VLOOKUP(D16,'THANG B.LUONG'!$B$5:$I$513,F16+1,0) -> 0 | K16: 0 | L16: 0 | M16: =IF(G16>=3,J16*(0.03+(G16-3)*0.01),0) -> 0 | N16: 0 | O16: 0 | P16: 0 | Q16: 0 | R16: 0 | S16: 0 | T16: 0 | U16: 0 | V16: =SUM(J16:U16)-P16 -> 0 | W16: =VLOOKUP(B16,#REF!,35,0) -> #REF! | X16: =VLOOKUP(B16,#REF!,37,0) -> #REF! | Y16: =VLOOKUP(B16,#REF!,38,0) -> #REF! | Z16: =VLOOKUP(B16,#REF!,72,0) -> #REF! | AA16: =VLOOKUP(B16,#REF!,71,0) -> #REF! | AB16: =VLOOKUP(B16,#REF!,36,0) -> #REF! | AK16: =V16/#REF!*(W16+Z16/8*2+AA16/8*1.5+AB16*3)+J16/#REF!*(X16+Y16)+AC16+P16+AE16+AG16+AH16+AI16+AJ16 -> #REF! | AL16: =AM16*$AN$3 -> 504 | AM16: 4800 | AN16: =VLOOKUP(B16,#REF!,75,0) -> #REF! | AP16: =ROUND(AK16-AL16-AN16+AO16,-1) -> #REF!
B17: NS04 | C17: Nguyễn Chu Thy | D17: Chuyên viên IT | E17: 43101 | F17: 3 | G17: =DATEDIF(E17,$J$3,"y") -> 0 | H17: =DATEDIF(E17,$J$3,"ym") -> 7 | I17: =DATEDIF(E17,$J$3,"md") -> 24 | J17: =VLOOKUP(D17,'THANG B.LUONG'!$B$5:$I$513,F17+1,0) -> 15890 | K17: 0 | L17: 1000 | M17: =IF(G17>=3,J17*(0.03+(G17-3)*0.01),0) -> 0 | N17: 0 | O17: 200 | P17: 200 | Q17: 0 | R17: 0 | S17: 0 | T17: 0 | U17: 0 | V17: =SUM(J17:U17)-P17 -> 17090 | W17: =VLOOKUP(B17,#REF!,35,0) -> #REF! | X17: =VLOOKUP(B17,#REF!,37,0) -> #REF! | Y17: =VLOOKUP(B17,#REF!,38,0) -> #REF! | Z17: =VLOOKUP(B17,#REF!,72,0) -> #REF! | AA17: =VLOOKUP(B17,#REF!,71,0) -> #REF! | AB17: =VLOOKUP(B17,#REF!,36,0) -> #REF! | AK17: =V17/#REF!*(W17+Z17/8*2+AA17/8*1.5+AB17*3)+J17/#REF!*(X17+Y17)+AC17+P17+AE17+AG17+AH17+AI17+AJ17 -> #REF! | AL17: =AM17*$AN$3 -> 0 | AM17: 0 | AN17: =VLOOKUP(B17,#REF!,75,0) -> #REF! | AP17: =ROUND(AK17-AL17-AN17+AO17,-1) -> #REF!
B18: NS08 | C18: Trần Minh Xuân | D18: Chuyên viên IT | E18: 43137 | F18: 6 | G18: =DATEDIF(E18,$J$3,"y") -> 0 | H18: =DATEDIF(E18,$J$3,"ym") -> 6 | I18: =DATEDIF(E18,$J$3,"md") -> 19 | J18: =VLOOKUP(D18,'THANG B.LUONG'!$B$5:$I$513,F18+1,0) -> 22330 | K18: 0 | L18: 1000 | M18: =IF(G18>=3,J18*(0.03+(G18-3)*0.01),0) -> 0 | N18: 0 | O18: 200 | P18: 200 | Q18: 0 | R18: 0 | S18: 0 | T18: 0 | U18: 6200 | V18: =SUM(J18:U18)-P18 -> 29730 | W18: =VLOOKUP(B18,#REF!,35,0) -> #REF! | X18: =VLOOKUP(B18,#REF!,37,0) -> #REF! | Y18: =VLOOKUP(B18,#REF!,38,0) -> #REF! | Z18: =VLOOKUP(B18,#REF!,72,0) -> #REF! | AA18: =VLOOKUP(B18,#REF!,71,0) -> #REF! | AB18: =VLOOKUP(B18,#REF!,36,0) -> #REF! | AK18: =V18/#REF!*(W18+Z18/8*2+AA18/8*1.5+AB18*3)+J18/#REF!*(X18+Y18)+AC18+P18+AE18+AG18+AH18+AI18+AJ18 -> #REF! | AL18: =AM18*$AN$3 -> 0 | AM18: 0 | AN18: =VLOOKUP(B18,#REF!,75,0) -> #REF! | AP18: =ROUND(AK18-AL18-AN18+AO18,-1) -> #REF!
B19: NS06 | C19: Nguyễn Đức Cường | D19: ='THANG B.LUONG'!$B$49 -> Tài xế | E19: 43040 | F19: 5 | G19: =DATEDIF(E19,$J$3,"y") -> 0 | H19: =DATEDIF(E19,$J$3,"ym") -> 9 | I19: =DATEDIF(E19,$J$3,"md") -> 24 | J19: =VLOOKUP(D19,'THANG B.LUONG'!$B$5:$I$513,F19+1,0) -> 0 | K19: 0 | L19: 0 | M19: =IF(G19>=3,J19*(0.03+(G19-3)*0.01),0) -> 0 | N19: 0 | O19: 0 | P19: 0 | Q19: 0 | R19: 0 | S19: 0 | T19: 0 | U19: 2660 | V19: =SUM(J19:U19)-P19 -> 2660 | W19: =VLOOKUP(B19,#REF!,35,0) -> #REF! | X19: =VLOOKUP(B19,#REF!,37,0) -> #REF! | Y19: =VLOOKUP(B19,#REF!,38,0) -> #REF! | Z19: =VLOOKUP(B19,#REF!,72,0) -> #REF! | AA19: =VLOOKUP(B19,#REF!,71,0) -> #REF! | AB19: =VLOOKUP(B19,#REF!,36,0) -> #REF! | AK19: =V19/#REF!*(W19+Z19/8*2+AA19/8*1.5+AB19*3)+J19/#REF!*(X19+Y19)+AC19+P19+AE19+AG19+AH19+AI19+AJ19 -> #REF! | AL19: =AM19*$AN$3 -> 0 | AM19: 0 | AN19: =VLOOKUP(B19,#REF!,75,0) -> #REF! | AP19: =ROUND(AK19-AL19-AN19+AO19,-1) -> #REF!
B20: NS10 | C20: Lê Hà | D20: ='THANG B.LUONG'!$B$49 -> Tài xế | E20: 43228 | F20: 5 | G20: =DATEDIF(E20,$J$3,"y") -> 0 | H20: =DATEDIF(E20,$J$3,"ym") -> 3 | I20: =DATEDIF(E20,$J$3,"md") -> 17 | J20: =VLOOKUP(D20,'THANG B.LUONG'!$B$5:$I$513,F20+1,0) -> 0 | K20: 0 | L20: 0 | M20: =IF(G20>=3,J20*(0.03+(G20-3)*0.01),0) -> 0 | N20: 0 | O20: 0 | P20: 0 | Q20: 0 | R20: 0 | S20: 0 | T20: 0 | U20: 2660 | V20: =SUM(J20:U20)-P20 -> 2660 | W20: =VLOOKUP(B20,#REF!,35,0) -> #REF! | X20: =VLOOKUP(B20,#REF!,37,0) -> #REF! | Y20: =VLOOKUP(B20,#REF!,38,0) -> #REF! | Z20: =VLOOKUP(B20,#REF!,72,0) -> #REF! | AA20: =VLOOKUP(B20,#REF!,71,0) -> #REF! | AB20: =VLOOKUP(B20,#REF!,36,0) -> #REF! | AK20: =V20/#REF!*(W20+Z20/8*2+AA20/8*1.5+AB20*3)+J20/#REF!*(X20+Y20)+AC20+P20+AE20+AG20+AH20+AI20+AJ20 -> #REF! | AL20: =AM20*$AN$3 -> 0 | AM20: 0 | AN20: 0 | AP20: =ROUND(AK20-AL20-AN20+AO20,-1) -> #REF!
B21: NS11 | C21: Lê Viết Thuật | D21: ='THANG B.LUONG'!$B$49 -> Tài xế | E21: 43253 | F21: 5 | G21: =DATEDIF(E21,$J$3,"y") -> 0 | H21: =DATEDIF(E21,$J$3,"ym") -> 2 | I21: =DATEDIF(E21,$J$3,"md") -> 23 | J21: =VLOOKUP(D21,'THANG B.LUONG'!$B$5:$I$513,F21+1,0) -> 0 | K21: 0 | L21: 0 | M21: =IF(G21>=3,J21*(0.03+(G21-3)*0.01),0) -> 0 | N21: 0 | O21: 0 | P21: 0 | Q21: 0 | R21: 0 | S21: 0 | T21: 0 | U21: 2660 | V21: =(SUM(J21:U21)-P21)*0.85 -> 2261 | W21: 2 | X21: =VLOOKUP(B21,#REF!,37,0) -> #REF! | Y21: =VLOOKUP(B21,#REF!,38,0) -> #REF! | Z21: =VLOOKUP(B21,#REF!,72,0) -> #REF! | AA21: =VLOOKUP(B21,#REF!,71,0) -> #REF! | AB21: =VLOOKUP(B21,#REF!,36,0) -> #REF! | AK21: =V21/#REF!*(W21+Z21/8*2+AA21/8*1.5+AB21*3)+J21/#REF!*(X21+Y21)+AC21+P21+AE21+AG21+AH21+AI21+AJ21 -> #REF! | AL21: =AM21*$AN$3 -> 0 | AM21: 0 | AN21: 0 | AP21: =ROUND(AK21-AL21-AN21+AO21,-1) -> #REF!
B22: NS11 | C22: Lê Viết Thuật | D22: ='THANG B.LUONG'!$B$49 -> Tài xế | E22: 43253 | F22: 5 | G22: =DATEDIF(E22,$J$3,"y") -> 0 | H22: =DATEDIF(E22,$J$3,"ym") -> 2 | I22: =DATEDIF(E22,$J$3,"md") -> 23 | J22: =VLOOKUP(D22,'THANG B.LUONG'!$B$5:$I$513,F22+1,0) -> 0 | K22: 0 | L22: 0 | M22: =IF(G22>=3,J22*(0.03+(G22-3)*0.01),0) -> 0 | N22: 0 | O22: 0 | P22: 0 | Q22: 0 | R22: 0 | S22: 0 | T22: 0 | U22: 2660 | V22: =SUM(J22:U22)-P22 -> 2660 | W22: 25 | X22: =VLOOKUP(B22,#REF!,37,0) -> #REF! | Y22: =VLOOKUP(B22,#REF!,38,0) -> #REF! | Z22: =VLOOKUP(B22,#REF!,72,0) -> #REF! | AA22: =VLOOKUP(B22,#REF!,71,0) -> #REF! | AB22: =VLOOKUP(B22,#REF!,36,0) -> #REF! | AK22: =V22/#REF!*(W22+Z22/8*2+AA22/8*1.5+AB22*3)+J22/#REF!*(X22+Y22)+AC22+P22+AE22+AG22+AH22+AI22+AJ22 -> #REF! | AL22: =AM22*$AN$3 -> 0 | AM22: 0 | AN22: 0 | AP22: =ROUND(AK22-AL22-AN22+AO22,-1) -> #REF!
B23: NS09 | C23: Cao Thị Minh Thoa | D23: Nhân viên hành chính/ HCNS NM | E23: 42983 | F23: 2 | G23: =DATEDIF(E23,$J$3,"y") -> 0 | H23: =DATEDIF(E23,$J$3,"ym") -> 11 | I23: =DATEDIF(E23,$J$3,"md") -> 20 | J23: =VLOOKUP(D23,'THANG B.LUONG'!$B$5:$I$513,F23+1,0) -> 0 | K23: 0 | L23: 0 | M23: =IF(G23>=3,J23*(0.03+(G23-3)*0.01),0) -> 0 | N23: 0 | O23: 0 | P23: 0 | Q23: 0 | R23: 0 | S23: 0 | T23: 0 | U23: 0 | V23: =SUM(J23:U23)-P23 -> 0 | W23: =VLOOKUP(B23,#REF!,35,0) -> #REF! | X23: =VLOOKUP(B23,#REF!,37,0) -> #REF! | Y23: =VLOOKUP(B23,#REF!,38,0) -> #REF! | Z23: =VLOOKUP(B23,#REF!,72,0) -> #REF! | AA23: =VLOOKUP(B23,#REF!,71,0) -> #REF! | AB23: =VLOOKUP(B23,#REF!,36,0) -> #REF! | AK23: =V23/#REF!*(W23+Z23/8*2+AA23/8*1.5+AB23*3)+J23/#REF!*(X23+Y23)+AC23+P23+AE23+AG23+AH23+AI23+AJ23 -> #REF! | AL23: =AM23*$AN$3 -> 504 | AM23: 4800 | AN23: =VLOOKUP(B23,#REF!,75,0) -> #REF! | AP23: =ROUND(AK23-AL23-AN23+AO23,-1) -> #REF!
C24: Ban KSNB - NB | AK24: =SUM(AK25:AK25) -> #REF! | AL24: =SUM(AL25:AL25) -> 525 | AM24: =SUM(AM25:AM25) -> 5000 | AN24: =SUM(AN25:AN25) -> #REF! | AO24: =SUM(AO25:AO25) -> 0 | AP24: =SUM(AP25:AP25) -> #REF!
B25: NB02 | C25: Nguyễn Trinh Nguyên | D25: Chuyên viên pháp chế | E25: 42555 | F25: 1 | G25: =DATEDIF(E25,$J$3,"y") -> 2 | H25: =DATEDIF(E25,$J$3,"ym") -> 1 | I25: =DATEDIF(E25,$J$3,"md") -> 21 | J25: =VLOOKUP(D25,'THANG B.LUONG'!$B$5:$I$513,F25+1,0) -> 0 | K25: 0 | L25: 0 | M25: =IF(G25>=3,J25*(0.03+(G25-3)*0.01),0) -> 0 | N25: 0 | O25: 0 | P25: 100 | Q25: 0 | R25: 0 | S25: 0 | T25: 0 | U25: 0 | V25: =SUM(J25:U25)-P25 -> 0 | W25: =VLOOKUP(B25,#REF!,35,0) -> #REF! | X25: =VLOOKUP(B25,#REF!,37,0) -> #REF! | Y25: =VLOOKUP(B25,#REF!,38,0) -> #REF! | Z25: =VLOOKUP(B25,#REF!,72,0) -> #REF! | AA25: =VLOOKUP(B25,#REF!,71,0) -> #REF! | AB25: =VLOOKUP(B25,#REF!,36,0) -> #REF! | AK25: =V25/#REF!*(W25+Z25/8*2+AA25/8*1.5+AB25*3)+J25/#REF!*(X25+Y25)+AC25+P25+AE25+AG25+AH25+AI25+AJ25 -> #REF! | AL25: =AM25*$AN$3 -> 525 | AM25: 5000 | AN25: =VLOOKUP(B25,#REF!,75,0) -> #REF! | AP25: =ROUND(AK25-AL25-AN25+AO25,-1) -> #REF!
C26: Phòng TCKT - KT | AK26: =SUM(AK27:AK33) -> #REF! | AL26: =SUM(AL27:AL33) -> 2614.5 | AM26: =SUM(AM27:AM33) -> 33200 | AN26: =SUM(AN27:AN33) -> #REF! | AO26: =SUM(AO27:AO33) -> 0 | AP26: =SUM(AP27:AP33) -> #REF!
B27: KT07 | C27: Nguyễn Văn Bảy | D27: GIÁM ĐỐC TCKT | E27: 41852 | F27: 3 | G27: =DATEDIF(E27,$J$3,"y") -> 4 | H27: =DATEDIF(E27,$J$3,"ym") -> 0 | I27: =DATEDIF(E27,$J$3,"md") -> 24 | J27: =VLOOKUP(D27,'THANG B.LUONG'!$B$5:$I$513,F27+1,0) -> 0 | K27: 0 | L27: 3000 | M27: =IF(G27>=3,J27*(0.03+(G27-3)*0.01),0) -> 0 | N27: 0 | O27: 1000 | P27: 1000 | Q27: 0 | R27: 0 | S27: 0 | T27: 0 | U27: 0 | V27: =SUM(J27:U27)-P27 -> 4000 | W27: =VLOOKUP(B27,#REF!,35,0) -> #REF! | X27: =VLOOKUP(B27,#REF!,37,0) -> #REF! | Y27: =VLOOKUP(B27,#REF!,38,0) -> #REF! | Z27: =VLOOKUP(B27,#REF!,72,0) -> #REF! | AA27: =VLOOKUP(B27,#REF!,71,0) -> #REF! | AB27: =VLOOKUP(B27,#REF!,36,0) -> #REF! | AK27: =V27/#REF!*(W27+Z27/8*2+AA27/8*1.5+AB27*3)+J27/#REF!*(X27+Y27)+AC27+P27+AE27+AG27+AH27+AI27+AJ27 -> #REF! | AL27: 0 | AM27: 8300 | AN27: =VLOOKUP(B27,#REF!,75,0) -> #REF! | AP27: =ROUND(AK27-AL27-AN27+AO27,-1) -> #REF!
B28: KT02 | C28: Ninh Phương Hạnh | D28: Thủ quỹ | E28: 40239 | F28: 3 | G28: =DATEDIF(E28,$J$3,"y") -> 8 | H28: =DATEDIF(E28,$J$3,"ym") -> 5 | I28: =DATEDIF(E28,$J$3,"md") -> 23 | J28: =VLOOKUP(D28,'THANG B.LUONG'!$B$5:$I$513,F28+1,0) -> 0 | K28: 0 | L28: 2000 | M28: =IF(G28>=3,J28*(0.03+(G28-3)*0.01),0) -> 0 | N28: 0 | O28: 0 | P28: 0 | Q28: 0 | R28: 0 | S28: 0 | T28: 0 | U28: 0 | V28: =SUM(J28:U28)-P28 -> 2000 | W28: =VLOOKUP(B28,#REF!,35,0) -> #REF! | X28: =VLOOKUP(B28,#REF!,37,0) -> #REF! | Y28: =VLOOKUP(B28,#REF!,38,0) -> #REF! | Z28: =VLOOKUP(B28,#REF!,72,0) -> #REF! | AA28: =VLOOKUP(B28,#REF!,71,0) -> #REF! | AB28: =VLOOKUP(B28,#REF!,36,0) -> #REF! | AK28: =V28/#REF!*(W28+Z28/8*2+AA28/8*1.5+AB28*3)+J28/#REF!*(X28+Y28)+AC28+P28+AE28+AG28+AH28+AI28+AJ28 -> #REF! | AL28: =AM28*$AN$3 -> 504 | AM28: 4800 | AN28: =VLOOKUP(B28,#REF!,75,0) -> #REF! | AP28: =ROUND(AK28-AL28-AN28+AO28,-1) -> #REF!
B29: KT03 | C29: Nguyễn Thái Ngân | D29: Kế toán nội bộ | E29: 42187 | F29: 2 | G29: =DATEDIF(E29,$J$3,"y") -> 3 | H29: =DATEDIF(E29,$J$3,"ym") -> 1 | I29: =DATEDIF(E29,$J$3,"md") -> 23 | J29: =VLOOKUP(D29,'THANG B.LUONG'!$B$5:$I$513,F29+1,0) -> 0 | K29: 0 | L29: 0 | M29: =IF(G29>=3,J29*(0.03+(G29-3)*0.01),0) -> 0 | N29: 0 | O29: 0 | P29: 200 | Q29: 0 | R29: =30%*'THANG B.LUONG'!C25 -> 0 | S29: 0 | T29: 0 | U29: 0 | V29: =SUM(J29:U29)-P29 -> 0 | W29: =VLOOKUP(B29,#REF!,35,0) -> #REF! | X29: =VLOOKUP(B29,#REF!,37,0) -> #REF! | Y29: =VLOOKUP(B29,#REF!,38,0) -> #REF! | Z29: =VLOOKUP(B29,#REF!,72,0) -> #REF! | AA29: =VLOOKUP(B29,#REF!,71,0) -> #REF! | AB29: =VLOOKUP(B29,#REF!,36,0) -> #REF! | AK29: =V29/#REF!*(W29+Z29/8*2+AA29/8*1.5+AB29*3)+J29/#REF!*(X29+Y29)+AC29+P29+AE29+AG29+AH29+AI29+AJ29 -> #REF! | AL29: =AM29*$AN$3 -> 504 | AM29: 4800 | AN29: =VLOOKUP(B29,#REF!,75,0) -> #REF! | AP29: =ROUND(AK29-AL29-AN29+AO29,-1) -> #REF!
B30: KT05 | C30: Từ Thị Hoàng Oanh | D30: Kế toán nội bộ | E30: 42537 | F30: 2 | G30: =DATEDIF(E30,$J$3,"y") -> 2 | H30: =DATEDIF(E30,$J$3,"ym") -> 2 | I30: =DATEDIF(E30,$J$3,"md") -> 9 | J30: =VLOOKUP(D30,'THANG B.LUONG'!$B$5:$I$513,F30+1,0) -> 0 | K30: 0 | L30: 0 | M30: =IF(G30>=3,J30*(0.03+(G30-3)*0.01),0) -> 0 | N30: 0 | O30: 0 | P30: 0 | Q30: 0 | R30: 0 | S30: 0 | T30: 0 | U30: 0 | V30: =SUM(J30:U30)-P30 -> 0 | W30: =VLOOKUP(B30,#REF!,35,0) -> #REF! | X30: =VLOOKUP(B30,#REF!,37,0) -> #REF! | Y30: =VLOOKUP(B30,#REF!,38,0) -> #REF! | Z30: =VLOOKUP(B30,#REF!,72,0) -> #REF! | AA30: =VLOOKUP(B30,#REF!,71,0) -> #REF! | AB30: =VLOOKUP(B30,#REF!,36,0) -> #REF! | AK30: =V30/#REF!*(W30+Z30/8*2+AA30/8*1.5+AB30*3)+J30/#REF!*(X30+Y30)+AC30+P30+AE30+AG30+AH30+AI30+AJ30 -> #REF! | AL30: =AM30*$AN$3 -> 504 | AM30: 4800 | AN30: =VLOOKUP(B30,#REF!,75,0) -> #REF! | AP30: =ROUND(AK30-AL30-AN30+AO30,-1) -> #REF!
B31: KT08 | C31: Kiều Thị Thủy Tiên | D31: Kế toán quản lý thuế | E31: 42795 | F31: 2 | G31: =DATEDIF(E31,$J$3,"y") -> 1 | H31: =DATEDIF(E31,$J$3,"ym") -> 5 | I31: =DATEDIF(E31,$J$3,"md") -> 24 | J31: =VLOOKUP(D31,'THANG B.LUONG'!$B$5:$I$513,F31+1,0) -> 0 | K31: 0 | L31: 0 | M31: =IF(G31>=3,J31*(0.03+(G31-3)*0.01),0) -> 0 | N31: 0 | O31: 0 | P31: 0 | Q31: 0 | R31: 0 | S31: 0 | T31: 0 | U31: 0 | V31: =SUM(J31:U31)-P31 -> 0 | W31: =VLOOKUP(B31,#REF!,35,0) -> #REF! | X31: =VLOOKUP(B31,#REF!,37,0) -> #REF! | Y31: =VLOOKUP(B31,#REF!,38,0) -> #REF! | Z31: =VLOOKUP(B31,#REF!,72,0) -> #REF! | AA31: =VLOOKUP(B31,#REF!,71,0) -> #REF! | AB31: =VLOOKUP(B31,#REF!,36,0) -> #REF! | AK31: =V31/#REF!*(W31+Z31/8*2+AA31/8*1.5+AB31*3)+J31/#REF!*(X31+Y31)+AC31+P31+AE31+AG31+AH31+AI31+AJ31 -> #REF! | AL31: =AM31*$AN$3 -> 577.5 | AM31: 5500 | AN31: =VLOOKUP(B31,#REF!,75,0) -> #REF! | AP31: =ROUND(AK31-AL31-AN31+AO31,-1) -> #REF!
B32: KT09 | C32: Huỳnh Ngọc Giang | D32: Kế toán quản trị | E32: 42809 | F32: 3 | G32: =DATEDIF(E32,$J$3,"y") -> 1 | H32: =DATEDIF(E32,$J$3,"ym") -> 5 | I32: =DATEDIF(E32,$J$3,"md") -> 10 | J32: =VLOOKUP(D32,'THANG B.LUONG'!$B$5:$I$513,F32+1,0) -> 0 | K32: 0 | L32: 0 | M32: =IF(G32>=3,J32*(0.03+(G32-3)*0.01),0) -> 0 | N32: 0 | O32: 200 | P32: 0 | Q32: 0 | R32: 0 | S32: 0 | T32: 0 | U32: 0 | V32: =SUM(J32:U32)-P32 -> 200 | W32: =VLOOKUP(B32,#REF!,35,0) -> #REF! | X32: =VLOOKUP(B32,#REF!,37,0) -> #REF! | Y32: =VLOOKUP(B32,#REF!,38,0) -> #REF! | Z32: =VLOOKUP(B32,#REF!,72,0) -> #REF! | AA32: =VLOOKUP(B32,#REF!,71,0) -> #REF! | AB32: =VLOOKUP(B32,#REF!,36,0) -> #REF! | AK32: =V32/#REF!*(W32+Z32/8*2+AA32/8*1.5+AB32*3)+J32/#REF!*(X32+Y32)+AC32+P32+AE32+AG32+AH32+AI32+AJ32 -> #REF! | AL32: =AM32*$AN$3 -> 525 | AM32: 5000 | AN32: =VLOOKUP(B32,#REF!,75,0) -> #REF! | AP32: =ROUND(AK32-AL32-AN32+AO32,-1) -> #REF!
B33: KT11 | C33: Nguyễn Thị Phượng Nhi | D33: ='THANG B.LUONG'!B28 -> Kế toán nội bộ | E33: 43070 | F33: 1 | G33: =DATEDIF(E33,$J$3,"y") -> 0 | H33: =DATEDIF(E33,$J$3,"ym") -> 8 | I33: =DATEDIF(E33,$J$3,"md") -> 24 | J33: =VLOOKUP(D33,'THANG B.LUONG'!$B$5:$I$513,F33+1,0) -> 0 | K33: 0 | L33: 0 | M33: =IF(G33>=3,J33*(0.03+(G33-3)*0.01),0) -> 0 | N33: 0 | O33: 0 | P33: 0 | Q33: 0 | R33: 0 | S33: 0 | T33: 0 | U33: 0 | V33: =SUM(J33:U33)-P33 -> 0 | W33: =VLOOKUP(B33,#REF!,35,0) -> #REF! | X33: =VLOOKUP(B33,#REF!,37,0) -> #REF! | Y33: =VLOOKUP(B33,#REF!,38,0) -> #REF! | Z33: =VLOOKUP(B33,#REF!,72,0) -> #REF! | AA33: =VLOOKUP(B33,#REF!,71,0) -> #REF! | AB33: =VLOOKUP(B33,#REF!,36,0) -> #REF! | AK33: =V33/#REF!*(W33+Z33/8*2+AA33/8*1.5+AB33*3)+J33/#REF!*(X33+Y33)+AC33+P33+AE33+AG33+AH33+AI33+AJ33 -> #REF! | AL33: =AM33*$AN$3 -> 0 | AM33: 0 | AN33: =VLOOKUP(B33,#REF!,75,0) -> #REF! | AP33: =ROUND(AK33-AL33-AN33+AO33,-1) -> #REF!
C34: Ban XDCB - XD | AK34: =SUM(AK35:AK43) -> #REF! | AL34: =SUM(AL35:AL43) -> 1680 | AM34: =SUM(AM35:AM43) -> 16000 | AN34: =SUM(AN35:AN43) -> #REF! | AO34: =SUM(AO35:AO43) -> 0 | AP34: =SUM(AP35:AP43) -> #REF!
B35: XD02 | C35: Châu Phước Thuần | D35: ='THANG B.LUONG'!B69 -> CV giám sát thi công | E35: 42338 | F35: 4 | G35: =DATEDIF(E35,$J$3,"y") -> 2 | H35: =DATEDIF(E35,$J$3,"ym") -> 8 | I35: =DATEDIF(E35,$J$3,"md") -> 26 | J35: =VLOOKUP(D35,'THANG B.LUONG'!$B$5:$I$513,F35+1,0) -> 0 | K35: 0 | L35: 500 | M35: =IF(G35>=3,J35*(0.03+(G35-3)*0.01),0) -> 0 | N35: 0 | O35: 200 | P35: 300 | Q35: 0 | R35: 0 | S35: 0 | T35: 0 | U35: 0 | V35: =SUM(J35:U35)-P35 -> 700 | W35: =VLOOKUP(B35,#REF!,35,0) -> #REF! | X35: =VLOOKUP(B35,#REF!,37,0) -> #REF! | Y35: =VLOOKUP(B35,#REF!,38,0) -> #REF! | Z35: =VLOOKUP(B35,#REF!,72,0) -> #REF! | AA35: =VLOOKUP(B35,#REF!,71,0) -> #REF! | AB35: =VLOOKUP(B35,#REF!,36,0) -> #REF! | AJ35: 300 | AK35: =V35/#REF!*(W35+Z35/8*2+AA35/8*1.5+AB35*3)+J35/#REF!*(X35+Y35)+AC35+P35+AE35+AG35+AH35+AI35+AJ35 -> #REF! | AL35: =AM35*$AN$3 -> 525 | AM35: 5000 | AN35: =VLOOKUP(B35,#REF!,75,0) -> #REF! | AP35: =ROUND(AK35-AL35-AN35+AO35,-1) -> #REF!
B36: XD03 | C36: Nguyễn Duy Long | D36: ='THANG B.LUONG'!B67 -> Trưởng BP GS kỹ thuật | E36: 42475 | F36: 2 | G36: =DATEDIF(E36,$J$3,"y") -> 2 | H36: =DATEDIF(E36,$J$3,"ym") -> 4 | I36: =DATEDIF(E36,$J$3,"md") -> 10 | J36: =VLOOKUP(D36,'THANG B.LUONG'!$B$5:$I$513,F36+1,0) -> 0 | K36: 0 | L36: 1000 | M36: =IF(G36>=3,J36*(0.03+(G36-3)*0.01),0) -> 0 | N36: 0 | O36: 500 | P36: 500 | Q36: 0 | R36: 0 | S36: 0 | T36: 0 | U36: 0 | V36: =SUM(J36:U36)-P36 -> 1500 | W36: =VLOOKUP(B36,#REF!,35,0) -> #REF! | X36: =VLOOKUP(B36,#REF!,37,0) -> #REF! | Y36: =VLOOKUP(B36,#REF!,38,0) -> #REF! | Z36: =VLOOKUP(B36,#REF!,72,0) -> #REF! | AA36: =VLOOKUP(B36,#REF!,71,0) -> #REF! | AB36: =VLOOKUP(B36,#REF!,36,0) -> #REF! | AK36: =V36/#REF!*(W36+Z36/8*2+AA36/8*1.5+AB36*3)+J36/#REF!*(X36+Y36)+AC36+P36+AE36+AG36+AH36+AI36+AJ36 -> #REF! | AL36: =AM36*$AN$3 -> 577.5 | AM36: 5500 | AN36: =VLOOKUP(B36,#REF!,75,0) -> #REF! | AP36: =ROUND(AK36-AL36-AN36+AO36,-1) -> #REF!
B37: XD04 | C37: Nguyễn Trần Duy Anh | D37: ='THANG B.LUONG'!B62 -> Trưởng BP thiết kế kỹ thuật | E37: 42485 | F37: 4 | G37: =DATEDIF(E37,$J$3,"y") -> 2 | H37: =DATEDIF(E37,$J$3,"ym") -> 4 | I37: =DATEDIF(E37,$J$3,"md") -> 0 | J37: =VLOOKUP(D37,'THANG B.LUONG'!$B$5:$I$513,F37+1,0) -> 0 | K37: 0 | L37: 1000 | M37: =IF(G37>=3,J37*(0.03+(G37-3)*0.01),0) -> 0 | N37: 0 | O37: 500 | P37: 500 | Q37: 0 | R37: 0 | S37: 0 | T37: 0 | U37: 0 | V37: =SUM(J37:U37)-P37 -> 1500 | W37: =VLOOKUP(B37,#REF!,35,0) -> #REF! | X37: =VLOOKUP(B37,#REF!,37,0) -> #REF! | Y37: =VLOOKUP(B37,#REF!,38,0) -> #REF! | Z37: =VLOOKUP(B37,#REF!,72,0) -> #REF! | AA37: =VLOOKUP(B37,#REF!,71,0) -> #REF! | AB37: =VLOOKUP(B37,#REF!,36,0) -> #REF! | AK37: =V37/#REF!*(W37+Z37/8*2+AA37/8*1.5+AB37*3)+J37/#REF!*(X37+Y37)+AC37+P37+AE37+AG37+AH37+AI37+AJ37 -> #REF! | AL37: =AM37*$AN$3 -> 577.5 | AM37: 5500 | AN37: =VLOOKUP(B37,#REF!,75,0) -> #REF! | AP37: =ROUND(AK37-AL37-AN37+AO37,-1) -> #REF!
B38: XD05 | C38: Chế Thanh Thân | D38: ='THANG B.LUONG'!B64 -> CV KCS xây dựng | E38: 43222 | F38: 1 | G38: =DATEDIF(E38,$J$3,"y") -> 0 | H38: =DATEDIF(E38,$J$3,"ym") -> 3 | I38: =DATEDIF(E38,$J$3,"md") -> 23 | J38: =VLOOKUP(D38,'THANG B.LUONG'!$B$5:$I$513,F38+1,0) -> 0 | K38: 0 | L38: 0 | M38: =IF(G38>=3,J38*(0.03+(G38-3)*0.01),0) -> 0 | N38: 0 | O38: 0 | P38: 200 | Q38: 0 | R38: 0 | S38: 0 | T38: 0 | U38: 0 | V38: =(SUM(J38:U38)-P38) -> 0 | W38: =VLOOKUP(B38,#REF!,35,0) -> #REF! | X38: =VLOOKUP(B38,#REF!,37,0) -> #REF! | Y38: =VLOOKUP(B38,#REF!,38,0) -> #REF! | Z38: =VLOOKUP(B38,#REF!,72,0) -> #REF! | AA38: =VLOOKUP(B38,#REF!,71,0) -> #REF! | AB38: =VLOOKUP(B38,#REF!,36,0) -> #REF! | AK38: =V38/#REF!*(W38+Z38/8*2+AA38/8*1.5+AB38*3)+J38/#REF!*(X38+Y38)+AC38+P38+AE38+AG38+AH38+AI38+AJ38 -> #REF! | AL38: =AM38*$AN$3 -> 0 | AM38: 0 | AN38: =VLOOKUP(B38,#REF!,75,0) -> #REF! | AP38: =ROUND(AK38-AL38-AN38+AO38,-1) -> #REF!
B39: XD06 | C39: Chau Ri Na | D39: ='THANG B.LUONG'!B66 -> NV thiết kế xây dựng | E39: 43227 | F39: 2 | G39: =DATEDIF(E39,$J$3,"y") -> 0 | H39: =DATEDIF(E39,$J$3,"ym") -> 3 | I39: =DATEDIF(E39,$J$3,"md") -> 18 | J39: =VLOOKUP(D39,'THANG B.LUONG'!$B$5:$I$513,F39+1,0) -> 0 | K39: 0 | L39: 0 | M39: =IF(G39>=3,J39*(0.03+(G39-3)*0.01),0) -> 0 | N39: 0 | O39: 0 | P39: 200 | Q39: 0 | R39: 0 | S39: 0 | T39: 0 | U39: 0 | V39: =(SUM(J39:U39)-P39) -> 0 | W39: =VLOOKUP(B39,#REF!,35,0) -> #REF! | X39: =VLOOKUP(B39,#REF!,37,0) -> #REF! | Y39: =VLOOKUP(B39,#REF!,38,0) -> #REF! | Z39: =VLOOKUP(B39,#REF!,72,0) -> #REF! | AA39: =VLOOKUP(B39,#REF!,71,0) -> #REF! | AB39: =VLOOKUP(B39,#REF!,36,0) -> #REF! | AK39: =V39/#REF!*(W39+Z39/8*2+AA39/8*1.5+AB39*3)+J39/#REF!*(X39+Y39)+AC39+P39+AE39+AG39+AH39+AI39+AJ39 -> #REF! | AL39: =AM39*$AN$3 -> 0 | AM39: 0 | AN39: =VLOOKUP(B39,#REF!,75,0) -> #REF! | AP39: =ROUND(AK39-AL39-AN39+AO39,-1) -> #REF!
B40: XD07 | C40: Nguyễn Văn Bích | D40: ='THANG B.LUONG'!B69 -> CV giám sát thi công | E40: 43250 | F40: 3 | G40: =DATEDIF(E40,$J$3,"y") -> 0 | H40: =DATEDIF(E40,$J$3,"ym") -> 2 | I40: =DATEDIF(E40,$J$3,"md") -> 26 | J40: =VLOOKUP(D40,'THANG B.LUONG'!$B$5:$I$513,F40+1,0) -> 0 | K40: 0 | L40: 0 | M40: =IF(G40>=3,J40*(0.03+(G40-3)*0.01),0) -> 0 | N40: 0 | O40: 0 | P40: 200 | Q40: 0 | R40: 0 | S40: 0 | T40: 0 | U40: 0 | V40: =(SUM(J40:U40)-P40)*0.85 -> 0 | W40: 3 | X40: =VLOOKUP(B40,#REF!,37,0) -> #REF! | Y40: =VLOOKUP(B40,#REF!,38,0) -> #REF! | Z40: =VLOOKUP(B40,#REF!,72,0) -> #REF! | AA40: =VLOOKUP(B40,#REF!,71,0) -> #REF! | AB40: =VLOOKUP(B40,#REF!,36,0) -> #REF! | AK40: =V40/#REF!*(W40+Z40/8*2+AA40/8*1.5+AB40*3)+J40/#REF!*(X40+Y40)+AC40+P40+AE40+AG40+AH40+AI40+AJ40 -> #REF! | AL40: =AM40*$AN$3 -> 0 | AM40: 0 | AN40: 0 | AP40: =ROUND(AK40-AL40-AN40+AO40,-1) -> #REF!
B41: XD07 | C41: Nguyễn Văn Bích | D41: ='THANG B.LUONG'!B69 -> CV giám sát thi công | E41: 43250 | F41: 3 | G41: =DATEDIF(E41,$J$3,"y") -> 0 | H41: =DATEDIF(E41,$J$3,"ym") -> 2 | I41: =DATEDIF(E41,$J$3,"md") -> 26 | J41: =VLOOKUP(D41,'THANG B.LUONG'!$B$5:$I$513,F41+1,0) -> 0 | K41: 0 | L41: 0 | M41: =IF(G41>=3,J41*(0.03+(G41-3)*0.01),0) -> 0 | N41: 0 | O41: 0 | P41: 0 | Q41: 0 | R41: 0 | S41: 0 | T41: 0 | U41: 0 | V41: =SUM(J41:U41)-P41 -> 0 | W41: 24 | X41: =VLOOKUP(B41,#REF!,37,0) -> #REF! | Y41: =VLOOKUP(B41,#REF!,38,0) -> #REF! | Z41: 0 | AA41: =VLOOKUP(B41,#REF!,71,0) -> #REF! | AB41: =VLOOKUP(B41,#REF!,36,0) -> #REF! | AK41: =V41/#REF!*(W41+Z41/8*2+AA41/8*1.5+AB41*3)+J41/#REF!*(X41+Y41)+AC41+P41+AE41+AG41+AH41+AI41+AJ41 -> #REF! | AL41: =AM41*$AN$3 -> 0 | AM41: 0 | AN41: =VLOOKUP(B41,#REF!,75,0) -> #REF! | AP41: =ROUND(AK41-AL41-AN41+AO41,-1) -> #REF!
B42: XD09 | C42: Lê Đình Tiến | D42: ='THANG B.LUONG'!B69 -> CV giám sát thi công | E42: 43271 | F42: 2 | G42: =DATEDIF(E42,$J$3,"y") -> 0 | H42: =DATEDIF(E42,$J$3,"ym") -> 2 | I42: =DATEDIF(E42,$J$3,"md") -> 5 | J42: =VLOOKUP(D42,'THANG B.LUONG'!$B$5:$I$513,F42+1,0) -> 0 | K42: 0 | L42: 0 | M42: =IF(G42>=3,J42*(0.03+(G42-3)*0.01),0) -> 0 | N42: 0 | O42: 0 | P42: 200 | Q42: 0 | R42: 0 | S42: 0 | T42: 0 | U42: 0 | V42: =(SUM(J42:U42)-P42)*0.85 -> 0 | W42: 20 | X42: =VLOOKUP(B42,#REF!,37,0) -> #REF! | Y42: =VLOOKUP(B42,#REF!,38,0) -> #REF! | Z42: =VLOOKUP(B42,#REF!,72,0) -> #REF! | AA42: =VLOOKUP(B42,#REF!,71,0) -> #REF! | AB42: =VLOOKUP(B42,#REF!,36,0) -> #REF! | AK42: =V42/#REF!*(W42+Z42/8*2+AA42/8*1.5+AB42*3)+J42/#REF!*(X42+Y42)+AC42+P42+AE42+AG42+AH42+AI42+AJ42 -> #REF! | AL42: =AM42*$AN$3 -> 0 | AM42: 0 | AN42: =VLOOKUP(B42,#REF!,75,0) -> #REF! | AP42: =ROUND(AK42-AL42-AN42+AO42,-1) -> #REF!
B43: XD09 | C43: Lê Đình Tiến | D43: ='THANG B.LUONG'!B69 -> CV giám sát thi công | E43: 43271 | F43: 2 | G43: =DATEDIF(E43,$J$3,"y") -> 0 | H43: =DATEDIF(E43,$J$3,"ym") -> 2 | I43: =DATEDIF(E43,$J$3,"md") -> 5 | J43: =VLOOKUP(D43,'THANG B.LUONG'!$B$5:$I$513,F43+1,0) -> 0 | K43: 0 | L43: 0 | M43: =IF(G43>=3,J43*(0.03+(G43-3)*0.01),0) -> 0 | N43: 0 | O43: 0 | P43: 0 | Q43: 0 | R43: 0 | S43: 0 | T43: 0 | U43: 0 | V43: =SUM(J43:U43)-P43 -> 0 | W43: 6 | X43: 0 | Y43: =VLOOKUP(B43,#REF!,38,0) -> #REF! | Z43: 0 | AA43: =VLOOKUP(B43,#REF!,71,0) -> #REF! | AB43: =VLOOKUP(B43,#REF!,36,0) -> #REF! | AK43: =V43/#REF!*(W43+Z43/8*2+AA43/8*1.5+AB43*3)+J43/#REF!*(X43+Y43)+AC43+P43+AE43+AG43+AH43+AI43+AJ43 -> #REF! | AL43: =AM43*$AN$3 -> 0 | AM43: 0 | AN43: 0 | AP43: =ROUND(AK43-AL43-AN43+AO43,-1) -> #REF!
C44: Phòng KH- Vật tư | AK44: =SUM(AK45:AK50) -> #REF! | AL44: =SUM(AL45:AL50) -> 1396.5 | AM44: =SUM(AM45:AM50) -> 13300 | AN44: =SUM(AN45:AN50) -> #REF! | AO44: =SUM(AO45:AO50) -> 0 | AP44: =SUM(AP45:AP50) -> #REF!
B45: VT05 | C45: Lê Châu Bào | D45: TRƯỞNG BAN KẾ HOẠCH VẬT TƯ | E45: 42891 | F45: 3 | G45: =DATEDIF(E45,$J$3,"y") -> 1 | H45: =DATEDIF(E45,$J$3,"ym") -> 2 | I45: =DATEDIF(E45,$J$3,"md") -> 20 | J45: =VLOOKUP(D45,'THANG B.LUONG'!$B$5:$I$513,F45+1,0) -> 0 | K45: 0 | L45: 3000 | M45: =IF(G45>=3,J45*(0.03+(G45-3)*0.01),0) -> 0 | N45: 0 | O45: 1000 | P45: 1000 | Q45: 0 | R45: 0 | S45: 0 | T45: 0 | U45: 0 | V45: =SUM(J45:U45)-P45 -> 4000 | W45: =VLOOKUP(B45,#REF!,35,0) -> #REF! | X45: =VLOOKUP(B45,#REF!,37,0) -> #REF! | Y45: =VLOOKUP(B45,#REF!,38,0) -> #REF! | Z45: =VLOOKUP(B45,#REF!,72,0) -> #REF! | AA45: =VLOOKUP(B45,#REF!,71,0) -> #REF! | AB45: =VLOOKUP(B45,#REF!,36,0) -> #REF! | AK45: =V45/#REF!*(W45+Z45/8*2+AA45/8*1.5+AB45*3)+J45/#REF!*(X45+Y45)+AC45+P45+AE45+AG45+AH45+AI45+AJ45 -> #REF! | AL45: =AM45*$AN$3 -> 871.5 | AM45: 8300 | AN45: =VLOOKUP(B45,#REF!,75,0) -> #REF! | AP45: =ROUND(AK45-AL45-AN45+AO45,-1) -> #REF!
B46: VT01 | C46: Trần Văn Vị Toàn | D46: ='THANG B.LUONG'!B39 -> CV thu mua vật tư | E46: 39083 | F46: 3 | G46: =DATEDIF(E46,$J$3,"y") -> 11 | H46: =DATEDIF(E46,$J$3,"ym") -> 7 | I46: =DATEDIF(E46,$J$3,"md") -> 24 | J46: =VLOOKUP(D46,'THANG B.LUONG'!$B$5:$I$513,F46+1,0) -> 0 | K46: 0 | L46: 0 | M46: =IF(G46>=3,J46*(0.03+(G46-3)*0.01),0) -> 0 | N46: 0 | O46: 0 | P46: 300 | Q46: 0 | R46: 0 | S46: 0 | T46: 0 | U46: 0 | V46: =SUM(J46:U46)-P46 -> 0 | W46: =VLOOKUP(B46,#REF!,35,0) -> #REF! | X46: =VLOOKUP(B46,#REF!,37,0) -> #REF! | Y46: =VLOOKUP(B46,#REF!,38,0) -> #REF! | Z46: =VLOOKUP(B46,#REF!,72,0) -> #REF! | AA46: =VLOOKUP(B46,#REF!,71,0) -> #REF! | AB46: =VLOOKUP(B46,#REF!,36,0) -> #REF! | AK46: =V46/#REF!*(W46+Z46/8*2+AA46/8*1.5+AB46*3)+J46/#REF!*(X46+Y46)+AC46+P46+AE46+AG46+AH46+AI46+AJ46 -> #REF! | AL46: =AM46*$AN$3 -> 525 | AM46: 5000 | AN46: =VLOOKUP(B46,#REF!,75,0) -> #REF! | AP46: =ROUND(AK46-AL46-AN46+AO46,-1) -> #REF!
B47: VT03 | C47: Võ Thị Khánh Huyền | D47: ='THANG B.LUONG'!B39 -> CV thu mua vật tư | E47: 43236 | F47: 5 | G47: =DATEDIF(E47,$J$3,"y") -> 0 | H47: =DATEDIF(E47,$J$3,"ym") -> 3 | I47: =DATEDIF(E47,$J$3,"md") -> 9 | J47: =VLOOKUP(D47,'THANG B.LUONG'!$B$5:$I$513,F47+1,0) -> 0 | K47: 0 | L47: 0 | M47: =IF(G47>=3,J47*(0.03+(G47-3)*0.01),0) -> 0 | N47: 0 | O47: 0 | P47: 300 | Q47: 0 | R47: 0 | S47: 0 | T47: 0 | U47: 2890 | V47: =SUM(J47:U47)-P47 -> 2890 | W47: =VLOOKUP(B47,#REF!,35,0) -> #REF! | X47: =VLOOKUP(B47,#REF!,37,0) -> #REF! | Y47: =VLOOKUP(B47,#REF!,38,0) -> #REF! | Z47: =VLOOKUP(B47,#REF!,72,0) -> #REF! | AA47: =VLOOKUP(B47,#REF!,71,0) -> #REF! | AB47: =VLOOKUP(B47,#REF!,36,0) -> #REF! | AK47: =V47/#REF!*(W47+Z47/8*2+AA47/8*1.5+AB47*3)+J47/#REF!*(X47+Y47)+AC47+P47+AE47+AG47+AH47+AI47+AJ47 -> #REF! | AL47: =AM47*$AN$3 -> 0 | AM47: 0 | AN47: =VLOOKUP(B47,#REF!,75,0) -> #REF! | AP47: =ROUND(AK47-AL47-AN47+AO47,-1) -> #REF!
B48: VT04 | C48: Phan Đông | D48: ='THANG B.LUONG'!B42 -> CV kế hoạch tổng hợp | E48: 43241 | F48: 3 | G48: =DATEDIF(E48,$J$3,"y") -> 0 | H48: =DATEDIF(E48,$J$3,"ym") -> 3 | I48: =DATEDIF(E48,$J$3,"md") -> 4 | J48: =VLOOKUP(D48,'THANG B.LUONG'!$B$5:$I$513,F48+1,0) -> 0 | K48: 0 | L48: 0 | M48: =IF(G48>=3,J48*(0.03+(G48-3)*0.01),0) -> 0 | N48: 0 | O48: 0 | P48: 300 | Q48: 0 | R48: 0 | S48: 0 | T48: 0 | U48: 0 | V48: =SUM(J48:U48)-P48 -> 0 | W48: =VLOOKUP(B48,#REF!,35,0) -> #REF! | X48: =VLOOKUP(B48,#REF!,37,0) -> #REF! | Y48: =VLOOKUP(B48,#REF!,38,0) -> #REF! | Z48: =VLOOKUP(B48,#REF!,72,0) -> #REF! | AA48: =VLOOKUP(B48,#REF!,71,0) -> #REF! | AB48: =VLOOKUP(B48,#REF!,36,0) -> #REF! | AK48: =V48/#REF!*(W48+Z48/8*2+AA48/8*1.5+AB48*3)+J48/#REF!*(X48+Y48)+AC48+P48+AE48+AG48+AH48+AI48+AJ48 -> #REF! | AL48: =AM48*$AN$3 -> 0 | AM48: 0 | AN48: =VLOOKUP(B48,#REF!,75,0) -> #REF! | AP48: =ROUND(AK48-AL48-AN48+AO48,-1) -> #REF!
B49: VT07 | C49: Thái Hồng Phát | D49: ='THANG B.LUONG'!B40 -> NV Thu mua MMTB | E49: 43087 | F49: 3 | G49: =DATEDIF(E49,$J$3,"y") -> 0 | H49: =DATEDIF(E49,$J$3,"ym") -> 8 | I49: =DATEDIF(E49,$J$3,"md") -> 7 | J49: =VLOOKUP(D49,'THANG B.LUONG'!$B$5:$I$513,F49+1,0) -> 0 | K49: 0 | L49: 0 | M49: =IF(G49>=3,J49*(0.03+(G49-3)*0.01),0) -> 0 | N49: 0 | O49: 0 | P49: 300 | Q49: 0 | R49: 0 | S49: 0 | T49: 0 | U49: 0 | V49: =SUM(J49:U49)-P49 -> 0 | W49: =VLOOKUP(B49,#REF!,35,0) -> #REF! | X49: =VLOOKUP(B49,#REF!,37,0) -> #REF! | Y49: =VLOOKUP(B49,#REF!,38,0) -> #REF! | Z49: 0 | AA49: 0 | AB49: 0 | AK49: =V49/#REF!*(W49+Z49/8*2+AA49/8*1.5+AB49*3)+J49/#REF!*(X49+Y49)+AC49+P49+AE49+AG49+AH49+AI49+AJ49 -> #REF! | AL49: =AM49*$AN$3 -> 0 | AM49: 0 | AN49: =VLOOKUP(B49,#REF!,75,0) -> #REF! | AP49: =ROUND(AK49-AL49-AN49+AO49,-1) -> #REF!
B50: VT08 | C50: Nguyễn Quốc Trung | D50: ='THANG B.LUONG'!B39 -> CV thu mua vật tư | E50: 43332 | F50: 0 | G50: =DATEDIF(E50,$J$3,"y") -> 0 | H50: =DATEDIF(E50,$J$3,"ym") -> 0 | I50: =DATEDIF(E50,$J$3,"md") -> 5 | J50: 14150 | K50: 0 | L50: 0 | M50: =IF(G50>=3,J50*(0.03+(G50-3)*0.01),0) -> 0 | N50: 0 | O50: 0 | P50: 300 | Q50: 0 | R50: 0 | S50: 0 | T50: 0 | U50: 0 | V50: =(SUM(J50:U50)-P50)*0.85 -> 12027.5 | W50: =VLOOKUP(B50,#REF!,35,0) -> #REF! | X50: =VLOOKUP(B50,#REF!,37,0) -> #REF! | Y50: =VLOOKUP(B50,#REF!,38,0) -> #REF! | Z50: 0 | AA50: 0 | AB50: 0 | AK50: =V50/#REF!*(W50+Z50/8*2+AA50/8*1.5+AB50*3)+J50/#REF!*(X50+Y50)+AC50+P50+AE50+AG50+AH50+AI50+AJ50 -> #REF! | AL50: =AM50*$AN$3 -> 0 | AM50: 0 | AN50: =VLOOKUP(B50,#REF!,75,0) -> #REF! | AP50: =ROUND(AK50-AL50-AN50+AO50,-1) -> #REF!
C51: Ban Dự án | AK51: =SUM(AK52:AK56) -> #REF! | AL51: =SUM(AL52:AL56) -> 2887.5 | AM51: =SUM(AM52:AM56) -> 27500 | AN51: =SUM(AN52:AN56) -> #REF! | AO51: =SUM(AO52:AO56) -> 0 | AP51: =SUM(AP52:AP56) -> #REF!
B52: DA01 | C52: Huỳnh Thanh Liêm | D52: TRƯỞNG BAN DỰ ÁN CÔNG | E52: 40848 | F52: 2 | G52: =DATEDIF(E52,$J$3,"y") -> 6 | H52: =DATEDIF(E52,$J$3,"ym") -> 9 | I52: =DATEDIF(E52,$J$3,"md") -> 24 | J52: =VLOOKUP(D52,'THANG B.LUONG'!$B$5:$I$513,F52+1,0) -> 0 | K52: 0 | L52: 3000 | M52: =IF(G52>=3,J52*(0.03+(G52-3)*0.01),0) -> 0 | N52: 0 | O52: 1000 | P52: 1000 | Q52: 0 | R52: 0 | S52: 0 | T52: 0 | U52: 0 | V52: =SUM(J52:U52)-P52 -> 4000 | W52: =VLOOKUP(B52,#REF!,35,0) -> #REF! | X52: =VLOOKUP(B52,#REF!,37,0) -> #REF! | Y52: =VLOOKUP(B52,#REF!,38,0) -> #REF! | Z52: =VLOOKUP(B52,#REF!,72,0) -> #REF! | AA52: =VLOOKUP(B52,#REF!,71,0) -> #REF! | AB52: =VLOOKUP(B52,#REF!,36,0) -> #REF! | AK52: =V52/#REF!*(W52+Z52/8*2+AA52/8*1.5+AB52*3)+J52/#REF!*(X52+Y52)+AC52+P52+AE52+AG52+AH52+AI52+AJ52 -> #REF! | AL52: =AM52*$AN$3 -> 871.5 | AM52: 8300 | AN52: =VLOOKUP(B52,#REF!,75,0) -> #REF! | AP52: =ROUND(AK52-AL52-AN52+AO52,-1) -> #REF!
B53: DA02 | C53: Lê Công Nhất Trung | D53: NV triển khai thực hiện dự án | E53: 41487 | F53: 4 | G53: =DATEDIF(E53,$J$3,"y") -> 5 | H53: =DATEDIF(E53,$J$3,"ym") -> 0 | I53: =DATEDIF(E53,$J$3,"md") -> 24 | J53: =VLOOKUP(D53,'THANG B.LUONG'!$B$5:$I$513,F53+1,0) -> 0 | K53: 0 | L53: 0 | M53: =IF(G53>=3,J53*(0.03+(G53-3)*0.01),0) -> 0 | N53: 0 | O53: 0 | P53: 0 | Q53: 0 | R53: 0 | S53: 0 | T53: 0 | U53: 0 | V53: =SUM(J53:U53)-P53 -> 0 | W53: =VLOOKUP(B53,#REF!,35,0) -> #REF! | X53: =VLOOKUP(B53,#REF!,37,0) -> #REF! | Y53: =VLOOKUP(B53,#REF!,38,0) -> #REF! | Z53: =VLOOKUP(B53,#REF!,72,0) -> #REF! | AA53: =VLOOKUP(B53,#REF!,71,0) -> #REF! | AB53: =VLOOKUP(B53,#REF!,36,0) -> #REF! | AK53: =V53/#REF!*(W53+Z53/8*2+AA53/8*1.5+AB53*3)+J53/#REF!*(X53+Y53)+AC53+P53+AE53+AG53+AH53+AI53+AJ53 -> #REF! | AL53: =AM53*$AN$3 -> 504 | AM53: 4800 | AN53: =VLOOKUP(B53,#REF!,75,0) -> #REF! | AP53: =ROUND(AK53-AL53-AN53+AO53,-1) -> #REF!
B54: DA04 | C54: Cao Xuân Vũ | D54: NV triển khai thực hiện dự án | E54: 42569 | F54: 3 | G54: =DATEDIF(E54,$J$3,"y") -> 2 | H54: =DATEDIF(E54,$J$3,"ym") -> 1 | I54: =DATEDIF(E54,$J$3,"md") -> 7 | J54: =VLOOKUP(D54,'THANG B.LUONG'!$B$5:$I$513,F54+1,0) -> 0 | K54: 0 | L54: 0 | M54: =IF(G54>=3,J54*(0.03+(G54-3)*0.01),0) -> 0 | N54: 0 | O54: 0 | P54: 0 | Q54: 0 | R54: 0 | S54: 0 | T54: 0 | U54: 0 | V54: =SUM(J54:U54)-P54 -> 0 | W54: =VLOOKUP(B54,#REF!,35,0) -> #REF! | X54: =VLOOKUP(B54,#REF!,37,0) -> #REF! | Y54: =VLOOKUP(B54,#REF!,38,0) -> #REF! | Z54: =VLOOKUP(B54,#REF!,72,0) -> #REF! | AA54: =VLOOKUP(B54,#REF!,71,0) -> #REF! | AB54: =VLOOKUP(B54,#REF!,36,0) -> #REF! | AK54: =V54/#REF!*(W54+Z54/8*2+AA54/8*1.5+AB54*3)+J54/#REF!*(X54+Y54)+AC54+P54+AE54+AG54+AH54+AI54+AJ54 -> #REF! | AL54: =AM54*$AN$3 -> 504 | AM54: 4800 | AN54: =VLOOKUP(B54,#REF!,75,0) -> #REF! | AP54: =ROUND(AK54-AL54-AN54+AO54,-1) -> #REF!
B55: DA05 | C55: Trần Ngọc Thạch | D55: NV triển khai thực hiện dự án | E55: 42835 | F55: 1 | G55: =DATEDIF(E55,$J$3,"y") -> 1 | H55: =DATEDIF(E55,$J$3,"ym") -> 4 | I55: =DATEDIF(E55,$J$3,"md") -> 15 | J55: =VLOOKUP(D55,'THANG B.LUONG'!$B$5:$I$513,F55+1,0) -> 0 | K55: 0 | L55: 0 | M55: =IF(G55>=3,J55*(0.03+(G55-3)*0.01),0) -> 0 | N55: 0 | O55: 0 | P55: 0 | Q55: 0 | R55: 0 | S55: 0 | T55: 0 | U55: 0 | V55: =SUM(J55:U55)-P55 -> 0 | W55: =VLOOKUP(B55,#REF!,35,0) -> #REF! | X55: =VLOOKUP(B55,#REF!,37,0) -> #REF! | Y55: =VLOOKUP(B55,#REF!,38,0) -> #REF! | Z55: =VLOOKUP(B55,#REF!,72,0) -> #REF! | AA55: =VLOOKUP(B55,#REF!,71,0) -> #REF! | AB55: =VLOOKUP(B55,#REF!,36,0) -> #REF! | AK55: =V55/#REF!*(W55+Z55/8*2+AA55/8*1.5+AB55*3)+J55/#REF!*(X55+Y55)+AC55+P55+AE55+AG55+AH55+AI55+AJ55 -> #REF! | AL55: =AM55*$AN$3 -> 504 | AM55: 4800 | AN55: =VLOOKUP(B55,#REF!,75,0) -> #REF! | AP55: =ROUND(AK55-AL55-AN55+AO55,-1) -> #REF!
B56: DA03 | C56: Trần Thị Minh Thương | D56: ='THANG B.LUONG'!B34 -> NV nghiệm thu thanh toán | E56: 42565 | F56: 3 | G56: =DATEDIF(E56,$J$3,"y") -> 2 | H56: =DATEDIF(E56,$J$3,"ym") -> 1 | I56: =DATEDIF(E56,$J$3,"md") -> 11 | J56: =VLOOKUP(D56,'THANG B.LUONG'!$B$5:$I$513,F56+1,0) -> 0 | K56: 0 | L56: 0 | M56: =IF(G56>=3,J56*(0.03+(G56-3)*0.01),0) -> 0 | N56: 0 | O56: 0 | P56: 0 | Q56: 0 | R56: 0 | S56: 0 | T56: 0 | U56: 0 | V56: =SUM(J56:U56)-P56 -> 0 | W56: =VLOOKUP(B56,#REF!,35,0) -> #REF! | X56: =VLOOKUP(B56,#REF!,37,0) -> #REF! | Y56: 0 | Z56: 0 | AA56: 0 | AB56: 0 | AK56: =V56/#REF!*(W56+Z56/8*2+AA56/8*1.5+AB56*3)+J56/#REF!*(X56+Y56)+AC56+P56+AE56+AG56+AH56+AI56+AJ56 -> #REF! | AL56: =AM56*$AN$3 -> 504 | AM56: 4800 | AN56: =VLOOKUP(B56,#REF!,75,0) -> #REF! | AP56: =ROUND(AK56-AL56-AN56+AO56,-1) -> #REF!
C57: Ban Dự án Nghiên Cứu | AK57: =SUM(AK58:AK59) -> #REF! | AL57: =SUM(AL58:AL59) -> 0 | AM57: =SUM(AM58:AM59) -> 0 | AN57: =SUM(AN58:AN59) -> #REF! | AO57: =SUM(AO58:AO59) -> 0 | AP57: =SUM(AP58:AP59) -> #REF!
B58: DN01 | C58: Vũ Kiến Quốc | D58: ='THANG B.LUONG'!B36 -> TRƯỞNG BAN DỰ ÁN NGHIÊN CỨU | E58: 43227 | F58: 1 | G58: =DATEDIF(E58,$J$3,"y") -> 0 | H58: =DATEDIF(E58,$J$3,"ym") -> 3 | I58: =DATEDIF(E58,$J$3,"md") -> 18 | J58: =VLOOKUP(D58,'THANG B.LUONG'!$B$5:$I$513,F58+1,0) -> 0 | K58: 0 | L58: 3000 | M58: =IF(G58>=3,J58*(0.03+(G58-3)*0.01),0) -> 0 | N58: 0 | O58: 1000 | P58: 1000 | Q58: 0 | R58: 0 | S58: 0 | T58: 0 | U58: 0 | V58: =SUM(J58:U58)-P58 -> 4000 | W58: =VLOOKUP(B58,#REF!,35,0) -> #REF! | X58: =VLOOKUP(B58,#REF!,37,0) -> #REF! | Y58: =VLOOKUP(B58,#REF!,38,0) -> #REF! | Z58: =VLOOKUP(B58,#REF!,72,0) -> #REF! | AA58: =VLOOKUP(B58,#REF!,71,0) -> #REF! | AB58: =VLOOKUP(B58,#REF!,36,0) -> #REF! | AK58: =V58/#REF!*(W58+Z58/8*2+AA58/8*1.5+AB58*3)+J58/#REF!*(X58+Y58)+AC58+P58+AE58+AG58+AH58+AI58+AJ58 -> #REF! | AL58: =AM58*$AN$3 -> 0 | AM58: 0 | AN58: =VLOOKUP(B58,#REF!,75,0) -> #REF! | AP58: =ROUND(AK58-AL58-AN58+AO58,-1) -> #REF!
B59: DN02 | C59: Dương Thạch Quang | D59: ='THANG B.LUONG'!B37 -> CV dự án nghiên cứu | E59: 43286 | F59: 5 | G59: =DATEDIF(E59,$J$3,"y") -> 0 | H59: =DATEDIF(E59,$J$3,"ym") -> 1 | I59: =DATEDIF(E59,$J$3,"md") -> 20 | J59: 17920 | K59: 0 | L59: 0 | M59: =IF(G59>=3,J59*(0.03+(G59-3)*0.01),0) -> 0 | N59: 0 | O59: 0 | P59: 200 | Q59: 0 | R59: 0 | S59: 0 | T59: 0 | U59: 0 | V59: =(SUM(J59:U59)-P59)*0.85 -> 15232 | W59: =VLOOKUP(B59,#REF!,35,0) -> #REF! | X59: =VLOOKUP(B59,#REF!,37,0) -> #REF! | Y59: =VLOOKUP(B59,#REF!,38,0) -> #REF! | Z59: =VLOOKUP(B59,#REF!,72,0) -> #REF! | AA59: =VLOOKUP(B59,#REF!,71,0) -> #REF! | AB59: =VLOOKUP(B59,#REF!,36,0) -> #REF! | AK59: =V59/#REF!*(W59+Z59/8*2+AA59/8*1.5+AB59*3)+J59/#REF!*(X59+Y59)+AC59+P59+AE59+AG59+AH59+AI59+AJ59 -> #REF! | AL59: =AM59*$AN$3 -> 0 | AM59: 0 | AN59: =VLOOKUP(B59,#REF!,75,0) -> #REF! | AP59: =ROUND(AK59-AL59-AN59+AO59,-1) -> #REF!
C60: Trung tâm NC KHCN -TT | AK60: =SUM(AK61:AK70) -> #REF! | AL60: =SUM(AL61:AL70) -> 1585.5 | AM60: =SUM(AM61:AM70) -> 15100 | AN60: =SUM(AN61:AN70) -> #REF! | AO60: =SUM(AO61:AO70) -> 0 | AP60: =SUM(AP61:AP70) -> #REF!
B61: TT01 | C61: Nguyễn Nguyên Nguyên | D61: GIÁM ĐỐC TTNC | E61: 42443 | F61: 3 | G61: =DATEDIF(E61,$J$3,"y") -> 2 | H61: =DATEDIF(E61,$J$3,"ym") -> 5 | I61: =DATEDIF(E61,$J$3,"md") -> 11 | J61: =VLOOKUP(D61,'THANG B.LUONG'!$B$5:$I$513,F61+1,0) -> 0 | K61: 0 | L61: 3000 | M61: =IF(G61>=3,J61*(0.03+(G61-3)*0.01),0) -> 0 | N61: 0 | O61: 1000 | P61: 1000 | Q61: 0 | R61: 0 | S61: 0 | T61: 0 | U61: 0 | V61: =SUM(J61:U61)-P61 -> 4000 | W61: =VLOOKUP(B61,#REF!,35,0) -> #REF! | X61: =VLOOKUP(B61,#REF!,37,0) -> #REF! | Y61: =VLOOKUP(B61,#REF!,38,0) -> #REF! | Z61: =VLOOKUP(B61,#REF!,72,0) -> #REF! | AA61: =VLOOKUP(B61,#REF!,71,0) -> #REF! | AB61: =VLOOKUP(B61,#REF!,36,0) -> #REF! | AK61: =V61/#REF!*(W61+Z61/8*2+AA61/8*1.5+AB61*3)+J61/#REF!*(X61+Y61)+AC61+P61+AE61+AG61+AH61+AI61+AJ61 -> #REF! | AL61: =AM61*$AN$3 -> 0 | AM61: 0 | AN61: =VLOOKUP(B61,#REF!,75,0) -> #REF! | AP61: =ROUND(AK61-AL61-AN61+AO61,-1) -> #REF!
B62: TT02 | C62: Trần Văn Hà | D62: Tổ trưởng GS môi trường | E62: 42247 | F62: 1 | G62: =DATEDIF(E62,$J$3,"y") -> 2 | H62: =DATEDIF(E62,$J$3,"ym") -> 11 | I62: =DATEDIF(E62,$J$3,"md") -> 25 | J62: =VLOOKUP(D62,'THANG B.LUONG'!$B$5:$I$513,F62+1,0) -> 0 | K62: 0 | L62: 500 | M62: =IF(G62>=3,J62*(0.03+(G62-3)*0.01),0) -> 0 | N62: 0 | O62: 200 | P62: 300 | Q62: 0 | R62: 0 | S62: 0 | T62: 0 | U62: 0 | V62: =SUM(J62:U62)-P62 -> 700 | W62: =VLOOKUP(B62,#REF!,35,0) -> #REF! | X62: =VLOOKUP(B62,#REF!,37,0) -> #REF! | Y62: =VLOOKUP(B62,#REF!,38,0) -> #REF! | Z62: =VLOOKUP(B62,#REF!,72,0) -> #REF! | AA62: =VLOOKUP(B62,#REF!,71,0) -> #REF! | AB62: =VLOOKUP(B62,#REF!,36,0) -> #REF! | AJ62: 200 | AK62: =V62/#REF!*(W62+Z62/8*2+AA62/8*1.5+AB62*3)+J62/#REF!*(X62+Y62)+AC62+P62+AE62+AG62+AH62+AI62+AJ62 -> #REF! | AL62: =AM62*$AN$3 -> 535.5 | AM62: 5100 | AN62: =VLOOKUP(B62,#REF!,75,0) -> #REF! | AP62: =ROUND(AK62-AL62-AN62+AO62,-1) -> #REF!
B63: TT03 | C63: Đỗ Thanh Tú | D63: CV môi trường | E63: 42515 | F63: 2 | G63: =DATEDIF(E63,$J$3,"y") -> 2 | H63: =DATEDIF(E63,$J$3,"ym") -> 3 | I63: =DATEDIF(E63,$J$3,"md") -> 0 | J63: =VLOOKUP(D63,'THANG B.LUONG'!$B$5:$I$513,F63+1,0) -> 0 | K63: 0 | L63: 0 | M63: =IF(G63>=3,J63*(0.03+(G63-3)*0.01),0) -> 0 | N63: 0 | O63: 0 | P63: 0 | Q63: 0 | R63: 0 | S63: 0 | T63: 0 | U63: 0 | V63: =SUM(J63:U63)-P63 -> 0 | W63: =VLOOKUP(B63,#REF!,35,0) -> #REF! | X63: =VLOOKUP(B63,#REF!,37,0) -> #REF! | Y63: =VLOOKUP(B63,#REF!,38,0) -> #REF! | Z63: =VLOOKUP(B63,#REF!,72,0) -> #REF! | AA63: =VLOOKUP(B63,#REF!,71,0) -> #REF! | AB63: =VLOOKUP(B63,#REF!,36,0) -> #REF! | AK63: =V63/#REF!*(W63+Z63/8*2+AA63/8*1.5+AB63*3)+J63/#REF!*(X63+Y63)+AC63+P63+AE63+AG63+AH63+AI63+AJ63 -> #REF! | AL63: =AM63*$AN$3 -> 525 | AM63: 5000 | AN63: =VLOOKUP(B63,#REF!,75,0) -> #REF! | AP63: =ROUND(AK63-AL63-AN63+AO63,-1) -> #REF!
B64: TT04 | C64: Nguyễn Xuân Lỉnh | D64: ='THANG B.LUONG'!B55 -> CV nghiên cứu KHCN | E64: 43314 | F64: 3 | G64: =DATEDIF(E64,$J$3,"y") -> 0 | H64: =DATEDIF(E64,$J$3,"ym") -> 0 | I64: =DATEDIF(E64,$J$3,"md") -> 23 | J64: =VLOOKUP(D64,'THANG B.LUONG'!$B$5:$I$513,F64+1,0) -> 0 | K64: 0 | L64: 0 | M64: =IF(G64>=3,J64*(0.03+(G64-3)*0.01),0) -> 0 | N64: 0 | O64: 0 | P64: 0 | Q64: 0 | R64: 0 | S64: 0 | T64: 0 | U64: 0 | V64: =(SUM(J64:U64)-P64)*0.85 -> 0 | W64: =VLOOKUP(B64,#REF!,35,0) -> #REF! | X64: =VLOOKUP(B64,#REF!,37,0) -> #REF! | Y64: =VLOOKUP(B64,#REF!,38,0) -> #REF! | Z64: =VLOOKUP(B64,#REF!,72,0) -> #REF! | AA64: =VLOOKUP(B64,#REF!,71,0) -> #REF! | AB64: =VLOOKUP(B64,#REF!,36,0) -> #REF! | AK64: =V64/#REF!*(W64+Z64/8*2+AA64/8*1.5+AB64*3)+J64/#REF!*(X64+Y64)+AC64+P64+AE64+AG64+AH64+AI64+AJ64 -> #REF! | AL64: =AM64*$AN$3 -> 0 | AM64: 0 | AN64: =VLOOKUP(B64,#REF!,75,0) -> #REF! | AP64: =ROUND(AK64-AL64-AN64+AO64,-1) -> #REF!
B65: TT10 | C65: Trần Thành Lập | D65: GIÁM ĐỐC NCPTSP | E65: 43235 | F65: 1 | G65: =DATEDIF(E65,$J$3,"y") -> 0 | H65: =DATEDIF(E65,$J$3,"ym") -> 3 | I65: =DATEDIF(E65,$J$3,"md") -> 10 | J65: 27330 | K65: 0 | L65: 3000 | M65: =IF(G65>=3,J65*(0.03+(G65-3)*0.01),0) -> 0 | N65: 0 | O65: 1000 | P65: 1000 | Q65: 0 | R65: 0 | S65: 0 | T65: 0 | U65: 0 | V65: =(SUM(J65:U65)-P65) -> 31330 | W65: =VLOOKUP(B65,#REF!,35,0) -> #REF! | X65: =VLOOKUP(B65,#REF!,37,0) -> #REF! | Y65: =VLOOKUP(B65,#REF!,38,0) -> #REF! | Z65: =VLOOKUP(B65,#REF!,72,0) -> #REF! | AA65: =VLOOKUP(B65,#REF!,71,0) -> #REF! | AB65: =VLOOKUP(B65,#REF!,36,0) -> #REF! | AK65: =V65/#REF!*(W65+Z65/8*2+AA65/8*1.5+AB65*3)+J65/#REF!*(X65+Y65)+AC65+P65+AE65+AG65+AH65+AI65+AJ65 -> #REF! | AL65: =AM65*$AN$3 -> 0 | AM65: 0 | AN65: =VLOOKUP(B65,#REF!,75,0) -> #REF! | AP65: =ROUND(AK65-AL65-AN65+AO65,-1) -> #REF!
B66: TT05 | C66: Nguyễn Anh Tuấn | D66: CV nghiên cứu ứng dụng SP | E66: 42887 | F66: 1 | G66: =DATEDIF(E66,$J$3,"y") -> 1 | H66: =DATEDIF(E66,$J$3,"ym") -> 2 | I66: =DATEDIF(E66,$J$3,"md") -> 24 | J66: =VLOOKUP(D66,'THANG B.LUONG'!$B$5:$I$513,F66+1,0) -> 0 | K66: 0 | L66: 0 | M66: =IF(G66>=3,J66*(0.03+(G66-3)*0.01),0) -> 0 | N66: 0 | O66: 0 | P66: 0 | Q66: 0 | R66: 0 | S66: 0 | T66: 0 | U66: 0 | V66: =SUM(J66:U66)-P66 -> 0 | W66: =VLOOKUP(B66,#REF!,35,0) -> #REF! | X66: =VLOOKUP(B66,#REF!,37,0) -> #REF! | Y66: =VLOOKUP(B66,#REF!,38,0) -> #REF! | Z66: =VLOOKUP(B66,#REF!,72,0) -> #REF! | AA66: =VLOOKUP(B66,#REF!,71,0) -> #REF! | AB66: =VLOOKUP(B66,#REF!,36,0) -> #REF! | AK66: =V66/#REF!*(W66+Z66/8*2+AA66/8*1.5+AB66*3)+J66/#REF!*(X66+Y66)+AC66+P66+AE66+AG66+AH66+AI66+AJ66 -> #REF! | AL66: =AM66*$AN$3 -> 525 | AM66: 5000 | AN66: =VLOOKUP(B66,#REF!,75,0) -> #REF! | AP66: =ROUND(AK66-AL66-AN66+AO66,-1) -> #REF!
B67: TT06 | C67: Đặng Nguyễn Thế Anh | D67: NV Phòng thí nghiệm | E67: 43040 | F67: 1 | G67: =DATEDIF(E67,$J$3,"y") -> 0 | H67: =DATEDIF(E67,$J$3,"ym") -> 9 | I67: =DATEDIF(E67,$J$3,"md") -> 24 | J67: =VLOOKUP(D67,'THANG B.LUONG'!$B$5:$I$513,F67+1,0) -> 0 | K67: 0 | L67: 0 | M67: =IF(G67>=3,J67*(0.03+(G67-3)*0.01),0) -> 0 | N67: 0 | O67: 0 | P67: 0 | Q67: 0 | R67: 0 | S67: 0 | T67: 0 | U67: 0 | V67: =SUM(J67:U67)-P67 -> 0 | W67: =VLOOKUP(B67,#REF!,35,0) -> #REF! | X67: =VLOOKUP(B67,#REF!,37,0) -> #REF! | Y67: =VLOOKUP(B67,#REF!,38,0) -> #REF! | Z67: =VLOOKUP(B67,#REF!,72,0) -> #REF! | AA67: =VLOOKUP(B67,#REF!,71,0) -> #REF! | AB67: =VLOOKUP(B67,#REF!,36,0) -> #REF! | AK67: =V67/#REF!*(W67+Z67/8*2+AA67/8*1.5+AB67*3)+J67/#REF!*(X67+Y67)+AC67+P67+AE67+AG67+AH67+AI67+AJ67 -> #REF! | AL67: =AM67*$AN$3 -> 0 | AM67: 0 | AN67: =VLOOKUP(B67,#REF!,75,0) -> #REF! | AP67: =ROUND(AK67-AL67-AN67+AO67,-1) -> #REF!
B68: TT09 | C68: Dương Ngọc Bảo Phương | D68: ='THANG B.LUONG'!B57 -> CV Phòng thí nghiệm (Quản lý PTN) | E68: 43192 | F68: 1 | G68: =DATEDIF(E68,$J$3,"y") -> 0 | H68: =DATEDIF(E68,$J$3,"ym") -> 4 | I68: =DATEDIF(E68,$J$3,"md") -> 23 | J68: =VLOOKUP(D68,'THANG B.LUONG'!$B$5:$I$513,F68+1,0) -> 0 | K68: 0 | L68: 0 | M68: =IF(G68>=3,J68*(0.03+(G68-3)*0.01),0) -> 0 | N68: 0 | O68: 0 | P68: 0 | Q68: 0 | R68: 0 | S68: 0 | T68: 0 | U68: 0 | V68: =(SUM(J68:U68)-P68)*0.85 -> 0 | W68: =VLOOKUP(B68,#REF!,35,0) -> #REF! | X68: =VLOOKUP(B68,#REF!,37,0) -> #REF! | Y68: =VLOOKUP(B68,#REF!,38,0) -> #REF! | Z68: =VLOOKUP(B68,#REF!,72,0) -> #REF! | AA68: =VLOOKUP(B68,#REF!,71,0) -> #REF! | AB68: =VLOOKUP(B68,#REF!,36,0) -> #REF! | AK68: =V68/#REF!*(W68+Z68/8*2+AA68/8*1.5+AB68*3)+J68/#REF!*(X68+Y68)+AC68+P68+AE68+AG68+AH68+AI68+AJ68 -> #REF! | AL68: =AM68*$AN$3 -> 0 | AM68: 0 | AN68: =VLOOKUP(B68,#REF!,75,0) -> #REF! | AP68: =ROUND(AK68-AL68-AN68+AO68,-1) -> #REF!
B69: TT07 | C69: Võ Thị Thanh Thủy | D69: ='THANG B.LUONG'!B58 -> NV Phòng thí nghiệm | E69: 43228 | F69: 1 | G69: =DATEDIF(E69,$J$3,"y") -> 0 | H69: =DATEDIF(E69,$J$3,"ym") -> 3 | I69: =DATEDIF(E69,$J$3,"md") -> 17 | J69: =VLOOKUP(D69,'THANG B.LUONG'!$B$5:$I$513,F69+1,0) -> 0 | K69: 0 | L69: 0 | M69: =IF(G69>=3,J69*(0.03+(G69-3)*0.01),0) -> 0 | N69: 0 | O69: 0 | P69: 0 | Q69: 0 | R69: 0 | S69: 0 | T69: 0 | U69: 0 | V69: =SUM(J69:U69)-P69 -> 0 | W69: =VLOOKUP(B69,#REF!,35,0) -> #REF! | X69: =VLOOKUP(B69,#REF!,37,0) -> #REF! | Y69: =VLOOKUP(B69,#REF!,38,0) -> #REF! | Z69: =VLOOKUP(B69,#REF!,72,0) -> #REF! | AA69: =VLOOKUP(B69,#REF!,71,0) -> #REF! | AB69: =VLOOKUP(B69,#REF!,36,0) -> #REF! | AK69: =V69/#REF!*(W69+Z69/8*2+AA69/8*1.5+AB69*3)+J69/#REF!*(X69+Y69)+AC69+P69+AE69+AG69+AH69+AI69+AJ69 -> #REF! | AL69: =AM69*$AN$3 -> 0 | AM69: 0 | AN69: =VLOOKUP(B69,#REF!,75,0) -> #REF! | AP69: =ROUND(AK69-AL69-AN69+AO69,-1) -> #REF!
B70: TT08 | C70: Phan Thị Trà Hiên | D70: NV Phòng thí nghiệm | E70: 43171 | F70: 1 | G70: =DATEDIF(E70,$J$3,"y") -> 0 | H70: =DATEDIF(E70,$J$3,"ym") -> 5 | I70: =DATEDIF(E70,$J$3,"md") -> 13 | J70: =VLOOKUP(D70,'THANG B.LUONG'!$B$5:$I$513,F70+1,0) -> 0 | K70: 0 | L70: 0 | M70: =IF(G70>=3,J70*(0.03+(G70-3)*0.01),0) -> 0 | N70: 0 | O70: 0 | P70: 0 | Q70: 0 | R70: 0 | S70: 0 | T70: 0 | U70: 0 | V70: =SUM(J70:U70)-P70 -> 0 | W70: =VLOOKUP(B70,#REF!,35,0) -> #REF! | X70: =VLOOKUP(B70,#REF!,37,0) -> #REF! | Y70: =VLOOKUP(B70,#REF!,38,0) -> #REF! | Z70: =VLOOKUP(B70,#REF!,72,0) -> #REF! | AA70: =VLOOKUP(B70,#REF!,71,0) -> #REF! | AB70: =VLOOKUP(B70,#REF!,36,0) -> #REF! | AK70: =V70/#REF!*(W70+Z70/8*2+AA70/8*1.5+AB70*3)+J70/#REF!*(X70+Y70)+AC70+P70+AE70+AG70+AH70+AI70+AJ70 -> #REF! | AL70: =AM70*$AN$3 -> 0 | AM70: 0 | AN70: =VLOOKUP(B70,#REF!,75,0) -> #REF! | AP70: =ROUND(AK70-AL70-AN70+AO70,-1) -> #REF!
C71: Logistics | AK71: =SUM(AK72) -> #REF! | AL71: =SUM(AL72) -> 871.5 | AM71: =SUM(AM72) -> 8300 | AN71: =SUM(AN72) -> #REF! | AO71: =SUM(AO72) -> 0 | AP71: =SUM(AP72) -> #REF!
B72: LG01 | C72: Văn Khoa Trường | D72: GIÁM ĐỐC LOGISTICS | E72: 42971 | F72: 3 | G72: =DATEDIF(E72,$J$3,"y") -> 1 | H72: =DATEDIF(E72,$J$3,"ym") -> 0 | I72: =DATEDIF(E72,$J$3,"md") -> 1 | J72: =VLOOKUP(D72,'THANG B.LUONG'!$B$5:$I$513,F72+1,0) -> 0 | K72: 0 | L72: 3000 | M72: =IF(G72>=3,J72*(0.03+(G72-3)*0.01),0) -> 0 | N72: 0 | O72: 1000 | P72: 1000 | Q72: 0 | R72: 0 | S72: 0 | T72: 0 | U72: 0 | V72: =SUM(J72:U72)-P72 -> 4000 | W72: =VLOOKUP(B72,#REF!,35,0) -> #REF! | X72: =VLOOKUP(B72,#REF!,37,0) -> #REF! | Y72: =VLOOKUP(B72,#REF!,38,0) -> #REF! | Z72: =VLOOKUP(B72,#REF!,72,0) -> #REF! | AA72: =VLOOKUP(B72,#REF!,71,0) -> #REF! | AB72: =VLOOKUP(B72,#REF!,36,0) -> #REF! | AK72: =V72/#REF!*(W72+Z72/8*2+AA72/8*1.5+AB72*3)+J72/#REF!*(X72+Y72)+AC72+P72+AE72+AG72+AH72+AI72+AJ72 -> #REF! | AL72: =AM72*$AN$3 -> 871.5 | AM72: 8300 | AN72: =VLOOKUP(B72,#REF!,75,0) -> #REF! | AP72: =ROUND(AK72-AL72-AN72+AO72,-1) -> #REF!
B73: NHÀ MÁY
C74: BAN GIÁM ĐỐC | AK74: =SUM(AK75) -> #REF! | AL74: =SUM(AL75) -> 871.5 | AM74: =SUM(AM75) -> 8300 | AN74: =SUM(AN75) -> #REF! | AO74: =SUM(AO75) -> 0 | AP74: =SUM(AP75) -> #REF!
B75: XD01 | C75: Lê Thanh Huy | D75: GIÁM ĐỐC NHÀ MÁY | E75: 39471 | F75: 2 | G75: =DATEDIF(E75,$J$3,"y") -> 10 | H75: =DATEDIF(E75,$J$3,"ym") -> 7 | I75: =DATEDIF(E75,$J$3,"md") -> 1 | J75: =VLOOKUP(D75,'THANG B.LUONG'!$B$5:$I$513,F75+1,0) -> 0 | K75: 0 | L75: 3000 | M75: =IF(G75>=3,J75*(0.03+(G75-3)*0.01),0) -> 0 | N75: 0 | O75: 1000 | P75: 1000 | Q75: 0 | R75: 0 | S75: 0 | T75: 0 | U75: 0 | V75: =SUM(J75:U75)-P75 -> 4000 | W75: =VLOOKUP(B75,#REF!,35,0) -> #REF! | X75: =VLOOKUP(B75,#REF!,37,0) -> #REF! | Y75: =VLOOKUP(B75,#REF!,38,0) -> #REF! | Z75: =VLOOKUP(B75,#REF!,72,0) -> #REF! | AA75: =VLOOKUP(B75,#REF!,71,0) -> #REF! | AB75: =VLOOKUP(B75,#REF!,36,0) -> #REF! | AK75: =V75/#REF!*(W75+Z75/8*2+AA75/8*1.5+AB75*3)+J75/#REF!*(X75+Y75)+AC75+P75+AE75+AG75+AH75+AI75+AJ75 -> #REF! | AL75: =AM75*$AN$3 -> 871.5 | AM75: 8300 | AN75: =VLOOKUP(B75,#REF!,75,0) -> #REF! | AP75: =ROUND(AK75-AL75-AN75+AO75,-1) -> #REF!
C76: KHO | AK76: =SUM(AK77:AK84) -> #REF! | AL76: =SUM(AL77:AL84) -> 2047.5 | AM76: =SUM(AM77:AM84) -> 19500 | AN76: =SUM(AN77:AN84) -> #REF! | AO76: =SUM(AO77:AO84) -> 0 | AP76: =SUM(AP77:AP84) -> #REF!
B77: LG03 | C77: Phương Bình | D77: Giám sát kho | E77: 41877 | F77: 4 | G77: =DATEDIF(E77,$J$3,"y") -> 3 | H77: =DATEDIF(E77,$J$3,"ym") -> 11 | I77: =DATEDIF(E77,$J$3,"md") -> 30 | J77: =VLOOKUP(D77,'THANG B.LUONG'!$B$5:$I$513,F77+1,0) -> 0 | K77: 200 | L77: 0 | M77: =IF(G77>=3,J77*(0.03+(G77-3)*0.01),0) -> 0 | N77: 0 | O77: 0 | P77: 0 | Q77: 0 | R77: 0 | S77: 0 | T77: 0 | U77: 0 | V77: =SUM(J77:U77)-P77 -> 200 | W77: =VLOOKUP(B77,#REF!,35,0) -> #REF! | X77: =VLOOKUP(B77,#REF!,37,0) -> #REF! | Y77: =VLOOKUP(B77,#REF!,38,0) -> #REF! | Z77: =VLOOKUP(B77,#REF!,72,0) -> #REF! | AA77: =VLOOKUP(B77,#REF!,71,0) -> #REF! | AB77: =VLOOKUP(B77,#REF!,36,0) -> #REF! | AK77: =V77/#REF!*(W77+Z77/8*2+AA77/8*1.5+AB77*3)+J77/#REF!*(X77+Y77)+AC77+P77+AE77+AG77+AH77+AI77+AJ77 -> #REF! | AL77: =AM77*$AN$3 -> 535.5 | AM77: 5100 | AN77: =VLOOKUP(B77,#REF!,75,0) -> #REF! | AP77: =ROUND(AK77-AL77-AN77+AO77,-1) -> #REF!
B78: LG02 | C78: Nguyễn Trường Thạch | D78: NV kho | E78: 42095 | F78: 3 | G78: =DATEDIF(E78,$J$3,"y") -> 3 | H78: =DATEDIF(E78,$J$3,"ym") -> 4 | I78: =DATEDIF(E78,$J$3,"md") -> 24 | J78: =VLOOKUP(D78,'THANG B.LUONG'!$B$5:$I$513,F78+1,0) -> 0 | K78: 200 | L78: 0 | M78: =IF(G78>=3,J78*(0.03+(G78-3)*0.01),0) -> 0 | N78: 0 | O78: 0 | P78: 0 | Q78: 0 | R78: 0 | S78: 0 | T78: 0 | U78: 0 | V78: =SUM(J78:U78)-P78 -> 200 | W78: =VLOOKUP(B78,#REF!,35,0) -> #REF! | X78: =VLOOKUP(B78,#REF!,37,0) -> #REF! | Y78: =VLOOKUP(B78,#REF!,38,0) -> #REF! | Z78: =VLOOKUP(B78,#REF!,72,0) -> #REF! | AA78: =VLOOKUP(B78,#REF!,71,0) -> #REF! | AB78: =VLOOKUP(B78,#REF!,36,0) -> #REF! | AJ78: 1000 | AK78: =V78/#REF!*(W78+Z78/8*2+AA78/8*1.5+AB78*3)+J78/#REF!*(X78+Y78)+AC78+P78+AE78+AG78+AH78+AI78+AJ78 -> #REF! | AL78: =AM78*$AN$3 -> 504 | AM78: 4800 | AN78: =VLOOKUP(B78,#REF!,75,0) -> #REF! | AP78: =ROUND(AK78-AL78-AN78+AO78,-1) -> #REF!
B79: LG05 | C79: Nguyễn Tấn Lộc | D79: NV kho | E79: 42810 | F79: 3 | G79: =DATEDIF(E79,$J$3,"y") -> 1 | H79: =DATEDIF(E79,$J$3,"ym") -> 5 | I79: =DATEDIF(E79,$J$3,"md") -> 9 | J79: =VLOOKUP(D79,'THANG B.LUONG'!$B$5:$I$513,F79+1,0) -> 0 | K79: 200 | L79: 0 | M79: =IF(G79>=3,J79*(0.03+(G79-3)*0.01),0) -> 0 | N79: 0 | O79: 0 | P79: 0 | Q79: 0 | R79: 0 | S79: 0 | T79: 0 | U79: 0 | V79: =SUM(J79:U79)-P79 -> 200 | W79: =VLOOKUP(B79,#REF!,35,0) -> #REF! | X79: =VLOOKUP(B79,#REF!,37,0) -> #REF! | Y79: =VLOOKUP(B79,#REF!,38,0) -> #REF! | Z79: =VLOOKUP(B79,#REF!,72,0) -> #REF! | AA79: =VLOOKUP(B79,#REF!,71,0) -> #REF! | AB79: =VLOOKUP(B79,#REF!,36,0) -> #REF! | AK79: =V79/#REF!*(W79+Z79/8*2+AA79/8*1.5+AB79*3)+J79/#REF!*(X79+Y79)+AC79+P79+AE79+AG79+AH79+AI79+AJ79 -> #REF! | AL79: =AM79*$AN$3 -> 504 | AM79: 4800 | AN79: =VLOOKUP(B79,#REF!,75,0) -> #REF! | AP79: =ROUND(AK79-AL79-AN79+AO79,-1) -> #REF!
B80: LG06 | C80: Lương Minh Hòa | D80: NV kho | E80: 42844 | F80: 3 | G80: =DATEDIF(E80,$J$3,"y") -> 1 | H80: =DATEDIF(E80,$J$3,"ym") -> 4 | I80: =DATEDIF(E80,$J$3,"md") -> 6 | J80: =VLOOKUP(D80,'THANG B.LUONG'!$B$5:$I$513,F80+1,0) -> 0 | K80: 200 | L80: 0 | M80: =IF(G80>=3,J80*(0.03+(G80-3)*0.01),0) -> 0 | N80: 0 | O80: 0 | P80: 0 | Q80: 0 | R80: 0 | S80: 0 | T80: 0 | U80: 0 | V80: =SUM(J80:U80)-P80 -> 200 | W80: =VLOOKUP(B80,#REF!,35,0) -> #REF! | X80: =VLOOKUP(B80,#REF!,37,0) -> #REF! | Y80: =VLOOKUP(B80,#REF!,38,0) -> #REF! | Z80: =VLOOKUP(B80,#REF!,72,0) -> #REF! | AA80: =VLOOKUP(B80,#REF!,71,0) -> #REF! | AB80: =VLOOKUP(B80,#REF!,36,0) -> #REF! | AK80: =V80/#REF!*(W80+Z80/8*2+AA80/8*1.5+AB80*3)+J80/#REF!*(X80+Y80)+AC80+P80+AE80+AG80+AH80+AI80+AJ80 -> #REF! | AL80: =AM80*$AN$3 -> 504 | AM80: 4800 | AN80: =VLOOKUP(B80,#REF!,75,0) -> #REF! | AP80: =ROUND(AK80-AL80-AN80+AO80,-1) -> #REF!
B81: LG09 | C81: Nguyễn Hữu Tài | D81: NV kho | E81: 43083 | F81: 2 | G81: =DATEDIF(E81,$J$3,"y") -> 0 | H81: =DATEDIF(E81,$J$3,"ym") -> 8 | I81: =DATEDIF(E81,$J$3,"md") -> 11 | J81: =VLOOKUP(D81,'THANG B.LUONG'!$B$5:$I$513,F81+1,0) -> 0 | K81: 200 | L81: 0 | M81: =IF(G81>=3,J81*(0.03+(G81-3)*0.01),0) -> 0 | N81: 0 | O81: 0 | P81: 0 | Q81: 0 | R81: 0 | S81: 0 | T81: 0 | U81: 0 | V81: =SUM(J81:U81)-P81 -> 200 | W81: =VLOOKUP(B81,#REF!,35,0) -> #REF! | X81: =VLOOKUP(B81,#REF!,37,0) -> #REF! | Y81: =VLOOKUP(B81,#REF!,38,0) -> #REF! | Z81: =VLOOKUP(B81,#REF!,72,0) -> #REF! | AA81: =VLOOKUP(B81,#REF!,71,0) -> #REF! | AB81: =VLOOKUP(B81,#REF!,36,0) -> #REF! | AK81: =V81/#REF!*(W81+Z81/8*2+AA81/8*1.5+AB81*3)+J81/#REF!*(X81+Y81)+AC81+P81+AE81+AG81+AH81+AI81+AJ81 -> #REF! | AL81: =AM81*$AN$3 -> 0 | AM81: 0 | AN81: =VLOOKUP(B81,#REF!,75,0) -> #REF! | AP81: =ROUND(AK81-AL81-AN81+AO81,-1) -> #REF!
B82: LG10 | C82: Ngô Hoàng Oanh | D82: NV kho | E82: 43298 | F82: 1 | G82: =DATEDIF(E82,$J$3,"y") -> 0 | H82: =DATEDIF(E82,$J$3,"ym") -> 1 | I82: =DATEDIF(E82,$J$3,"md") -> 8 | J82: =VLOOKUP(D82,'THANG B.LUONG'!$B$5:$I$513,F82+1,0) -> 0 | K82: 0 | L82: 0 | M82: =IF(G82>=3,J82*(0.03+(G82-3)*0.01),0) -> 0 | N82: 0 | O82: 0 | P82: 0 | Q82: 0 | R82: 0 | S82: 0 | T82: 0 | U82: 0 | V82: =SUM(J82:U82)-P82 -> 0 | W82: =VLOOKUP(B82,#REF!,35,0) -> #REF! | X82: =VLOOKUP(B82,#REF!,37,0) -> #REF! | Y82: =VLOOKUP(B82,#REF!,38,0) -> #REF! | Z82: =VLOOKUP(B82,#REF!,72,0) -> #REF! | AA82: =VLOOKUP(B82,#REF!,71,0) -> #REF! | AB82: =VLOOKUP(B82,#REF!,36,0) -> #REF! | AK82: =V82/#REF!*(W82+Z82/8*2+AA82/8*1.5+AB82*3)+J82/#REF!*(X82+Y82)+AC82+P82+AE82+AG82+AH82+AI82+AJ82 -> #REF! | AL82: =AM82*$AN$3 -> 0 | AM82: 0 | AN82: =VLOOKUP(B82,#REF!,75,0) -> #REF! | AP82: =ROUND(AK82-AL82-AN82+AO82,-1) -> #REF!
B83: LG11 | C83: Nguyễn Minh Hoàn | D83: NV kho | E83: 43115 | F83: 3 | G83: =DATEDIF(E83,$J$3,"y") -> 0 | H83: =DATEDIF(E83,$J$3,"ym") -> 7 | I83: =DATEDIF(E83,$J$3,"md") -> 10 | J83: =VLOOKUP(D83,'THANG B.LUONG'!$B$5:$I$513,F83+1,0) -> 0 | K83: 200 | L83: 0 | M83: =IF(G83>=3,J83*(0.03+(G83-3)*0.01),0) -> 0 | N83: 0 | O83: 0 | P83: 0 | Q83: 0 | R83: 0 | S83: 0 | T83: 0 | U83: 0 | V83: =SUM(J83:U83)-P83 -> 200 | W83: =VLOOKUP(B83,#REF!,35,0) -> #REF! | X83: =VLOOKUP(B83,#REF!,37,0) -> #REF! | Y83: =VLOOKUP(B83,#REF!,38,0) -> #REF! | Z83: =VLOOKUP(B83,#REF!,72,0) -> #REF! | AA83: =VLOOKUP(B83,#REF!,71,0) -> #REF! | AB83: =VLOOKUP(B83,#REF!,36,0) -> #REF! | AK83: =V83/#REF!*(W83+Z83/8*2+AA83/8*1.5+AB83*3)+J83/#REF!*(X83+Y83)+AC83+P83+AE83+AG83+AH83+AI83+AJ83 -> #REF! | AL83: =AM83*$AN$3 -> 0 | AM83: 0 | AN83: =VLOOKUP(B83,#REF!,75,0) -> #REF! | AP83: =ROUND(AK83-AL83-AN83+AO83,-1) -> #REF!
B84: LG12 | C84: Trần Thiện Anh | D84: ='THANG B.LUONG'!B44 -> Admin Kho/ Kế toán kho | E84: 43241 | F84: 2 | G84: =DATEDIF(E84,$J$3,"y") -> 0 | H84: =DATEDIF(E84,$J$3,"ym") -> 3 | I84: =DATEDIF(E84,$J$3,"md") -> 4 | J84: =VLOOKUP(D84,'THANG B.LUONG'!$B$5:$I$513,F84+1,0) -> 0 | K84: 0 | L84: 200 | M84: =IF(G84>=3,J84*(0.03+(G84-3)*0.01),0) -> 0 | N84: 0 | O84: 0 | P84: 0 | Q84: 0 | R84: 0 | S84: 0 | T84: 0 | U84: 0 | V84: =(SUM(J84:U84)-P84) -> 200 | W84: =VLOOKUP(B84,#REF!,35,0) -> #REF! | X84: =VLOOKUP(B84,#REF!,37,0) -> #REF! | Y84: =VLOOKUP(B84,#REF!,38,0) -> #REF! | Z84: =VLOOKUP(B84,#REF!,72,0) -> #REF! | AA84: =VLOOKUP(B84,#REF!,71,0) -> #REF! | AB84: =VLOOKUP(B84,#REF!,36,0) -> #REF! | AK84: =V84/#REF!*(W84+Z84/8*2+AA84/8*1.5+AB84*3)+J84/#REF!*(X84+Y84)+AC84+P84+AE84+AG84+AH84+AI84+AJ84 -> #REF! | AL84: =AM84*$AN$3 -> 0 | AM84: 0 | AN84: 0 | AP84: =ROUND(AK84-AL84-AN84+AO84,-1) -> #REF!
C85: QUẢN LÝ TRẠM CÂN | AK85: =SUM(AK86:AK88) -> #REF! | AL85: =SUM(AL86:AL88) -> 1543.5 | AM85: =SUM(AM86:AM88) -> 14700 | AN85: =SUM(AN86:AN88) -> #REF! | AO85: =SUM(AO86:AO88) -> 0 | AP85: =SUM(AP86:AP88) -> #REF!
B86: TR01 | C86: Nguyễn Văn Thanh | D86: Quản lý trạm cân | E86: 40868 | F86: 2 | G86: =DATEDIF(E86,$J$3,"y") -> 6 | H86: =DATEDIF(E86,$J$3,"ym") -> 9 | I86: =DATEDIF(E86,$J$3,"md") -> 4 | J86: =VLOOKUP(D86,'THANG B.LUONG'!$B$5:$I$513,F86+1,0) -> 0 | K86: 0 | L86: 0 | M86: =IF(G86>=3,J86*(0.03+(G86-3)*0.01),0) -> 0 | N86: 0 | O86: 0 | P86: 0 | Q86: 0 | R86: =30%*'THANG B.LUONG'!D28 -> 0 | S86: 0 | T86: 0 | U86: 7000 | V86: =SUM(J86:U86)-P86 -> 7000 | W86: =VLOOKUP(B86,#REF!,35,0) -> #REF! | X86: =VLOOKUP(B86,#REF!,37,0) -> #REF! | Y86: =VLOOKUP(B86,#REF!,38,0) -> #REF! | Z86: =VLOOKUP(B86,#REF!,72,0) -> #REF! | AA86: =VLOOKUP(B86,#REF!,71,0) -> #REF! | AB86: =VLOOKUP(B86,#REF!,36,0) -> #REF! | AK86: =V86/#REF!*(W86+Z86/8*2+AA86/8*1.5+AB86*3)+J86/#REF!*(X86+Y86)+AC86+P86+AE86+AG86+AH86+AI86+AJ86 -> #REF! | AL86: =AM86*$AN$3 -> 535.5 | AM86: 5100 | AN86: =VLOOKUP(B86,#REF!,75,0) -> #REF! | AP86: =ROUND(AK86-AL86-AN86+AO86,-1) -> #REF!
B87: TR02 | C87: Nguyễn Hùng Dũng | D87: NV trạm cân | E87: 42064 | F87: 4 | G87: =DATEDIF(E87,$J$3,"y") -> 3 | H87: =DATEDIF(E87,$J$3,"ym") -> 5 | I87: =DATEDIF(E87,$J$3,"md") -> 24 | J87: =VLOOKUP(D87,'THANG B.LUONG'!$B$5:$I$513,F87+1,0) -> 0 | K87: 0 | L87: 0 | M87: =IF(G87>=3,J87*(0.03+(G87-3)*0.01),0) -> 0 | N87: 0 | O87: 0 | P87: 0 | Q87: 0 | R87: 0 | S87: 0 | T87: 0 | U87: 3000 | V87: =SUM(J87:U87)-P87 -> 3000 | W87: =VLOOKUP(B87,#REF!,35,0) -> #REF! | X87: =VLOOKUP(B87,#REF!,37,0) -> #REF! | Y87: =VLOOKUP(B87,#REF!,38,0) -> #REF! | Z87: =VLOOKUP(B87,#REF!,72,0) -> #REF! | AA87: =VLOOKUP(B87,#REF!,71,0) -> #REF! | AB87: =VLOOKUP(B87,#REF!,36,0) -> #REF! | AK87: =V87/#REF!*(W87+Z87/8*2+AA87/8*1.5+AB87*3)+J87/#REF!*(X87+Y87)+AC87+P87+AE87+AG87+AH87+AI87+AJ87 -> #REF! | AL87: =AM87*$AN$3 -> 504 | AM87: 4800 | AN87: =VLOOKUP(B87,#REF!,75,0) -> #REF! | AP87: =ROUND(AK87-AL87-AN87+AO87,-1) -> #REF!
B88: TR03 | C88: Danh Thủy | D88: NV trạm cân | E88: 42618 | F88: 4 | G88: =DATEDIF(E88,$J$3,"y") -> 1 | H88: =DATEDIF(E88,$J$3,"ym") -> 11 | I88: =DATEDIF(E88,$J$3,"md") -> 20 | J88: =VLOOKUP(D88,'THANG B.LUONG'!$B$5:$I$513,F88+1,0) -> 0 | K88: 0 | L88: 0 | M88: =IF(G88>=3,J88*(0.03+(G88-3)*0.01),0) -> 0 | N88: 0 | O88: 0 | P88: 0 | Q88: 0 | R88: 0 | S88: 0 | T88: 0 | U88: 2000 | V88: =SUM(J88:U88)-P88 -> 2000 | W88: =VLOOKUP(B88,#REF!,35,0) -> #REF! | X88: =VLOOKUP(B88,#REF!,37,0) -> #REF! | Y88: =VLOOKUP(B88,#REF!,38,0) -> #REF! | Z88: =VLOOKUP(B88,#REF!,72,0) -> #REF! | AA88: =VLOOKUP(B88,#REF!,71,0) -> #REF! | AB88: =VLOOKUP(B88,#REF!,36,0) -> #REF! | AK88: =V88/#REF!*(W88+Z88/8*2+AA88/8*1.5+AB88*3)+J88/#REF!*(X88+Y88)+AC88+P88+AE88+AG88+AH88+AI88+AJ88 -> #REF! | AL88: =AM88*$AN$3 -> 504 | AM88: 4800 | AN88: =VLOOKUP(B88,#REF!,75,0) -> #REF! | AP88: =ROUND(AK88-AL88-AN88+AO88,-1) -> #REF!
C89: CƠ ĐIỆN | AK89: =SUM(AK90:AK105) -> #REF! | AL89: =SUM(AL90:AL105) -> 5978.595 | AM89: =SUM(AM90:AM105) -> 56939 | AN89: =SUM(AN90:AN105) -> #REF! | AO89: =SUM(AO90:AO105) -> 0 | AP89: =SUM(AP90:AP105) -> #REF!
B90: CĐ01 | C90: Đào Công Thắng | D90: Tổ trưởng bảo trì cơ điện | E90: 41611 | F90: 4 | G90: =DATEDIF(E90,$J$3,"y") -> 4 | H90: =DATEDIF(E90,$J$3,"ym") -> 8 | I90: =DATEDIF(E90,$J$3,"md") -> 22 | J90: =VLOOKUP(D90,'THANG B.LUONG'!$B$5:$I$513,F90+1,0) -> 0 | K90: 0 | L90: 500 | M90: =IF(G90>=3,J90*(0.03+(G90-3)*0.01),0) -> 0 | N90: 0 | O90: 200 | P90: 300 | Q90: 0 | R90: 0 | S90: 0 | T90: 0 | U90: 0 | V90: =SUM(J90:U90)-P90 -> 700 | W90: =VLOOKUP(B90,#REF!,35,0) -> #REF! | X90: =VLOOKUP(B90,#REF!,37,0) -> #REF! | Y90: =VLOOKUP(B90,#REF!,38,0) -> #REF! | Z90: =VLOOKUP(B90,#REF!,72,0) -> #REF! | AA90: =VLOOKUP(B90,#REF!,71,0) -> #REF! | AB90: =VLOOKUP(B90,#REF!,36,0) -> #REF! | AK90: =V90/#REF!*(W90+Z90/8*2+AA90/8*1.5+AB90*3)+J90/#REF!*(X90+Y90)+AC90+P90+AE90+AG90+AH90+AI90+AJ90 -> #REF! | AL90: =AM90*$AN$3 -> 535.5 | AM90: 5100 | AN90: =VLOOKUP(B90,#REF!,75,0) -> #REF! | AP90: =ROUND(AK90-AL90-AN90+AO90,-1) -> #REF!
B91: CĐ02 | C91: Nguyễn Thanh Nhàn | D91: Tổ phó bảo trì | E91: 42201 | F91: 2 | G91: =DATEDIF(E91,$J$3,"y") -> 3 | H91: =DATEDIF(E91,$J$3,"ym") -> 1 | I91: =DATEDIF(E91,$J$3,"md") -> 9 | J91: =VLOOKUP(D91,'THANG B.LUONG'!$B$5:$I$513,F91+1,0) -> 0 | K91: 0 | L91: 200 | M91: =IF(G91>=3,J91*(0.03+(G91-3)*0.01),0) -> 0 | N91: 0 | O91: 100 | P91: 200 | Q91: 0 | R91: 0 | S91: 0 | T91: 0 | U91: 0 | V91: =SUM(J91:U91)-P91 -> 300 | W91: =VLOOKUP(B91,#REF!,35,0) -> #REF! | X91: =VLOOKUP(B91,#REF!,37,0) -> #REF! | Y91: =VLOOKUP(B91,#REF!,38,0) -> #REF! | Z91: =VLOOKUP(B91,#REF!,72,0) -> #REF! | AA91: =VLOOKUP(B91,#REF!,71,0) -> #REF! | AB91: =VLOOKUP(B91,#REF!,36,0) -> #REF! | AK91: =V91/#REF!*(W91+Z91/8*2+AA91/8*1.5+AB91*3)+J91/#REF!*(X91+Y91)+AC91+P91+AE91+AG91+AH91+AI91+AJ91 -> #REF! | AL91: =AM91*$AN$3 -> 535.5 | AM91: 5100 | AN91: =VLOOKUP(B91,#REF!,75,0) -> #REF! | AP91: =ROUND(AK91-AL91-AN91+AO91,-1) -> #REF!
B92: CĐ03 | C92: Nguyễn Thanh Lâm | D92: Nhân viên bảo trì cơ khí | E92: 42065 | F92: 2 | G92: =DATEDIF(E92,$J$3,"y") -> 3 | H92: =DATEDIF(E92,$J$3,"ym") -> 5 | I92: =DATEDIF(E92,$J$3,"md") -> 23 | J92: =VLOOKUP(D92,'THANG B.LUONG'!$B$5:$I$513,F92+1,0) -> 0 | K92: 0 | L92: 0 | M92: =IF(G92>=3,J92*(0.03+(G92-3)*0.01),0) -> 0 | N92: 0 | O92: 0 | P92: 0 | Q92: 0 | R92: 0 | S92: 0 | T92: 0 | U92: 0 | V92: =SUM(J92:U92)-P92 -> 0 | W92: =VLOOKUP(B92,#REF!,35,0) -> #REF! | X92: =VLOOKUP(B92,#REF!,37,0) -> #REF! | Y92: =VLOOKUP(B92,#REF!,38,0) -> #REF! | Z92: =VLOOKUP(B92,#REF!,72,0) -> #REF! | AA92: =VLOOKUP(B92,#REF!,71,0) -> #REF! | AB92: =VLOOKUP(B92,#REF!,36,0) -> #REF! | AK92: =V92/#REF!*(W92+Z92/8*2+AA92/8*1.5+AB92*3)+J92/#REF!*(X92+Y92)+AC92+P92+AE92+AG92+AH92+AI92+AJ92 -> #REF! | AL92: =AM92*$AN$3 -> 504 | AM92: 4800 | AN92: =VLOOKUP(B92,#REF!,75,0) -> #REF! | AP92: =ROUND(AK92-AL92-AN92+AO92,-1) -> #REF!
B93: CĐ09 | C93: Trần Ngọc Minh | D93: Nhân viên bảo trì cơ khí | E93: 41108 | F93: 2 | G93: =DATEDIF(E93,$J$3,"y") -> 6 | H93: =DATEDIF(E93,$J$3,"ym") -> 1 | I93: =DATEDIF(E93,$J$3,"md") -> 7 | J93: =VLOOKUP(D93,'THANG B.LUONG'!$B$5:$I$513,F93+1,0) -> 0 | K93: 0 | L93: 0 | M93: =IF(G93>=3,J93*(0.03+(G93-3)*0.01),0) -> 0 | N93: 0 | O93: 0 | P93: 0 | Q93: 0 | R93: 0 | S93: 0 | T93: 0 | U93: 0 | V93: =SUM(J93:U93)-P93 -> 0 | W93: =VLOOKUP(B93,#REF!,35,0) -> #REF! | X93: =VLOOKUP(B93,#REF!,37,0) -> #REF! | Y93: =VLOOKUP(B93,#REF!,38,0) -> #REF! | Z93: =VLOOKUP(B93,#REF!,72,0) -> #REF! | AA93: =VLOOKUP(B93,#REF!,71,0) -> #REF! | AB93: =VLOOKUP(B93,#REF!,36,0) -> #REF! | AK93: =V93/#REF!*(W93+Z93/8*2+AA93/8*1.5+AB93*3)+J93/#REF!*(X93+Y93)+AC93+P93+AE93+AG93+AH93+AI93+AJ93 -> #REF! | AL93: =AM93*$AN$3 -> 504 | AM93: 4800 | AN93: =VLOOKUP(B93,#REF!,75,0) -> #REF! | AP93: =ROUND(AK93-AL93-AN93+AO93,-1) -> #REF!
B94: CĐ18 | C94: Trương Quốc Minh | D94: ='THANG B.LUONG'!B134 -> Nhân viên điện - cơ điện | E94: 43332 | F94: 1 | G94: =DATEDIF(E94,$J$3,"y") -> 0 | H94: =DATEDIF(E94,$J$3,"ym") -> 0 | I94: =DATEDIF(E94,$J$3,"md") -> 5 | J94: =VLOOKUP(D94,'THANG B.LUONG'!$B$5:$I$513,F94+1,0) -> 0 | K94: 0 | L94: 0 | M94: =IF(G94>=3,J94*(0.03+(G94-3)*0.01),0) -> 0 | N94: 0 | O94: 0 | P94: 0 | Q94: 0 | R94: 0 | S94: 0 | T94: 0 | U94: 0 | V94: =(SUM(J94:U94)-P94)*0.85 -> 0 | W94: =VLOOKUP(B94,#REF!,35,0) -> #REF! | X94: =VLOOKUP(B94,#REF!,37,0) -> #REF! | Y94: =VLOOKUP(B94,#REF!,38,0) -> #REF! | Z94: =VLOOKUP(B94,#REF!,72,0) -> #REF! | AA94: =VLOOKUP(B94,#REF!,71,0) -> #REF! | AB94: =VLOOKUP(B94,#REF!,36,0) -> #REF! | AK94: =V94/#REF!*(W94+Z94/8*2+AA94/8*1.5+AB94*3)+J94/#REF!*(X94+Y94)+AC94+P94+AE94+AG94+AH94+AI94+AJ94 -> #REF! | AL94: =AM94*$AN$3 -> 0 | AM94: 0 | AN94: =VLOOKUP(B94,#REF!,75,0) -> #REF! | AP94: =ROUND(AK94-AL94-AN94+AO94,-1) -> #REF!
B95: CĐ04 | C95: Đổng Ngọc Trung | D95: ='THANG B.LUONG'!B98 -> Tổ trưởng vận hành máy | E95: 42933 | F95: 2 | G95: =DATEDIF(E95,$J$3,"y") -> 1 | H95: =DATEDIF(E95,$J$3,"ym") -> 1 | I95: =DATEDIF(E95,$J$3,"md") -> 8 | J95: =VLOOKUP(D95,'THANG B.LUONG'!$B$5:$I$513,F95+1,0) -> 0 | K95: 0 | L95: 500 | M95: =IF(G95>=3,J95*(0.03+(G95-3)*0.01),0) -> 0 | N95: 0 | O95: 200 | P95: 300 | Q95: 0 | R95: 0 | S95: 0 | T95: 0 | U95: 0 | V95: =SUM(J95:U95)-P95 -> 700 | W95: =VLOOKUP(B95,#REF!,35,0) -> #REF! | X95: =VLOOKUP(B95,#REF!,37,0) -> #REF! | Y95: =VLOOKUP(B95,#REF!,38,0) -> #REF! | Z95: =VLOOKUP(B95,#REF!,72,0) -> #REF! | AA95: =VLOOKUP(B95,#REF!,71,0) -> #REF! | AB95: =VLOOKUP(B95,#REF!,36,0) -> #REF! | AK95: =V95/#REF!*(W95+Z95/8*2+AA95/8*1.5+AB95*3)+J95/#REF!*(X95+Y95)+AC95+P95+AE95+AG95+AH95+AI95+AJ95 -> #REF! | AL95: =AM95*$AN$3 -> 535.5 | AM95: 5100 | AN95: =VLOOKUP(B95,#REF!,75,0) -> #REF! | AP95: =ROUND(AK95-AL95-AN95+AO95,-1) -> #REF!
B96: CĐ05 | C96: Huỳnh Văn Phương | D96: ='THANG B.LUONG'!$B$100 -> Nhân viên vận hành máy | E96: 42419 | F96: 2 | G96: =DATEDIF(E96,$J$3,"y") -> 2 | H96: =DATEDIF(E96,$J$3,"ym") -> 6 | I96: =DATEDIF(E96,$J$3,"md") -> 6 | J96: =VLOOKUP(D96,'THANG B.LUONG'!$B$5:$I$513,F96+1,0) -> 0 | K96: 200 | L96: 0 | M96: =IF(G96>=3,J96*(0.03+(G96-3)*0.01),0) -> 0 | N96: 0 | O96: 0 | P96: 0 | Q96: 0 | R96: 0 | S96: 0 | T96: 0 | U96: 0 | V96: =SUM(J96:U96)-P96 -> 200 | W96: =VLOOKUP(B96,#REF!,35,0) -> #REF! | X96: =VLOOKUP(B96,#REF!,37,0) -> #REF! | Y96: =VLOOKUP(B96,#REF!,38,0) -> #REF! | Z96: =VLOOKUP(B96,#REF!,72,0) -> #REF! | AA96: =VLOOKUP(B96,#REF!,71,0) -> #REF! | AB96: =VLOOKUP(B96,#REF!,36,0) -> #REF! | AK96: =V96/#REF!*(W96+Z96/8*2+AA96/8*1.5+AB96*3)+J96/#REF!*(X96+Y96)+AC96+P96+AE96+AG96+AH96+AI96+AJ96 -> #REF! | AL96: =AM96*$AN$3 -> 480.585 | AM96: 4577 | AN96: =VLOOKUP(B96,#REF!,75,0) -> #REF! | AP96: =ROUND(AK96-AL96-AN96+AO96,-1) -> #REF!
B97: CĐ12 | C97: Trần Quốc Nam | D97: Nhân viên vận hành máy | E97: 42424 | F97: 2 | G97: =DATEDIF(E97,$J$3,"y") -> 2 | H97: =DATEDIF(E97,$J$3,"ym") -> 6 | I97: =DATEDIF(E97,$J$3,"md") -> 1 | J97: =VLOOKUP(D97,'THANG B.LUONG'!$B$5:$I$513,F97+1,0) -> 0 | K97: 200 | L97: 0 | M97: =IF(G97>=3,J97*(0.03+(G97-3)*0.01),0) -> 0 | N97: 0 | O97: 0 | P97: 0 | Q97: 0 | R97: 0 | S97: 0 | T97: 0 | U97: 0 | V97: =SUM(J97:U97)-P97 -> 200 | W97: =VLOOKUP(B97,#REF!,35,0) -> #REF! | X97: =VLOOKUP(B97,#REF!,37,0) -> #REF! | Y97: =VLOOKUP(B97,#REF!,38,0) -> #REF! | Z97: =VLOOKUP(B97,#REF!,72,0) -> #REF! | AA97: =VLOOKUP(B97,#REF!,71,0) -> #REF! | AB97: =VLOOKUP(B97,#REF!,36,0) -> #REF! | AK97: =V97/#REF!*(W97+Z97/8*2+AA97/8*1.5+AB97*3)+J97/#REF!*(X97+Y97)+AC97+P97+AE97+AG97+AH97+AI97+AJ97 -> #REF! | AL97: =AM97*$AN$3 -> 480.585 | AM97: 4577 | AN97: =VLOOKUP(B97,#REF!,75,0) -> #REF! | AP97: =ROUND(AK97-AL97-AN97+AO97,-1) -> #REF!
B98: CĐ13 | C98: Nguyễn Văn Đức | D98: Nhân viên vận hành máy | E98: 43236 | F98: 2 | G98: =DATEDIF(E98,$J$3,"y") -> 0 | H98: =DATEDIF(E98,$J$3,"ym") -> 3 | I98: =DATEDIF(E98,$J$3,"md") -> 9 | J98: =VLOOKUP(D98,'THANG B.LUONG'!$B$5:$I$513,F98+1,0) -> 0 | K98: 200 | L98: 0 | M98: =IF(G98>=3,J98*(0.03+(G98-3)*0.01),0) -> 0 | N98: 0 | O98: 0 | P98: 0 | Q98: 0 | R98: 0 | S98: 0 | T98: 0 | U98: 0 | V98: =SUM(J98:U98)-P98 -> 200 | W98: =VLOOKUP(B98,#REF!,35,0) -> #REF! | X98: =VLOOKUP(B98,#REF!,37,0) -> #REF! | Y98: =VLOOKUP(B98,#REF!,38,0) -> #REF! | Z98: =VLOOKUP(B98,#REF!,72,0) -> #REF! | AA98: =VLOOKUP(B98,#REF!,71,0) -> #REF! | AB98: =VLOOKUP(B98,#REF!,36,0) -> #REF! | AK98: =V98/#REF!*(W98+Z98/8*2+AA98/8*1.5+AB98*3)+J98/#REF!*(X98+Y98)+AC98+P98+AE98+AG98+AH98+AI98+AJ98 -> #REF! | AL98: =AM98*$AN$3 -> 0 | AM98: 0 | AN98: =VLOOKUP(B98,#REF!,75,0) -> #REF! | AP98: =ROUND(AK98-AL98-AN98+AO98,-1) -> #REF!
B99: CĐ14 | C99: Cao Văn Lượm | D99: Nhân viên vận hành máy | E99: 43236 | F99: 2 | G99: =DATEDIF(E99,$J$3,"y") -> 0 | H99: =DATEDIF(E99,$J$3,"ym") -> 3 | I99: =DATEDIF(E99,$J$3,"md") -> 9 | J99: =VLOOKUP(D99,'THANG B.LUONG'!$B$5:$I$513,F99+1,0) -> 0 | K99: 200 | L99: 0 | M99: =IF(G99>=3,J99*(0.03+(G99-3)*0.01),0) -> 0 | N99: 0 | O99: 0 | P99: 0 | Q99: 0 | R99: 0 | S99: 0 | T99: 0 | U99: 0 | V99: =SUM(J99:U99)-P99 -> 200 | W99: =VLOOKUP(B99,#REF!,35,0) -> #REF! | X99: =VLOOKUP(B99,#REF!,37,0) -> #REF! | Y99: =VLOOKUP(B99,#REF!,38,0) -> #REF! | Z99: =VLOOKUP(B99,#REF!,72,0) -> #REF! | AA99: =VLOOKUP(B99,#REF!,71,0) -> #REF! | AB99: =VLOOKUP(B99,#REF!,36,0) -> #REF! | AK99: =V99/#REF!*(W99+Z99/8*2+AA99/8*1.5+AB99*3)+J99/#REF!*(X99+Y99)+AC99+P99+AE99+AG99+AH99+AI99+AJ99 -> #REF! | AL99: =AM99*$AN$3 -> 0 | AM99: 0 | AN99: =VLOOKUP(B99,#REF!,75,0) -> #REF! | AP99: =ROUND(AK99-AL99-AN99+AO99,-1) -> #REF!
B100: CĐ08 | C100: Cao Chánh Dũng | D100: ='THANG B.LUONG'!$B$100 -> Nhân viên vận hành máy | E100: 42417 | F100: 2 | G100: =DATEDIF(E100,$J$3,"y") -> 2 | H100: =DATEDIF(E100,$J$3,"ym") -> 6 | I100: =DATEDIF(E100,$J$3,"md") -> 8 | J100: =VLOOKUP(D100,'THANG B.LUONG'!$B$5:$I$513,F100+1,0) -> 0 | K100: 200 | L100: 0 | M100: =IF(G100>=3,J100*(0.03+(G100-3)*0.01),0) -> 0 | N100: 0 | O100: 0 | P100: 0 | Q100: 0 | R100: 0 | S100: 0 | T100: 0 | U100: 0 | V100: =SUM(J100:U100)-P100 -> 200 | W100: =VLOOKUP(B100,#REF!,35,0) -> #REF! | X100: =VLOOKUP(B100,#REF!,37,0) -> #REF! | Y100: =VLOOKUP(B100,#REF!,38,0) -> #REF! | Z100: =VLOOKUP(B100,#REF!,72,0) -> #REF! | AA100: =VLOOKUP(B100,#REF!,71,0) -> #REF! | AB100: =VLOOKUP(B100,#REF!,36,0) -> #REF! | AK100: =V100/#REF!*(W100+Z100/8*2+AA100/8*1.5+AB100*3)+J100/#REF!*(X100+Y100)+AC100+P100+AE100+AG100+AH100+AI100+AJ100 -> #REF! | AL100: =AM100*$AN$3 -> 480.585 | AM100: 4577 | AN100: =VLOOKUP(B100,#REF!,75,0) -> #REF! | AP100: =ROUND(AK100-AL100-AN100+AO100,-1) -> #REF!
B101: CĐ10 | C101: Thái Minh Tân | D101: Nhân viên vận hành máy | E101: 42789 | F101: 2 | G101: =DATEDIF(E101,$J$3,"y") -> 1 | H101: =DATEDIF(E101,$J$3,"ym") -> 6 | I101: =DATEDIF(E101,$J$3,"md") -> 2 | J101: =VLOOKUP(D101,'THANG B.LUONG'!$B$5:$I$513,F101+1,0) -> 0 | K101: 200 | L101: 0 | M101: =IF(G101>=3,J101*(0.03+(G101-3)*0.01),0) -> 0 | N101: 0 | O101: 0 | P101: 0 | Q101: 0 | R101: 0 | S101: 0 | T101: 0 | U101: 0 | V101: =SUM(J101:U101)-P101 -> 200 | W101: =VLOOKUP(B101,#REF!,35,0) -> #REF! | X101: =VLOOKUP(B101,#REF!,37,0) -> #REF! | Y101: =VLOOKUP(B101,#REF!,38,0) -> #REF! | Z101: =VLOOKUP(B101,#REF!,72,0) -> #REF! | AA101: =VLOOKUP(B101,#REF!,71,0) -> #REF! | AB101: =VLOOKUP(B101,#REF!,36,0) -> #REF! | AK101: =V101/#REF!*(W101+Z101/8*2+AA101/8*1.5+AB101*3)+J101/#REF!*(X101+Y101)+AC101+P101+AE101+AG101+AH101+AI101+AJ101 -> #REF! | AL101: =AM101*$AN$3 -> 480.585 | AM101: 4577 | AN101: =VLOOKUP(B101,#REF!,75,0) -> #REF! | AP101: =ROUND(AK101-AL101-AN101+AO101,-1) -> #REF!
...

Sheet DT-DS
C2: MÖÙC ÑAÏT
I3: ÑVT: 1.000ñ
A4: Maõ NV | B4: BOÄ PHAÄN TAØI XEÁ | C4: Xe nhoû | D4: Tieàn | E4: xe lôùn | F4: Tieàn | G4: soá chuyeán vöôït | H4: Tieàn | I4: Coäng soá chuyeán | J4: Coäng doanh soá
D5: 80 | F5: 91 | H5: 120
A6: =#REF! -> #REF! | B6: =#REF! -> #REF! | D6: =C6*$D$5 -> 0 | F6: =E6*$F$5 -> 0 | H6: =G6*$H$5 -> 0 | I6: =C6+E6+G6 -> 0 | J6: =H6+F6+D6 -> 0
A7: =#REF! -> #REF! | B7: =#REF! -> #REF! | D7: =C7*$D$5 -> 0 | E7: 59 | F7: =E7*$F$5 -> 5369 | G7: 8 | H7: =G7*$H$5 -> 960 | I7: =C7+E7+G7 -> 67 | J7: =H7+F7+D7 -> 6329
A8: =#REF! -> #REF! | B8: =#REF! -> #REF! | D8: =C8*$D$5 -> 0 | F8: =E8*$F$5 -> 0 | H8: =G8*$H$5 -> 0 | I8: =C8+E8+G8 -> 0 | J8: =H8+F8+D8 -> 0
A9: =#REF! -> #REF! | B9: =#REF! -> #REF! | D9: =C9*$D$5 -> 0 | E9: 50 | F9: =E9*$F$5 -> 4550 | G9: 4 | H9: =G9*$H$5 -> 480 | I9: =C9+E9+G9 -> 54 | J9: =H9+F9+D9 -> 5030
A10: =#REF! -> #REF! | B10: =#REF! -> #REF! | D10: =C10*$D$5 -> 0 | E10: 49 | F10: =E10*$F$5 -> 4459 | G10: 8 | H10: =G10*$H$5 -> 960 | I10: =C10+E10+G10 -> 57 | J10: =H10+F10+D10 -> 5419
A11: =#REF! -> #REF! | B11: =#REF! -> #REF! | D11: =C11*$D$5 -> 0 | E11: 50 | F11: =E11*$F$5 -> 4550 | G11: 8 | H11: =G11*$H$5 -> 960 | I11: =C11+E11+G11 -> 58 | J11: =H11+F11+D11 -> 5510
A12: =#REF! -> #REF! | B12: =#REF! -> #REF! | C12: 4 | D12: =C12*$D$5 -> 320 | E12: 11 | F12: =E12*$F$5 -> 1001 | H12: =G12*$H$5 -> 0 | I12: =C12+E12+G12 -> 15 | J12: =H12+F12+D12 -> 1321
A13: =#REF! -> #REF! | B13: =#REF! -> #REF! | D13: =C13*$D$5 -> 0 | E13: 48 | F13: =E13*$F$5 -> 4368 | G13: 6 | H13: =G13*$H$5 -> 720 | I13: =C13+E13+G13 -> 54 | J13: =H13+F13+D13 -> 5088
A14: =#REF! -> #REF! | B14: =#REF! -> #REF! | D14: =C14*$D$5 -> 0 | E14: 18 | F14: =E14*$F$5 -> 1638 | G14: 1 | H14: =G14*$H$5 -> 120 | I14: =C14+E14+G14 -> 19 | J14: =H14+F14+D14 -> 1758
A15: =#REF! -> #REF! | B15: =#REF! -> #REF! | C15: 48 | D15: =C15*$D$5 -> 3840 | F15: =E15*$F$5 -> 0 | G15: 4 | H15: =G15*$H$5 -> 480 | I15: =C15+E15+G15 -> 52 | J15: =H15+F15+D15 -> 4320
A16: =#REF! -> #REF! | B16: =#REF! -> #REF! | D16: =C16*$D$5 -> 0 | E16: 24 | F16: =E16*$F$5 -> 2184 | H16: =G16*$H$5 -> 0 | I16: =C16+E16+G16 -> 24 | J16: =H16+F16+D16 -> 2184 | O16: khoâng tinh chuyen (löông thaùng) | Q16: 33 chuyeán T9
A17: =A66 -> #REF! | B17: =B66 -> #REF! | D17: =C17*$D$5 -> 0 | E17: 54 | F17: =E17*$F$5 -> 4914 | G17: 5 | H17: =G17*$H$5 -> 600 | I17: =C17+E17+G17 -> 59 | J17: =H17+F17+D17 -> 5514
A19: Maõ NV | B19: BOÄ PHAÄN BAÙN HAØNG | C19: Möùc ñaït TPHCM | D19: Möùc 1: 765tr | E19: Möùc 2: 990tr | F19: Möùc 3: 1,080tr | H19: Ñaït möùc 1 | I19: Ñaït möùc 2 | J19: Ñaït möùc 3 | L19: Coäng
D20: 765000 | E20: 990000 | F20: 1080000 | H20: 2000 | I20: 3000 | J20: 1700
C21: Möùc ñaït TỈNH | D21: Möùc 1: 495tr | E21: Möùc 2: 585tr | F21: Möùc 3: 675tr | H21: Ñaït möùc 1 | I21: Ñaït möùc 2 | J21: Ñaït möùc 3 | L21: Coäng
D22: 495000 | E22: 585000 | F22: 675000 | H22: 2000 | I22: 3000 | J22: 1700
A23: KDS2 | B23: Phan Thanh Tùng | C23: 0 | D23: =IF(C23<$D$20,0,$D$20) -> 0 | E23: =IF(C23<$D$20,0,IF(AND(C23>$D$20,C23<$E$20),C23-$D$20,IF(C23<=$D$20,0,$E$20-$D$20))) -> 0 | F23: =IF(AND(C23<$D$20,C23<$E$20,C23<$F$20),0,IF((C23-D23-E23)>=($F$20-$E$20),$F$20-$E$20,C23-D23-E23)) -> 0 | H23: =IF(D23=$D$20,$H$20,0) -> 0 | I23: =$E23*$I$20/($E$20-$D$20) -> 0 | J23: =$F23*$J$20/($F$20-$E$20) -> 0 | L23: =H23+I23+J23+K23 -> 0
A24: KDS3 | D24: =IF(C24<$D$20,0,$D$20) -> 0 | E24: =IF(C24<$D$20,0,IF(AND(C24>$D$20,C24<$E$20),C24-$D$20,IF(C24<=$D$20,0,$E$20-$D$20))) -> 0 | F24: =IF(AND(C24<$D$20,C24<$E$20,C24<$F$20),0,IF((C24-D24-E24)>=($F$20-$E$20),$F$20-$E$20,C24-D24-E24)) -> 0 | H24: =IF(D24=$D$20,$H$20,0) -> 0 | I24: =$E24*$I$20/($E$20-$D$20) -> 0 | J24: =$F24*$J$20/($F$20-$E$20) -> 0 | L24: =H24+I24+J24+K24 -> 0
A25: KDS5 | D25: =IF(C25<$D$20,0,$D$20) -> 0 | E25: =IF(C25<$D$20,0,IF(AND(C25>$D$20,C25<$E$20),C25-$D$20,IF(C25<=$D$20,0,$E$20-$D$20))) -> 0 | F25: =IF(AND(C25<$D$20,C25<$E$20,C25<$F$20),0,IF((C25-D25-E25)>=($F$20-$E$20),$F$20-$E$20,C25-D25-E25)) -> 0 | H25: =IF(D25=$D$20,$H$20,0) -> 0 | I25: =$E25*$I$20/($E$20-$D$20) -> 0 | J25: =$F25*$J$20/($F$20-$E$20) -> 0 | L25: =H25+I25+J25+K25 -> 0
A26: KDS6 | B26: Lê Nho Khánh | D26: =IF(C26<$D$20,0,$D$20) -> 0 | E26: =IF(C26<$D$20,0,IF(AND(C26>$D$20,C26<$E$20),C26-$D$20,IF(C26<=$D$20,0,$E$20-$D$20))) -> 0 | F26: =IF(AND(C26<$D$20,C26<$E$20,C26<$F$20),0,IF((C26-D26-E26)>=($F$20-$E$20),$F$20-$E$20,C26-D26-E26)) -> 0 | H26: =IF(D26=$D$20,$H$20,0) -> 0 | I26: =$E26*$I$20/($E$20-$D$20) -> 0 | J26: =$F26*$J$20/($F$20-$E$20) -> 0 | L26: =H26+I26+J26+K26 -> 0
A27: KDS8 | B27: Nguyễn Đức Trung | D27: =IF(C27<$D$20,0,$D$20) -> 0 | E27: =IF(C27<$D$20,0,IF(AND(C27>$D$20,C27<$E$20),C27-$D$20,IF(C27<=$D$20,0,$E$20-$D$20))) -> 0 | F27: =IF(AND(C27<$D$20,C27<$E$20,C27<$F$20),0,IF((C27-D27-E27)>=($F$20-$E$20),$F$20-$E$20,C27-D27-E27)) -> 0 | H27: =IF(D27=$D$20,$H$20,0) -> 0 | I27: =$E27*$I$20/($E$20-$D$20) -> 0 | J27: =$F27*$J$20/($F$20-$E$20) -> 0 | L27: =H27+I27+J27+K27 -> 0
A28: KDS9 | B28: Nguyễn Minh Đại | C28: 0 | D28: =IF(C28<$D$20,0,$D$20) -> 0 | E28: =IF(C28<$D$20,0,IF(AND(C28>$D$20,C28<$E$20),C28-$D$20,IF(C28<=$D$20,0,$E$20-$D$20))) -> 0 | F28: =IF(AND(C28<$D$20,C28<$E$20,C28<$F$20),0,IF((C28-D28-E28)>=($F$20-$E$20),$F$20-$E$20,C28-D28-E28)) -> 0 | H28: =IF(D28=$D$20,$H$20,0) -> 0 | I28: =$E28*$I$20/($E$20-$D$20) -> 0 | J28: =$F28*$J$20/($F$20-$E$20) -> 0 | L28: =H28+I28+J28+K28 -> 0
D29: =IF(C29<$D$20,0,$D$20) -> 0 | E29: =IF(AND(C29>$D$20,C29<$E$20),C29-$D$20,IF(C29<=$D$20,0,$E$20-$D$20)) -> 0 | F29: =IF(AND(C29>$E$20,E29<$F$20),C29-$E$20,IF(E29<=$E$20,0,$F$20-$E$20)) -> 0 | L29: =H29+I29+J29+K29 -> 0
A30: Maõ NV | B30: QUAÛN LYÙ ÑIEÀU XE | C30: Möùc ñaït | D30: =IF(C30<$D$20,0,$D$20) -> 765000 | E30: =IF(AND(C30>$D$20,C30<$E$20),C30-$D$20,IF(C30<=$D$20,0,$E$20-$D$20)) -> 225000 | F30: =IF(AND(C30>$E$20,E30<$F$20),C30-$E$20,IF(E30<=$E$20,0,$F$20-$E$20)) -> #VALUE! | G30: tieàn | H30: Coäng | L30: =H30+I30+J30+K30 -> #VALUE!
D31: =IF(C31<$D$20,0,$D$20) -> 0 | E31: =IF(AND(C31>$D$20,C31<$E$20),C31-$D$20,IF(C31<=$D$20,0,$E$20-$D$20)) -> 0 | F31: =IF(AND(C31>$E$20,E31<$F$20),C31-$E$20,IF(E31<=$E$20,0,$F$20-$E$20)) -> 0 | G31: 30 | L31: =H31+I31+J31+K31 -> 0
A32: =#REF! -> #REF! | B32: =#REF! -> #REF! | C32: 459 | D32: =IF(C32<$D$20,0,$D$20) -> 0 | E32: =IF(AND(C32>$D$20,C32<$E$20),C32-$D$20,IF(C32<=$D$20,0,$E$20-$D$20)) -> 0 | F32: =IF(AND(C32>$E$20,E32<$F$20),C32-$E$20,IF(E32<=$E$20,0,$F$20-$E$20)) -> 0 | G32: =F32*G31 -> 0 | H32: =E32+G32 -> 0 | L32: =H32+I32+J32+K32 -> 0
L33: =H33+I33+J33+K33 -> 0
A34: Maõ NV | B34: QUAÛN LYÙ SALE TPHCM | C34: Möùc ñaït | D34: Möùc 1: 2,295t | E34: Möùc 2: 2,970t | H34: Ñaït möùc 1 | I34: Ñaït möùc 2 | L34: Coäng
D35: 2295000 | E35: 2970000 | H35: 2000 | I35: 4000
A36: KDS4 | B36: Trịnh Minh Hảo (Trưởng BP sale) | C36: 0 | D36: =IF(C36<$D$35,0,$D$35) -> 0 | E36: =IF(AND(C36<$D$35,C36<$E$35),0,IF((C36-D36)>$E$35-$D$35,E35-D35,(C36-D36))) -> 0 | H36: =D36*H35/D35 -> 0 | I36: =E36*$I$35/($E$35-$D$35) -> 0 | L36: =H36+I36+J36+K36 -> 0
A38: Maõ NV | B38: QUAÛN LYÙ SALE TÆNH | C38: Möùc ñaït | D38: Möùc 1: 1,350t | E38: Möùc 2: 1,750t | H38: Ñaït möùc 1 | I38: Ñaït möùc 2 | L38: Coäng
D39: 1350000 | E39: 1750000 | H39: 2000 | I39: 4000
A40: KDS1 | B40: Nguyễn Tuấn Anh | C40: 0 | D40: =IF(C40<$D$39,0,$D$39) -> 0 | E40: =IF(AND(C40<$D$39,C40<$E$39),0,IF((C40-D40)>$E$39-$D$39,E39-D39,(C40-D40))) -> 0 | H40: =D40*H39/D39 -> 0 | I40: =E40*I39/(E39-D39) -> 0 | L40: =H40+I40+J40+K40 -> 0
A42: Maõ NV | B42: SALE ADMIN | C42: Möùc ñaït | D42: Möùc 1: 3,645t | E42: Möùc 2: 4,725t | H42: Ñaït möùc 1 | I42: Ñaït möùc 2 | L42: Coäng
D43: 3645000 | E43: 4725000 | H43: 1000 | I43: 3000
A44: KDV2 | B44: Thạch Minh Châu | C44: =C40+C36 -> 0 | D44: =IF(C44<$D$43,0,$D$43) -> 0 | E44: =IF(AND(C44<$D$43,C44<$E$43),0,IF((C44-D44)>($E$43-$D$43),$E$43-$D$43,(C44-D44))) -> 0 | H44: =D44*$H$43/$D$43 -> 0 | I44: =E44*$I$43/($E$43-$D$43) -> 0 | L44: =H44+I44+J44+K44 -> 0
A46: Maõ NV | B46: QUAÛN LYÙ GIAO NHAÄN | C46: Möùc ñaït | D46: Möùc 1: 1,7t | E46: Möùc 2: 2,4t | F46: Möùc 3: 3t | H46: Ñaït möùc 1 | I46: Ñaït möùc 2 | J46: Ñaït möùc 3 | L46: Coäng
D47: 1700000 | E47: 700000 | F47: 700000 | H47: 2000 | I47: 1000 | J47: 1500
A48: =#REF! -> #REF! | B48: =#REF! -> #REF! | C48: =SUM(D52:E102) -> 3267074 | D48: =IF((C48-$D$47)<0,C48,D47) -> 1700000 | E48: =IF((C48-D48)>E47,E47,(C48-D48)) -> 700000 | F48: =IF((C48-D48-E48)>$F$47,$F$47,(C48-D48-E48)) -> 700000 | H48: =D48*H47/D47 -> 2000 | I48: =E48*I47/E47 -> 1000 | J48: =F48*J47/F47 -> 1500 | L48: =H48+I48+J48+K48 -> 4500
A50: Maõ NV | B50: GIAO NHAÄN | C50: Möùc ñaït | D50: Vuøng 1 | E50: Soùng thaàn | F50: Tieàn Vuøng 1 | G50: Tieàn Soùng Thaàn | H50: Coäng | I50: khoái löôïng buøn bia | J50: Tieàn /taán
F51: 0.012 | G51: 0.0033 | J51: 22.5
A52: =#REF! -> #REF! | B52: =#REF! -> #REF! | F52: =D52*$F$51 -> 0 | G52: =E52*$G$51 -> 0 | H52: =G52+F52 -> 0 | J52: =I52*$J$51 -> 0
A53: =#REF! -> #REF! | B53: =#REF! -> #REF! | D53: 164314 | F53: =D53*$F$51 -> 1971.768 | G53: =E53*$G$51 -> 0 | H53: =G53+F53 -> 1971.768 | J53: =I53*$J$51/1000 -> 0
A54: =#REF! -> #REF! | B54: =#REF! -> #REF! | F54: =D54*$F$51 -> 0 | G54: =E54*$G$51 -> 0 | H54: =G54+F54 -> 0 | J54: =I54*$J$51/1000 -> 0
A55: =#REF! -> #REF! | B55: =#REF! -> #REF! | D55: 139311 | F55: =D55*$F$51 -> 1671.732 | G55: =E55*$G$51 -> 0 | H55: =G55+F55 -> 1671.732 | J55: =I55*$J$51/1000 -> 0
A56: =#REF! -> #REF! | B56: =#REF! -> #REF! | D56: 182261 | F56: =D56*$F$51 -> 2187.132 | G56: =E56*$G$51 -> 0 | H56: =G56+F56 -> 2187.132 | J56: =I56*$J$51/1000 -> 0
A57: =#REF! -> #REF! | B57: =#REF! -> #REF! | D57: 172291 | F57: =D57*$F$51 -> 2067.492 | G57: =E57*$G$51 -> 0 | H57: =G57+F57 -> 2067.492 | J57: =I57*$J$51/1000 -> 0
A58: =#REF! -> #REF! | B58: =#REF! -> #REF! | D58: 147378 | F58: =D58*$F$51 -> 1768.536 | G58: =E58*$G$51 -> 0 | H58: =G58+F58 -> 1768.536 | J58: =I58*$J$51/1000 -> 0
A59: =#REF! -> #REF! | B59: =#REF! -> #REF! | F59: =D59*$F$51 -> 0 | G59: =E59*$G$51 -> 0 | H59: =G59+F59 -> 0 | J59: =I59*$J$51/1000 -> 0
A60: =#REF! -> #REF! | B60: =#REF! -> #REF! | D60: 152054 | F60: =D60*$F$51 -> 1824.648 | G60: =E60*$G$51 -> 0 | H60: =G60+F60 -> 1824.648 | J60: =I60*$J$51/1000 -> 0
A61: =#REF! -> #REF! | B61: =#REF! -> #REF! | D61: 135692 | F61: =D61*$F$51 -> 1628.304 | G61: =E61*$G$51 -> 0 | H61: =G61+F61 -> 1628.304 | J61: =I61*$J$51/1000 -> 0
A62: =#REF! -> #REF! | B62: =#REF! -> #REF! | D62: 171739 | F62: =D62*$F$51 -> 2060.868 | G62: =E62*$G$51 -> 0 | H62: =G62+F62 -> 2060.868 | J62: =I62*$J$51/1000 -> 0
A63: =#REF! -> #REF! | B63: =#REF! -> #REF! | D63: 133525 | F63: =D63*$F$51 -> 1602.3 | G63: =E63*$G$51 -> 0 | H63: =G63+F63 -> 1602.3 | J63: =I63*$J$51/1000 -> 0
A64: =#REF! -> #REF! | B64: =#REF! -> #REF! | D64: 143629 | F64: =D64*$F$51 -> 1723.548 | G64: =E64*$G$51 -> 0 | H64: =G64+F64 -> 1723.548 | J64: =I64*$J$51/1000 -> 0
A65: =#REF! -> #REF! | B65: =#REF! -> #REF! | D65: 132502 | F65: =D65*$F$51 -> 1590.024 | G65: =E65*$G$51 -> 0 | H65: =G65+F65 -> 1590.024 | J65: =I65*$J$51/1000 -> 0
A66: =#REF! -> #REF! | B66: =#REF! -> #REF! | F66: =D66*$F$51 -> 0 | G66: =E66*$G$51 -> 0 | H66: =G66+F66 -> 0 | J66: =I66*$J$51/1000 -> 0
A67: =#REF! -> #REF! | B67: =#REF! -> #REF! | F67: =D67*$F$51 -> 0 | G67: =E67*$G$51 -> 0 | H67: =G67+F67 -> 0 | J67: =I67*$J$51/1000 -> 0
A68: =#REF! -> #REF! | B68: =#REF! -> #REF! | D68: 138471 | F68: =D68*$F$51 -> 1661.652 | G68: =E68*$G$51 -> 0 | H68: =G68+F68 -> 1661.652 | J68: =I68*$J$51/1000 -> 0
A69: =#REF! -> #REF! | B69: =#REF! -> #REF! | D69: 152354 | F69: =D69*$F$51 -> 1828.248 | G69: =E69*$G$51 -> 0 | H69: =G69+F69 -> 1828.248 | J69: =I69*$J$51/1000 -> 0
A70: =#REF! -> #REF! | B70: =#REF! -> #REF! | D70: 156842 | F70: =D70*$F$51 -> 1882.104 | G70: =E70*$G$51 -> 0 | H70: =G70+F70 -> 1882.104 | J70: =I70*$J$51/1000 -> 0
A71: =#REF! -> #REF! | B71: =#REF! -> #REF! | D71: 127598 | F71: =D71*$F$51 -> 1531.176 | G71: =E71*$G$51 -> 0 | H71: =G71+F71 -> 1531.176 | J71: =I71*$J$51/1000 -> 0
A72: =#REF! -> #REF! | B72: =#REF! -> #REF! | D72: 120239 | F72: =D72*$F$51 -> 1442.868 | G72: =E72*$G$51 -> 0 | H72: =G72+F72 -> 1442.868 | J72: =I72*$J$51/1000 -> 0
A73: =#REF! -> #REF! | B73: =#REF! -> #REF! | D73: 133704 | F73: =D73*$F$51 -> 1604.448 | G73: =E73*$G$51 -> 0 | H73: =G73+F73 -> 1604.448 | J73: =I73*$J$51/1000 -> 0
A74: =#REF! -> #REF! | B74: =#REF! -> #REF! | D74: 5211 | F74: =D74*$F$51 -> 62.532 | G74: =E74*$G$51 -> 0 | H74: =G74+F74 -> 62.532 | J74: =I74*$J$51/1000 -> 0
A75: =#REF! -> #REF! | B75: =#REF! -> #REF! | D75: 31614 | F75: =D75*$F$51 -> 379.368 | G75: =E75*$G$51 -> 0 | H75: =G75+F75 -> 379.368 | J75: =I75*$J$51/1000 -> 0
A76: =#REF! -> #REF! | B76: =#REF! -> #REF! | F76: =D76*$F$51 -> 0 | G76: =E76*$G$51 -> 0 | H76: =G76+F76 -> 0 | J76: =I76*$J$51/1000 -> 0
A77: =#REF! -> #REF! | B77: =#REF! -> #REF! | D77: 143686 | F77: =D77*$F$51 -> 1724.232 | G77: =E77*$G$51 -> 0 | H77: =G77+F77 -> 1724.232 | J77: =I77*$J$51/1000 -> 0
A78: =#REF! -> #REF! | B78: =#REF! -> #REF! | D78: 132160 | F78: =D78*$F$51 -> 1585.92 | G78: =E78*$G$51 -> 0 | H78: =G78+F78 -> 1585.92 | J78: =I78*$J$51/1000 -> 0
A79: =#REF! -> #REF! | B79: =#REF! -> #REF! | D79: 159970 | F79: =D79*$F$51 -> 1919.64 | G79: =E79*$G$51 -> 0 | H79: =G79+F79 -> 1919.64 | J79: =I79*$J$51/1000 -> 0
A80: =#REF! -> #REF! | B80: =#REF! -> #REF! | D80: 147966 | F80: =D80*$F$51 -> 1775.592 | G80: =E80*$G$51 -> 0 | H80: =G80+F80 -> 1775.592 | J80: =I80*$J$51/1000 -> 0
A81: =#REF! -> #REF! | B81: =#REF! -> #REF! | D81: 139317 | F81: =D81*$F$51 -> 1671.804 | G81: =E81*$G$51 -> 0 | H81: =G81+F81 -> 1671.804 | J81: =I81*$J$51/1000 -> 0
A82: =#REF! -> #REF! | B82: =#REF! -> #REF! | F82: =D82*$F$51 -> 0 | G82: =E82*$G$51 -> 0 | H82: =G82+F82 -> 0 | J82: =I82*$J$51/1000 -> 0
A83: =#REF! -> #REF! | B83: =#REF! -> #REF! | F83: =D83*$F$51 -> 0 | G83: =E83*$G$51 -> 0 | H83: =G83+F83 -> 0 | J83: =I83*$J$51/1000 -> 0
A84: =#REF! -> #REF! | B84: =#REF! -> #REF! | F84: =D84*$F$51 -> 0 | G84: =E84*$G$51 -> 0 | H84: =G84+F84 -> 0 | J84: =I84*$J$51/1000 -> 0
A85: =#REF! -> #REF! | B85: =#REF! -> #REF! | F85: =D85*$F$51 -> 0 | G85: =E85*$G$51 -> 0 | H85: =G85+F85 -> 0 | J85: =I85*$J$51/1000 -> 0
A86: =#REF! -> #REF! | B86: =#REF! -> #REF! | F86: =D86*$F$51 -> 0 | G86: =E86*$G$51 -> 0 | H86: =G86+F86 -> 0 | J86: =I86*$J$51/1000 -> 0
A87: =#REF! -> #REF! | B87: =#REF! -> #REF! | F87: =D87*$F$51 -> 0 | G87: =E87*$G$51 -> 0 | H87: =G87+F87 -> 0 | J87: =I87*$J$51/1000 -> 0
A88: =#REF! -> #REF! | B88: =#REF! -> #REF! | F88: =D88*$F$51 -> 0 | G88: =E88*$G$51 -> 0 | H88: =G88+F88 -> 0 | J88: =I88 -> 0
A89: =#REF! -> #REF! | B89: =#REF! -> #REF! | F89: =D89*$F$51 -> 0 | G89: =E89*$G$51 -> 0 | H89: =G89+F89 -> 0 | J89: =I89*$J$51/1000 -> 0
A90: =#REF! -> #REF! | B90: =#REF! -> #REF! | F90: =D90*$F$51 -> 0 | G90: =E90*$G$51 -> 0 | H90: =G90+F90 -> 0 | J90: =I90*$J$51/1000 -> 0
A91: =#REF! -> #REF! | B91: =#REF! -> #REF! | D91: 3246 | F91: =D91*$F$51 -> 38.952 | G91: =E91*$G$51 -> 0 | H91: =G91+F91 -> 38.952 | J91: =I91*$J$51/1000 -> 0
A92: =#REF! -> #REF! | B92: =#REF! -> #REF! | F92: =D92*$F$51 -> 0 | G92: =E92*$G$51 -> 0 | H92: =G92+F92 -> 0 | J92: =I92*$J$51/1000 -> 0
A93: =#REF! -> #REF! | B93: =#REF! -> #REF! | F93: =D93*$F$51 -> 0 | G93: =E93*$G$51 -> 0 | H93: =G93+F93 -> 0 | J93: =I93*$J$51/1000 -> 0
A94: =#REF! -> #REF! | B94: =#REF! -> #REF! | F94: =D94*$F$51 -> 0 | G94: =E94*$G$51 -> 0 | H94: =G94+F94 -> 0 | J94: =I94*$J$51/1000 -> 0
A95: =#REF! -> #REF! | B95: =#REF! -> #REF! | F95: =D95*$F$51 -> 0 | G95: =E95*$G$51 -> 0 | H95: =G95+F95 -> 0 | J95: =I95*$J$51/1000 -> 0
A96: =#REF! -> #REF! | B96: =#REF! -> #REF! | F96: =D96*$F$51 -> 0 | G96: =E96*$G$51 -> 0 | H96: =G96+F96 -> 0 | J96: =I96*$J$51/1000 -> 0
A97: =#REF! -> #REF! | B97: =#REF! -> #REF! | F97: =D97*$F$51 -> 0 | G97: =E97*$G$51 -> 0 | H97: =G97+F97 -> 0 | J97: =I97*$J$51/1000 -> 0
A98: =#REF! -> #REF! | B98: =#REF! -> #REF! | F98: =D98*$F$51 -> 0 | G98: =E98*$G$51 -> 0 | H98: =G98+F98 -> 0 | J98: =I98*$J$51/1000 -> 0
A99: =#REF! -> #REF! | B99: =#REF! -> #REF! | F99: =D99*$F$51 -> 0 | G99: =E99*$G$51 -> 0 | H99: =G99+F99 -> 0 | J99: =I99*$J$51/1000 -> 0
A100: =#REF! -> #REF! | B100: =#REF! -> #REF! | F100: =D100*$F$51 -> 0 | G100: =E100*$G$51 -> 0 | H100: =G100+F100 -> 0 | J100: =I100*$J$51/1000 -> 0
A101: =#REF! -> #REF! | B101: =#REF! -> #REF! | F101: =D101*$F$51 -> 0 | G101: =E101*$G$51 -> 0 | H101: =G101+F101 -> 0 | J101: =I101*$J$51/1000 -> 0
A102: =#REF! -> #REF! | B102: =#REF! -> #REF! | F102: =D102*$F$51 -> 0 | G102: =E102*$G$51 -> 0 | H102: =G102+F102 -> 0 | J102: =I102*$J$51/1000 -> 0
A104: 1 | B104: 2 | C104: 3 | D104: 4 | E104: 5 | F104: 6 | G104: 7 | H104: 8 | I104: 9 | J104: =I104*$J$51/1000 -> 0.2025
I105: TC | J105: =SUM(J52:J104) -> 0.2025

Sheet TH ngay phep
B2: BAÛNG TOÅNG HÔÏP NGAØY PHEÙP
D3: Thaùng 1 | E3: Thaùng 2 | F3: Thaùng 3 | G3: Thaùng 4 | H3: Thaùng 5 | I3: Thaùng 6 | J3: Thaùng 7 | K3: Thaùng 8 | L3: Thaùng 9 | M3: Thaùng 10 | N3: Thaùng 11 | O3: Thaùng 12 | P3: Toång hôïp
A4: =#REF! -> #REF! | B4: 1 | C4: Nguyeãn Vaên Thaûo | P4: =SUM(D4:O4) -> 0
A5: =#REF! -> #REF! | B5: 2 | C5: Nguyeãn Ngoïc Höng | P5: =SUM(D5:O5) -> 0
A6: =#REF! -> #REF! | B6: 3 | C6: Ngoâ .T. Phan Hieàn | D6: 1 | E6: 3 | F6: 1 | G6: 1 | I6: 2 | P6: =SUM(D6:O6) -> 8
A7: =#REF! -> #REF! | B7: 4 | C7: Nguyeãn T. Hoàng Aùnh | E7: 1 | F7: 1 | G7: 1 | I7: 2 | P7: =SUM(D7:O7) -> 5
A8: =#REF! -> #REF! | B8: 5 | C8: Ninh Phöông Haïnh | E8: 3 | G8: 1 | H8: 5 | I8: 3 | P8: =SUM(D8:O8) -> 12
A9: =#REF! -> #REF! | B9: 6 | C9: Leâ Hoaøng Tuaán | P9: =SUM(D9:O9) -> 0
A10: =#REF! -> #REF! | B10: 7 | C10: Phaïm Vieät Nam | P10: =SUM(D10:O10) -> 0
A11: =#REF! -> #REF! | B11: 8 | C11: Ñoàng Anh Tuaán | E11: 1 | F11: 1 | P11: =SUM(D11:O11) -> 2
A12: =#REF! -> #REF! | B12: 9 | C12: Nguyeãn Hoàng Nam | D12: 2 | E12: 5 | P12: =SUM(D12:O12) -> 7
B13: 10 | C13: Döông Leâ Hoàng Phieán | E13: 6 | G13: 8 | P13: =SUM(D13:O13) -> 14
B14: 11 | C14: Leâ Coâng Nhaát Trung | E14: 1 | G14: 2 | I14: 1 | P14: =SUM(D14:O14) -> 4
B15: 12 | C15: Leâ Thanh Huy
B16: 13 | C16: Ngoâ Theá Giang
B17: 14 | C17: Traàn Vaên Vò Toaøn | P17: =SUM(D17:O17) -> 0
B18: 15 | C18: Nguyeãn Vaên Baûy
B19: 16 | C19: Phaïm Thanh Tuøng | P19: =SUM(D19:O19) -> 0
B20: 17 | C20: Huyønh Thanh Lieâm | E20: 1 | P20: =SUM(D20:O20) -> 1
B21: 18 | C21: Nguyeãn Ñoã Q. Phöông | D21: 1 | E21: 1 | F21: 1 | G21: 1 | I21: 3 | P21: =SUM(D21:O21) -> 7
B22: 19 | C22: Hoaøng Giaùng Sinh
B23: 20 | C23: Cao Hieäp Thöông | E23: 1
B24: 22 | C24: Ngoâ Maïnh Linh trưởng bộ phận | E24: 1
B25: 23 | C25: Nguyeãn Cöôøng | E25: 2 | I25: 1
B26: 24 | C26: Nguyeãn Troïng Thaùi | E26: 1
B27: 25 | C27: Nguyeãn Huyønh Coâng Thaêng | E27: 1
B28: 26 | C28: Buøi Ngoïc Tuaán | E28: 1
B29: 27 | C29: Ñaëng Duy Phöông | E29: 1
B30: 28 | C30: Phan Thanh Tuøng (Trưởng bộ phận) | E30: 1
B31: 29 | C31: Nguyeãn Tuaán Anh | E31: 1
B32: 30 | C32: Ñoàng Anh Tuaán | E32: 1
B33: 31 | C33: Nguyeãn Thò Thô | E33: 1
B34: 32 | C34: Phaïm Thaønh | E34: 1
B35: 33 | C35: Phaïm Vaên Phuù | E35: 1
B36: 34 | C36: Buøi Minh Kieät | E36: 1
B37: 35 | C37: Phaïm Thò Nhaãn | E37: 1
... B48: 46 | C48: Leâ Hoaøng Phuùc | E48: 1
A49: =#REF! -> #REF! | C49: =#REF! -> #REF! | D49: 0 | E49: =#REF! -> #REF! | P49: =SUM(D49:O49) -> #REF!

Sheet phep
AL2: BAÛNG TOÅNG HÔÏP NGAØY PHEÙP
AN3: Ngaøy pheùp coøn trong naêm tröôùc | AO3: Thaùng 1 | AP3: Thaùng 2 | AQ3: Thaùng 3 | AR3: Thaùng 4 | AS3: Thaùng 5 | AT3: Thaùng 6 | AU3: Thaùng 7 | AV3: Thaùng 8 | AW3: Thaùng 9 | AX3: Thaùng 10 | AY3: Thaùng 11 | AZ3: Thaùng 12 | BA3: Toång hôïp
B4: =#REF! -> #REF! | AL4: 1 | AM4: Nguyeãn Vaên Thaûo | AW4: =#REF! -> #REF! | BA4: =SUM(AO4:AZ4) -> #REF!
B5: =#REF! -> #REF! | AL5: 2 | AM5: Nguyeãn Ngoïc Höng | BA5: =SUM(AO5:AZ5) -> 0
B6: =#REF! -> #REF! | AM6: Nguyễn Thọ Ngọc | AS6: 1 | AW6: 2 | AX6: 1 | AY6: 1 | AZ6: 2 | BA6: =SUM(AO6:AZ6) -> 7
B7: =#REF! -> #REF! | AL7: 3 | AM7: Ngoâ .T. Phan Hieàn | AO7: 1 | AP7: 3 | AQ7: 1 | AR7: 1 | AS7: 1 | AT7: 2 | AV7: 1 | BA7: =SUM(AO7:AZ7) -> 10
B8: =#REF! -> #REF! | AL8: 4 | AM8: Nguyeãn T. Hoàng Aùnh | AP8: 1 | AQ8: 1 | AR8: 1 | AS8: 2 | AT8: 2 | AV8: 3 | AX8: 1 | BA8: =SUM(AO8:AZ8) -> 11
B9: =#REF! -> #REF! | AL9: 5 | AM9: Ninh Phöông Haïnh | AP9: 3 | AR9: 1 | AS9: 6 | AT9: 3 | BA9: =SUM(AO9:AZ9) -> 13
B10: =#REF! -> #REF! | AL10: 6 | AM10: Leâ Hoaøng Tuaán | BA10: =SUM(AO10:AZ10) -> 0
B11: =#REF! -> #REF! | AL11: 7 | AM11: Phaïm Vieät Nam | BA11: =SUM(AO11:AZ11) -> 0
B12: =#REF! -> #REF! | AL12: 8 | AM12: Ñoàng Anh Tuaán | AP12: 1 | AV12: 1 | BA12: =SUM(AO12:AZ12) -> 2
B13: =#REF! -> #REF! | AL13: 11 | AM13: Leâ Coâng Nhaát Trung | AP13: 1 | AR13: 2 | AT13: 1 | AX13: 1 | BA13: =SUM(AO13:AZ13) -> 5
B14: =#REF! -> #REF! | AL14: 12 | AM14: Leâ Thanh Huy
B15: =#REF! -> #REF! | AL15: 13 | AM15: Ngoâ Theá Giang
B16: =#REF! -> #REF! | AL16: 14 | AM16: Traàn Vaên Vò Toaøn | AV16: 3 | AW16: 7 | AZ16: 1 | BA16: =SUM(AO16:AZ16) -> 11
B17: =#REF! -> #REF! | AL17: 15 | AM17: Nguyeãn Vaên Baûy
B18: =#REF! -> #REF! | AL18: 16 | AM18: Phaïm Thanh Tuøng | BA18: =SUM(AO18:AZ18) -> 0
B19: =#REF! -> #REF! | AL19: 17 | AM19: Huyønh Thanh Lieâm | AP19: 1 | AS19: 2 | AZ19: 6 | BA19: =SUM(AO19:AZ19) -> 9
B20: =#REF! -> #REF! | AL20: 18 | AM20: Nguyeãn Ñoã Q. Phöông | AO20: 1 | AP20: 1 | AQ20: 1 | AR20: 1 | AS20: 2 | AT20: 3 | AU20: 4 | BA20: =SUM(AO20:AZ20) -> 13
B21: =#REF! -> #REF! | AL21: 19 | AM21: Hoaøng Giaùng Sinh
B22: =#REF! -> #REF! | AL22: 20 | AM22: Cao Hieäp Thöông | AP22: 1 | AV22: 1 | AW22: 1 | AX22: 1 | BA22: =SUM(AO22:AZ22) -> 4
B23: =#REF! -> #REF! | AL23: 22 | AM23: Ngoâ Maïnh Linh trưởng bộ phận | AP23: 1 | AW23: 10 | AX23: 1 | BA23: =SUM(AO23:AZ23) -> 12
B24: =#REF! -> #REF! | AL24: 23 | AM24: Nguyeãn Cöôøng | AP24: 2 | AT24: 1 | AV24: 3 | AZ24: 1 | BA24: =SUM(AO24:AZ24) -> 7
B25: =#REF! -> #REF! | AL25: 28 | AM25: Phan Thanh Tuøng | AP25: 1 | AS25: 1 | AV25: 1 | AW25: 1 | AX25: 1 | AY25: 1 | BA25: =SUM(AO25:AZ25) -> 6
B26: =#REF! -> #REF! | AL26: 29 | AM26: Nguyeãn Tuaán Anh | AP26: 1 | AW26: 3 | BA26: =SUM(AO26:AZ26) -> 4
B27: =#REF! -> #REF! | AL27: 30 | AM27: Ñoàng Anh Tuaán | AP27: 1 | BA27: =SUM(AO27:AZ27) -> 1
B28: =#REF! -> #REF! | AL28: 31 | AM28: Nguyeãn Thò Thô | BA28: =SUM(AO28:AZ28) -> 0
B29: =#REF! -> #REF! | AL29: 33 | AM29: Phaïm Vaên Phuù | BA29: =SUM(AO29:AZ29) -> 0
B30: =#REF! -> #REF! | AL30: 35 | AM30: Phaïm Thò Nhaãn | BA30: =SUM(AO30:AZ30) -> 0
B31: =#REF! -> #REF! | AL31: 36 | AM31: Nguyeãn Hoàng Haûi (trưởng bộ phận) | AP31: 1 | AR31: 2 | AS31: 1 | AU31: 1 | AV31: 1 | BA31: =SUM(AO31:AZ31) -> 6
B32: =#REF! -> #REF! | AL32: 40 | AM32: Nguyeãn Thanh Tuøng | AP32: 1 | AW32: 1 | AY32: 1 | AZ32: 1 | BA32: =SUM(AO32:AZ32) -> 4 | BB32: 6/2014
B33: =#REF! -> #REF! | AL33: 41 | AM33: Nguyeãn Thaønh Ngoan | AP33: 1 | AU33: 1 | AV33: 1 | AX33: 2 | AY33: 4 | AZ33: 1 | BA33: =SUM(AO33:AZ33) -> 10 | BB33: 06/2014
B34: =#REF! -> #REF! | AL34: 42 | AM34: Nguyeãn Thanh Cöôøng | AP34: 1 | AR34: 1 | AZ34: 1 | BA34: =SUM(AO34:AZ34) -> 3 | BB34: 11/2014
B35: =#REF! -> #REF! | AL35: 43 | AM35: Nguyeãn Ngoïc Hieáu | AP35: 1 | AS35: 1 | AZ35: 1 | BA35: =SUM(AO35:AZ35) -> 3 | BB35: 11/2014
B36: =#REF! -> #REF! | AL36: 44 | AM36: Nguyễn Văn Linh | AP36: 1 | AY36: 1 | BA36: =SUM(AO36:AZ36) -> 2 | BB36: 8/2014
B37: =#REF! -> #REF! | AL37: 45 | AM37: Nguyeãn Vaên Chung | AP37: 1 | BA37: =SUM(AO37:AZ37) -> 1 | BB37: 3/2012
B38: =#REF! -> #REF! | AL38: 46 | AM38: Leâ Hoaøng Phuùc | AP38: 1 | BA38: =SUM(AO38:AZ38) -> 1 | BB38: 4/2013
B39: =#REF! -> #REF! | AM39: ='[2]Luong VP'!C26 -> Toång coäng | AO39: 0 | AP39: ='[2]Cham cong'!AL55 -> 0 | BA39: =SUM(AO39:AZ39) -> 0
B40: =#REF! -> #REF!
B41: =#REF! -> #REF!
B42: =#REF! -> #REF!
B43: =#REF! -> #REF!
B44: =#REF! -> #REF!
B45: =#REF! -> #REF!
B46: =#REF! -> #REF!
B47: =#REF! -> #REF!
B48: =#REF! -> #REF!
B49: =#REF! -> #REF!
B50: =#REF! -> #REF!
B51: =#REF! -> #REF!
... B55: =#REF! -> #REF!

Sheet Phép năm
A1: 12 | B1: DANH SAÙCH NGHÆ PHEÙP NAÊM
F3: TIME LAØM VIEÄC | I3: 2015 | V3: 2016 | AI3: Dö 2015 | AJ3: 6 thaùng | AK3: Dö 2016 | AM3: 2017
B4: DS THAM GIA BHXH | C4: Ngaøy vaøo laøm | D4: Nghæ | E4: Ñoùng BH | F4: NAÊM | G4: THAÙNG | H4: NGAØY | I4: 1 | J4: 2 | K4: 3 | L4: 4 | M4: 5 | N4: 6 | O4: 7 | P4: 8 | Q4: 9 | R4: 10 | S4: 11 | T4: 12 | V4: 1 | W4: 2 | X4: 3 | Y4: 4 | Z4: 5 | AA4: 6 | AB4: 7 | AC4: 8 | AD4: 9 | AE4: 10 | AF4: 11 | AG4: 12 | AM4: 1 | AN4: 2 | AO4: 3 | AP4: 4 | AQ4: 5 | AR4: 6 | AS4: 7 | AT4: 8 | AU4: 9 | AV4: 10 | AW4: 11 | AX4: 12
B5: Nguyeãn Vaên Thaûo | C5: 37347 | E5: 01/2004 | F5: =DATEDIF(C5,TODAY(),"Y") -> 16 | G5: =DATEDIF(C5,TODAY(),"YM") -> 5 | H5: =DATEDIF(C5,TODAY(),"MD") -> 22 | AH5: =SUM(V5:AG5) -> 0 | AY5: =SUM(AM5:AX5) -> 0
B6: Ngoâ Pa Ri | C6: 37987 | F6: =DATEDIF(C6,TODAY(),"Y") -> 14 | G6: =DATEDIF(C6,TODAY(),"YM") -> 8 | H6: =DATEDIF(C6,TODAY(),"MD") -> 22 | AH6: =SUM(V6:AG6) -> 0 | AY6: =SUM(AM6:AX6) -> 0
B7: Phoøng HCNS - NS
B8: Nguyeãn Ñoã Q. Phöông | C8: 40040 | E8: 06/2010 | F8: =DATEDIF(C8,TODAY(),"Y") -> 9 | G8: =DATEDIF(C8,TODAY(),"YM") -> 1 | H8: =DATEDIF(C8,TODAY(),"MD") -> 8 | AH8: =SUM(V8:AG8) -> 0 | AJ8: =SUM(V8:AA8) -> 0 | AK8: =IF(AI8>=AJ8,INT($F8/5)+$A$1-SUM(AB8:AG8),INT($F8/5)+$A$1-(SUM(V8:AG8)-AI8)) -> 13 | AY8: =SUM(AM8:AX8) -> 0
B9: Leâ Hoaøng Tuaán | C9: 41838 | E9: 4/2016 | F9: =DATEDIF(C9,TODAY(),"Y") -> 4 | G9: =DATEDIF(C9,TODAY(),"YM") -> 2 | H9: =DATEDIF(C9,TODAY(),"MD") -> 5 | AH9: =SUM(V9:AG9) -> 0 | AJ9: =SUM(V9:AA9) -> 0 | AK9: =IF(AI9>=AJ9,INT($F9/5)+$A$1-SUM(AB9:AG9),INT($F9/5)+$A$1-(SUM(V9:AG9)-AI9)) -> 12 | AY9: =SUM(AM9:AX9) -> 0
B10: Traàn Thò Thanh Xuaân | C10: 42298 | E10: 42614 | F10: =DATEDIF(C10,TODAY(),"Y") -> 2 | G10: =DATEDIF(C10,TODAY(),"YM") -> 11 | H10: =DATEDIF(C10,TODAY(),"MD") -> 2 | AD10: 1 | AF10: 1 | AG10: 1 | AH10: =SUM(V10:AG10) -> 3 | AJ10: =SUM(V10:AA10) -> 0 | AK10: =IF(AI10>=AJ10,INT($F10/5)+$A$1-SUM(AB10:AG10),INT($F10/5)+$A$1-(SUM(V10:AG10)-AI10)) -> 9 | AM10: 1 | AO10: 2 | AY10: =SUM(AM10:AX10) -> 3
B11: Đỗ Ngọc Thien Thanh | C11: 42842 | AS11: 3 | AT11: 2 | AY11: =SUM(AM11:AX11) -> 5
B12: Leâ Xuaân Kim | C12: 42464 | F12: =DATEDIF(C12,TODAY(),"Y") -> 2 | G12: =DATEDIF(C12,TODAY(),"YM") -> 5 | H12: =DATEDIF(C12,TODAY(),"MD") -> 19 | AC12: 2 | AH12: =SUM(V12:AG12) -> 2 | AJ12: =SUM(V12:AA12) -> 0 | AK12: =IF(AI12>=AJ12,INT($F12/5)+7-SUM(AB12:AG12),INT($F12/5)+7-(SUM(V12:AG12)-AI12)) -> 5
B13: Ban KSNB - NB
B14: Nguyeãn Thoï Ngoïc | C14: 38579 | E14: 11/2006 | F14: =DATEDIF(C14,TODAY(),"Y") -> 13 | G14: =DATEDIF(C14,TODAY(),"YM") -> 1 | H14: =DATEDIF(C14,TODAY(),"MD") -> 8 | V14: 1 | X14: 2 | Y14: 2 | AB14: 1 | AD14: 2 | AE14: 1 | AG14: 3 | AH14: =SUM(V14:AG14) -> 12 | AJ14: =SUM(V14:AA14) -> 5 | AK14: =IF(AI14>=AJ14,INT($F14/5)+$A$1-SUM(AB14:AG14),INT($F14/5)+$A$1-(SUM(V14:AG14)-AI14)) -> 2 | AM14: 6 | AN14: 1 | AO14: 0 | AP14: 1 | AQ14: 1 | AR14: 1 | AS14: 2 | AT14: 1 | AU14: 3 | AY14: =SUM(AM14:AX14) -> 16 | AZ14: 12 naêm 1 thaùng 20 ngay
B15: Nguyeãn Trinh Nguyeân | C15: 42555 | F15: =DATEDIF(C15,TODAY(),"Y") -> 2 | G15: =DATEDIF(C15,TODAY(),"YM") -> 2 | H15: =DATEDIF(C15,TODAY(),"MD") -> 19 | AE15: 1 | AG15: 1 | AH15: =SUM(V15:AG15) -> 2 | AJ15: =SUM(V15:AA15) -> 0 | AK15: =IF(AI15>=AJ15,INT($F15/5)+4-SUM(AB15:AG15),INT($F15/5)+4-(SUM(V15:AG15)-AI15)) -> 2 | AO15: 1 | AR15: 1 | AT15: 6 | AU15: 1 | AV15: 1 | AY15: =SUM(AM15:AX15) -> 10 | AZ15: =12-AY15+AK15 -> 4
B16: Phoøng TCKT - KT | AZ16: =12-AY16+AK16 -> 12
B17: Nguyeãn T. Hoàng Aùnh | C17: 40045 | E17: 07/2010 | F17: =DATEDIF(C17,TODAY(),"Y") -> 9 | G17: =DATEDIF(C17,TODAY(),"YM") -> 1 | H17: =DATEDIF(C17,TODAY(),"MD") -> 3 | V17: 2 | AB17: 3 | AD17: 1 | AE17: 2 | AF17: 2 | AG17: 1 | AH17: =SUM(V17:AG17) -> 11 | AJ17: =SUM(V17:AA17) -> 2 | AK17: =IF(AI17>=AJ17,INT($F17/5)+$A$1-SUM(AB17:AG17),INT($F17/5)+$A$1-(SUM(V17:AG17)-AI17)) -> 2 | AM17: 3 | AN17: 2 | AO17: 1 | AP17: 3 | AS17: 2 | AT17: 1 | AU17: 2 | AY17: =SUM(AM17:AX17) -> 14 | AZ17: =12-AY17+AK17 -> 0
B18: Ninh Phöông Haïnh | C18: 40239 | E18: 6/2010 | F18: =DATEDIF(C18,TODAY(),"Y") -> 8 | G18: =DATEDIF(C18,TODAY(),"YM") -> 6 | H18: =DATEDIF(C18,TODAY(),"MD") -> 21 | V18: 2 | W18: 1 | Z18: 1 | AA18: 3 | AB18: 2 | AF18: 2 | AH18: =SUM(V18:AG18) -> 11 | AJ18: =SUM(V18:AA18) -> 7 | AK18: =IF(AI18>=AJ18,INT($F18/5)+$A$1-SUM(AB18:AG18),INT($F18/5)+$A$1-(SUM(V18:AG18)-AI18)) -> 2 | AM18: 1 | AR18: 4 | AY18: =SUM(AM18:AX18) -> 5 | AZ18: =12-AY18+AK18 -> 9
B19: Nguyeãn Thaùi Ngaân | C19: 42187 | E19: 4/2016 | F19: =DATEDIF(C19,TODAY(),"Y") -> 3 | G19: =DATEDIF(C19,TODAY(),"YM") -> 2 | H19: =DATEDIF(C19,TODAY(),"MD") -> 21 | Z19: 1 | AA19: 1 | AB19: 3 | AD19: 1 | AF19: 3 | AG19: 2 | AH19: =SUM(V19:AG19) -> 11 | AJ19: =SUM(V19:AA19) -> 2 | AK19: =IF(AI19>=AJ19,INT($F19/5)+$A$1-SUM(AB19:AG19),INT($F19/5)+$A$1-(SUM(V19:AG19)-AI19)) -> 1 | AM19: 2 | AN19: 3 | AO19: 1 | AP19: 0 | AQ19: 1 | AR19: 2 | AS19: 3 | AU19: 1 | AV19: 1 | AY19: =SUM(AM19:AX19) -> 14 | AZ19: =12-AY19+AK19 -> -1
B20: Voõ Thò Hoàng Ñaøo | C20: 42313 | E20: 42614 | F20: =DATEDIF(C20,TODAY(),"Y") -> 2 | G20: =DATEDIF(C20,TODAY(),"YM") -> 10 | H20: =DATEDIF(C20,TODAY(),"MD") -> 18 | AD20: 1 | AF20: 1 | AG20: 2 | AH20: =SUM(V20:AG20) -> 4 | AJ20: =SUM(V20:AA20) -> 0 | AK20: =IF(AI20>=AJ20,INT($F20/5)+$A$1-SUM(AB20:AG20),INT($F20/5)+$A$1-(SUM(V20:AG20)-AI20)) -> 8 | AS20: 2 | AT20: 2 | AY20: =SUM(AM20:AX20) -> 4 | AZ20: =12-AY20+AK20 -> 16
B21: Nguyeãn Vaên Baûy | C21: 41852 | F21: =DATEDIF(C21,TODAY(),"Y") -> 4 | G21: =DATEDIF(C21,TODAY(),"YM") -> 1 | H21: =DATEDIF(C21,TODAY(),"MD") -> 22 | AH21: =SUM(V21:AG21) -> 0 | AJ21: =SUM(V21:AA21) -> 0 | AK21: =IF(AI21>=AJ21,INT($F21/5)+$A$1-SUM(AB21:AG21),INT($F21/5)+$A$1-(SUM(V21:AG21)-AI21)) -> 12 | AY21: =SUM(AM21:AX21) -> 0 | AZ21: =12-AY21+AK21 -> 24
B22: Töø Thò Hoaøng Oanh | C22: 42537 | F22: =DATEDIF(C22,TODAY(),"Y") -> 2 | G22: =DATEDIF(C22,TODAY(),"YM") -> 3 | H22: =DATEDIF(C22,TODAY(),"MD") -> 7 | AD22: 1 | AE22: 1 | AG22: 2 | AH22: =SUM(V22:AG22) -> 4 | AJ22: =SUM(V22:AA22) -> 0 | AK22: =IF(AI22>=AJ22,INT($F22/5)+4-SUM(AB22:AG22),INT($F22/5)+4-(SUM(V22:AG22)-AI22)) -> 0 | AM22: 5 | AN22: 0 | AO22: 1 | AP22: 0 | AQ22: 3 | AR22: 0 | AS22: 2 | AU22: 1 | AY22: =SUM(AM22:AX22) -> 12 | AZ22: =12-AY22+AK22 -> 0
B23: Nguyeãn Thoáng Nhaát | C23: 42479 | F23: =DATEDIF(C23,TODAY(),"Y") -> 2 | G23: =DATEDIF(C23,TODAY(),"YM") -> 5 | H23: =DATEDIF(C23,TODAY(),"MD") -> 4 | AD23: 1 | AH23: =SUM(V23:AG23) -> 1 | AJ23: =SUM(V23:AA23) -> 0 | AK23: =IF(AI23>=AJ23,INT($F23/5)+6-SUM(AB23:AG23),INT($F23/5)+6-(SUM(V23:AG23)-AI23)) -> 5 | AM23: 1 | AN23: 2 | AO23: 2 | AP23: 0 | AQ23: 2 | AR23: 5 | AY23: =SUM(AM23:AX23) -> 12 | AZ23: =12-AY23+AK23 -> 5
B24: Leâ Minh Trung | C24: 42074 | F24: =DATEDIF(C24,TODAY(),"Y") -> 3 | G24: =DATEDIF(C24,TODAY(),"YM") -> 6 | H24: =DATEDIF(C24,TODAY(),"MD") -> 12 | Y24: 1 | Z24: 4 | AY24: =SUM(AM24:AX24) -> 0 | AZ24: =12-AY24+AK24 -> 12
B25: Giang Coâng Danh | C25: 42646 | F25: =DATEDIF(C25,TODAY(),"Y") -> 1 | G25: =DATEDIF(C25,TODAY(),"YM") -> 11 | H25: =DATEDIF(C25,TODAY(),"MD") -> 20 | AH25: =SUM(V25:AG25) -> 0 | AY25: =SUM(AM25:AX25) -> 0 | AZ25: =12-AY25+AK25 -> 12
B26: Kieàu Thò Thuûy Tieân | C26: 42795 | AR26: 2 | AT26: 1 | AU26: 1 | AV26: 1 | AW26: 3 | AY26: =SUM(AM26:AX26) -> 8 | AZ26: =12-AY26+AK26 -> 4
B27: Huuyønh Ngoïc Giang | C27: 42809 | AR27: 1 | AT27: 2 | AU27: 4 | AY27: =SUM(AM27:AX27) -> 7 | AZ27: =12-AY27+AK27 -> 5
B28: Ban XDCB - XD | AZ28: =12-AY28+AK28 -> 12
B29: Leâ Thanh Huy | C29: 39471 | E29: 11/2010 | F29: =DATEDIF(C29,TODAY(),"Y") -> 10 | G29: =DATEDIF(C29,TODAY(),"YM") -> 7 | H29: =DATEDIF(C29,TODAY(),"MD") -> 30 | AH29: =SUM(V29:AG29) -> 0 | AJ29: =SUM(V29:AA29) -> 0 | AK29: =IF(AI29>=AJ29,INT($F29/5)+$A$1-SUM(AB29:AG29),INT($F29/5)+$A$1-(SUM(V29:AG29)-AI29)) -> 14 | AS29: 4 | AY29: =SUM(AM29:AX29) -> 4 | AZ29: =12-AY29+AK29 -> 22
B30: Chaâu Phöôùc Thuaàn | C30: 42338 | E30: 42614 | F30: =DATEDIF(C30,TODAY(),"Y") -> 2 | G30: =DATEDIF(C30,TODAY(),"YM") -> 9 | H30: =DATEDIF(C30,TODAY(),"MD") -> 24 | AH30: =SUM(V30:AG30) -> 0 | AJ30: =SUM(V30:AA30) -> 0 | AK30: =IF(AI30>=AJ30,INT($F30/5)+$A$1-SUM(AB30:AG30),INT($F30/5)+$A$1-(SUM(V30:AG30)-AI30)) -> 12 | AQ30: 3 | AR30: 2 | AS30: 6 | AY30: =SUM(AM30:AX30) -> 11 | AZ30: =12-AY30+AK30 -> 13
B31: Ñaøo Ngoïc Long | C31: 42339 | E31: 42614 | F31: =DATEDIF(C31,TODAY(),"Y") -> 2 | G31: =DATEDIF(C31,TODAY(),"YM") -> 9 | H31: =DATEDIF(C31,TODAY(),"MD") -> 22 | AH31: =SUM(V31:AG31) -> 0 | AJ31: =SUM(V31:AA31) -> 0 | AK31: =IF(AI31>=AJ31,INT($F31/5)+$A$1-SUM(AB31:AG31),INT($F31/5)+$A$1-(SUM(V31:AG31)-AI31)) -> 12 | AO31: 1 | AS31: 4 | AU31: 2 | AY31: =SUM(AM31:AX31) -> 7 | AZ31: =12-AY31+AK31 -> 17
B32: Nguyeãn Duy Long | C32: 42475 | F32: =DATEDIF(C32,TODAY(),"Y") -> 2 | G32: =DATEDIF(C32,TODAY(),"YM") -> 5 | H32: =DATEDIF(C32,TODAY(),"MD") -> 8 | AD32: 1 | AH32: =SUM(V32:AG32) -> 1 | AJ32: =SUM(V32:AA32) -> 0 | AK32: =IF(AI32>=AJ32,INT($F32/5)+6-SUM(AB32:AG32),INT($F32/5)+6-(SUM(V32:AG32)-AI32)) -> 5 | AR32: 8 | AY32: =SUM(AM32:AX32) -> 8 | AZ32: =12-AY32+AK32 -> 9
B33: Nguyeãn Traàn Duy Anh | C33: 42485 | F33: =DATEDIF(C33,TODAY(),"Y") -> 2 | G33: =DATEDIF(C33,TODAY(),"YM") -> 4 | H33: =DATEDIF(C33,TODAY(),"MD") -> 29 | AH33: =SUM(V33:AG33) -> 0 | AJ33: =SUM(V33:AA33) -> 0 | AK33: =IF(AI33>=AJ33,INT($F33/5)+6-SUM(AB33:AG33),INT($F33/5)+6-(SUM(V33:AG33)-AI33)) -> 6 | AS33: 4 | AY33: =SUM(AM33:AX33) -> 4 | AZ33: =12-AY33+AK33 -> 14
B34: Nguyeãn Ngoïc Ñoâng | C34: 42542 | F34: =DATEDIF(C34,TODAY(),"Y") -> 2 | G34: =DATEDIF(C34,TODAY(),"YM") -> 3 | H34: =DATEDIF(C34,TODAY(),"MD") -> 2 | AH34: =SUM(V34:AG34) -> 0 | AJ34: =SUM(V34:AA34) -> 0 | AK34: =IF(AI34>=AJ34,INT($F34/5)+4-SUM(AB34:AG34),INT($F34/5)+4-(SUM(V34:AG34)-AI34)) -> 4 | AO34: 3 | AS34: 4 | AY34: =SUM(AM34:AX34) -> 7 | AZ34: =12-AY34+AK34 -> 9
B35: Ban Vaät tö -VT | AZ35: =12-AY35+AK35 -> 12
B36: Traàn Vaên Vò Toaøn | C36: 39083 | E36: 06/2010 | F36: =DATEDIF(C36,TODAY(),"Y") -> 11 | G36: =DATEDIF(C36,TODAY(),"YM") -> 8 | H36: =DATEDIF(C36,TODAY(),"MD") -> 22 | AD36: 1 | AG36: 1 | AH36: =SUM(V36:AG36) -> 2 | AJ36: =SUM(V36:AA36) -> 0 | AK36: =IF(AI36>=AJ36,INT($F36/5)+$A$1-SUM(AB36:AG36),INT($F36/5)+$A$1-(SUM(V36:AG36)-AI36)) -> 12 | AT36: 4 | AU36: 1 | AV36: 2 | AY36: =SUM(AM36:AX36) -> 7 | AZ36: =12-AY36+AK36 -> 17
B37: Voõ Thò Haèøng | C37: 42513 | E37: 42583 | F37: =DATEDIF(C37,TODAY(),"Y") -> 2 | G37: =DATEDIF(C37,TODAY(),"YM") -> 4 | H37: =DATEDIF(C37,TODAY(),"MD") -> 0 | AD37: 1 | AE37: 2 | AH37: =SUM(V37:AG37) -> 3 | AJ37: =SUM(V37:AA37) -> 0 | AK37: =IF(AI37>=AJ37,INT($F37/5)+$A$1-SUM(AB37:AG37),INT($F37/5)+$A$1-(SUM(V37:AG37)-AI37)) -> 9 | AM37: 4 | AO37: 3 | AS37: 1 | AT37: 4 | AW37: 3 | AY37: =SUM(AM37:AX37) -> 15 | AZ37: =12-AY37+AK37 -> 6
B38: Nguyeãn Vaên Thoâng | C38: 42464 | F38: =DATEDIF(C38,TODAY(),"Y") -> 2 | G38: =DATEDIF(C38,TODAY(),"YM") -> 5 | H38: =DATEDIF(C38,TODAY(),"MD") -> 19 | AD38: 1 | AH38: =SUM(V38:AG38) -> 1 | AJ38: =SUM(V38:AA38) -> 0 | AK38: =IF(AI38>=AJ38,INT($F38/5)+7-SUM(AB38:AG38),INT($F38/5)+7-(SUM(V38:AG38)-AI38)) -> 6 | AY38: =SUM(AM38:AX38) -> 0 | AZ38: =12-AY38+AK38 -> 18
B39: Nguyeãn Phan Höng | C39: 42569 | F39: =DATEDIF(C39,TODAY(),"Y") -> 2 | G39: =DATEDIF(C39,TODAY(),"YM") -> 2 | H39: =DATEDIF(C39,TODAY(),"MD") -> 5 | AH39: =SUM(V39:AG39) -> 0 | AJ39: =SUM(V39:AA39) -> 0 | AK39: =IF(AI39>=AJ39,INT($F39/5)+3-SUM(AB39:AG39),INT($F39/5)+3-(SUM(V39:AG39)-AI39)) -> 3 | AQ39: 3 | AR39: 3 | AS39: 3 | AT39: 3 | AY39: =SUM(AM39:AX39) -> 12 | AZ39: =12-AY39+AK39 -> 3
B40: Ñoaøn Phan Quoác Anh | C40: 42591 | F40: =DATEDIF(C40,TODAY(),"Y") -> 2 | G40: =DATEDIF(C40,TODAY(),"YM") -> 1 | H40: =DATEDIF(C40,TODAY(),"MD") -> 14 | AH40: =SUM(V40:AG40) -> 0 | AJ40: =SUM(V40:AA40) -> 0 | AK40: =IF(AI40>=AJ40,INT($F40/5)+3-SUM(AB40:AG40),INT($F40/5)+3-(SUM(V40:AG40)-AI40)) -> 3 | AM40: 1 | AY40: =SUM(AM40:AX40) -> 1 | AZ40: =12-AY40+AK40 -> 14
B41: Ban Döï aùn - DA | AY41: =SUM(AM41:AX41) -> 0 | AZ41: =12-AY41+AK41 -> 12
B42: Huyønh Thanh Lieâm | C42: 40848 | E42: 7/2015 | F42: =DATEDIF(C42,TODAY(),"Y") -> 6 | G42: =DATEDIF(C42,TODAY(),"YM") -> 10 | H42: =DATEDIF(C42,TODAY(),"MD") -> 22 | AH42: =SUM(V42:AG42) -> 0 | AJ42: =SUM(V42:AA42) -> 0 | AK42: =IF(AI42>=AJ42,INT($F42/5)+$A$1-SUM(AB42:AG42),INT($F42/5)+$A$1-(SUM(V42:AG42)-AI42)) -> 13 | AY42: =SUM(AM42:AX42) -> 0 | AZ42: =12-AY42+AK42 -> 25
B43: Leâ Coâng Nhaát Trung | C43: 41487 | E43: 7/2015 | F43: =DATEDIF(C43,TODAY(),"Y") -> 5 | G43: =DATEDIF(C43,TODAY(),"YM") -> 1 | H43: =DATEDIF(C43,TODAY(),"MD") -> 22 | AA43: 2 | AD43: 2 | AG43: 1 | AH43: =SUM(V43:AG43) -> 5 | AJ43: =SUM(V43:AA43) -> 2 | AK43: =IF(AI43>=AJ43,INT($F43/5)+$A$1-SUM(AB43:AG43),INT($F43/5)+$A$1-(SUM(V43:AG43)-AI43)) -> 8 | AM43: 4 | AN43: 0 | AO43: 0 | AP43: 2 | AS43: 1 | AU43: 4 | AV43: 3 | AW43: 2 | AY43: =SUM(AM43:AX43) -> 16 | AZ43: =12-AY43+AK43 -> 4
B44: Nguyeãn Thò Thuøy Ly | C44: 42430 | F44: =DATEDIF(C44,TODAY(),"Y") -> 2 | G44: =DATEDIF(C44,TODAY(),"YM") -> 6 | H44: =DATEDIF(C44,TODAY(),"MD") -> 22 | AE44: 1 | AH44: =SUM(V44:AG44) -> 1 | AJ44: =SUM(V44:AA44) -> 0 | AK44: =IF(AI44>=AJ44,INT($F44/5)+7-SUM(AB44:AG44),INT($F44/5)+7-(SUM(V44:AG44)-AI44)) -> 6 | AY44: =SUM(AM44:AX44) -> 0 | AZ44: =12-AY44+AK44 -> 18
B45: Nguyeãn Thò Giang | C45: 42471 | F45: =DATEDIF(C45,TODAY(),"Y") -> 2 | G45: =DATEDIF(C45,TODAY(),"YM") -> 5 | H45: =DATEDIF(C45,TODAY(),"MD") -> 12 | AC45: 1 | AD45: 1 | AG45: 1 | AH45: =SUM(V45:AG45) -> 3 | AJ45: =SUM(V45:AA45) -> 0 | AK45: =IF(AI45>=AJ45,INT($F45/5)+6-SUM(AB45:AG45),INT($F45/5)+6-(SUM(V45:AG45)-AI45)) -> 3 | AM45: 2 | AN45: 4 | AR45: 1 | AS45: 3 | AY45: =SUM(AM45:AX45) -> 10 | AZ45: =12-AY45+AK45 -> 5
B46: Cao Xuaân Vuõ | C46: 42569 | F46: =DATEDIF(C46,TODAY(),"Y") -> 2 | G46: =DATEDIF(C46,TODAY(),"YM") -> 2 | H46: =DATEDIF(C46,TODAY(),"MD") -> 5 | AE46: 1 | AF46: 2 | AH46: =SUM(V46:AG46) -> 3 | AJ46: =SUM(V46:AA46) -> 0 | AK46: =IF(AI46>=AJ46,INT($F46/5)+3-SUM(AB46:AG46),INT($F46/5)+3-(SUM(V46:AG46)-AI46)) -> 0 | AN46: 2 | AQ46: 6 | AU46: 1 | AV46: 2 | AY46: =SUM(AM46:AX46) -> 11 | AZ46: =12-AY46+AK46 -> 1
B47: Trung taâm NC KHCN -TT | AY47: =SUM(AM47:AX47) -> 0 | AZ47: =12-AY47+AK47 -> 12
B48: Traàn Vaên Haø | C48: 42248 | E48: 42614 | F48: =DATEDIF(C48,TODAY(),"Y") -> 3 | G48: =DATEDIF(C48,TODAY(),"YM") -> 0 | H48: =DATEDIF(C48,TODAY(),"MD") -> 22 | AD48: 1 | AE48: 2 | AG48: 3 | AH48: =SUM(V48:AG48) -> 6 | AJ48: =SUM(V48:AA48) -> 0 | AK48: =IF(AI48>=AJ48,INT($F48/5)+$A$1-SUM(AB48:AG48),INT($F48/5)+$A$1-(SUM(V48:AG48)-AI48)) -> 6 | AM48: 3 | AN48: 1 | AO48: 3 | AP48: 0 | AQ48: 1 | AT48: 1 | AY48: =SUM(AM48:AX48) -> 9 | AZ48: =12-AY48+AK48 -> 9
B49: Nguyeãn Nguyeân Nguyeân | C49: 42443 | F49: =DATEDIF(C49,TODAY(),"Y") -> 2 | G49: =DATEDIF(C49,TODAY(),"YM") -> 6 | H49: =DATEDIF(C49,TODAY(),"MD") -> 9 | AH49: =SUM(V49:AG49) -> 0 | AJ49: =SUM(V49:AA49) -> 0 | AK49: =IF(AI49>=AJ49,INT($F49/5)+7-SUM(AB49:AG49),INT($F49/5)+7-(SUM(V49:AG49)-AI49)) -> 7 | AY49: =SUM(AM49:AX49) -> 0 | AZ49: =12-AY49+AK49 -> 19
B50: Nguyeãn Thò Phi Lanh | C50: 42513 | F50: =DATEDIF(C50,TODAY(),"Y") -> 2 | G50: =DATEDIF(C50,TODAY(),"YM") -> 4 | H50: =DATEDIF(C50,TODAY(),"MD") -> 0 | AD50: 1 | AE50: 1 | AG50: 2 | AH50: =SUM(V50:AG50) -> 4 | AJ50: =SUM(V50:AA50) -> 0 | AK50: =IF(AI50>=AJ50,INT($F50/5)+5-SUM(AB50:AG50),INT($F50/5)+5-(SUM(V50:AG50)-AI50)) -> 1 | AM50: 1 | AN50: 2 | AY50: =SUM(AM50:AX50) -> 3 | AZ50: =12-AY50+AK50 -> 10
B51: Ñoã Thanh Tuù | C51: 42515 | F51: =DATEDIF(C51,TODAY(),"Y") -> 2 | G51: =DATEDIF(C51,TODAY(),"YM") -> 3 | H51: =DATEDIF(C51,TODAY(),"MD") -> 29 | AD51: 1 | AG51: 1 | AH51: =SUM(V51:AG51) -> 2 | AJ51: =SUM(V51:AA51) -> 0 | AK51: =IF(AI51>=AJ51,INT($F51/5)+5-SUM(AB51:AG51),INT($F51/5)+5-(SUM(V51:AG51)-AI51)) -> 3 | AM51: 1 | AO51: 4 | AR51: 1 | AS51: 1 | AV51: 2 | AY51: =SUM(AM51:AX51) -> 9 | AZ51: =12-AY51+AK51 -> 6
B52: Nguyeãn Thò Thuùy Dieãm | C52: 42387 | F52: =DATEDIF(C52,TODAY(),"Y") -> 2 | G52: =DATEDIF(C52,TODAY(),"YM") -> 8 | H52: =DATEDIF(C52,TODAY(),"MD") -> 5 | AC52: 1 | AD52: 1 | AG52: 1 | AH52: =SUM(V52:AG52) -> 3 | AJ52: =SUM(V52:AA52) -> 0 | AK52: =IF(AI52>=AJ52,INT($F52/5)+9-SUM(AB52:AG52),INT($F52/5)+9-(SUM(V52:AG52)-AI52)) -> 6 | AM52: 4 | AO52: 3 | AP52: 3 | AY52: =SUM(AM52:AX52) -> 10 | AZ52: =12-AY52+AK52 -> 8
B53: Vuõ Thò Loan | C53: 42387 | F53: =DATEDIF(C53,TODAY(),"Y") -> 2 | G53: =DATEDIF(C53,TODAY(),"YM") -> 8 | H53: =DATEDIF(C53,TODAY(),"MD") -> 5 | AC53: 2 | AD53: 1 | AE53: 1 | AG53: 1 | AH53: =SUM(V53:AG53) -> 5 | AJ53: =SUM(V53:AA53) -> 0 | AK53: =IF(AI53>=AJ53,INT($F53/5)+9-SUM(AB53:AG53),INT($F53/5)+9-(SUM(V53:AG53)-AI53)) -> 4 | AM53: 2 | AN53: 3 | AO53: 1 | AP53: 2 | AY53: =SUM(AM53:AX53) -> 8 | AZ53: =12-AY53+AK53 -> 8
B54: Traàn Thò Minh Thöông | C54: 42565 | F54: =DATEDIF(C54,TODAY(),"Y") -> 2 | G54: =DATEDIF(C54,TODAY(),"YM") -> 2 | H54: =DATEDIF(C54,TODAY(),"MD") -> 9 | AE54: 1 | AG54: 2 | AH54: =SUM(V54:AG54) -> 3 | AJ54: =SUM(V54:AA54) -> 0 | AK54: =IF(AI54>=AJ54,INT($F54/5)+3-SUM(AB54:AG54),INT($F54/5)+3-(SUM(V54:AG54)-AI54)) -> 0 | AM54: 1 | AN54: 1 | AO54: 1 | AP54: 1 | AQ54: 1 | AR54: 2 | AS54: 1 | AT54: 1 | AU54: 2 | AV54: 1 | AY54: =SUM(AM54:AX54) -> 12 | AZ54: =12-AY54+AK54 -> 0
B55: Nguyeãn Anh Tuaán | C55: 42887 | AY55: =SUM(AM55:AX55) -> 0 | AZ55: =12-AY55+AK55 -> 12
AY56: =SUM(AM56:AX56) -> 0 | AZ56: =12-AY56+AK56 -> 12
B57: Kinh doanh | AY57: =SUM(AM57:AX57) -> 0 | AZ57: =12-AY57+AK57 -> 12
B58: Toå laùi | AY58: =SUM(AM58:AX58) -> 0 | AZ58: =12-AY58+AK58 -> 12
B59: Ngoâ Maïnh Linh trưởng bộ phận | C59: 37712 | E59: 04/2008 | F59: =DATEDIF(C59,TODAY(),"Y") -> 15 | G59: =DATEDIF(C59,TODAY(),"YM") -> 5 | H59: =DATEDIF(C59,TODAY(),"MD") -> 22 | Z59: 2 | AA59: 4 | AE59: 7 | AH59: =SUM(V59:AG59) -> 13 | AJ59: =SUM(V59:AA59) -> 6 | AK59: =IF(AI59>=AJ59,INT($F59/5)+$A$1-SUM(AB59:AG59),INT($F59/5)+$A$1-(SUM(V59:AG59)-AI59)) -> 2 | AM59: 7 | AQ59: 3 | AT59: 1 | AV59: 2 | AY59: =SUM(AM59:AX59) -> 13 | AZ59: =12-AY59+AK59 -> 1
B60: Nguyeãn Cöôøng | C60: 40486 | E60: 10/2014 | F60: =DATEDIF(C60,TODAY(),"Y") -> 7 | G60: =DATEDIF(C60,TODAY(),"YM") -> 10 | H60: =DATEDIF(C60,TODAY(),"MD") -> 19 | W60: 2 | AF60: 1 | AG60: 1 | AH60: =SUM(V60:AG60) -> 4 | AJ60: =SUM(V60:AA60) -> 2 | AK60: =IF(AI60>=AJ60,INT($F60/5)+$A$1-SUM(AB60:AG60),INT($F60/5)+$A$1-(SUM(V60:AG60)-AI60)) -> 9 | AT60: 2 | AY60: =SUM(AM60:AX60) -> 2 | AZ60: =12-AY60+AK60 -> 19
B61: Nguyeãn Vaên Chung | C61: 41682 | E61: 4/2016 | F61: =DATEDIF(C61,TODAY(),"Y") -> 4 | G61: =DATEDIF(C61,TODAY(),"YM") -> 7 | H61: =DATEDIF(C61,TODAY(),"MD") -> 11 | AH61: =SUM(V61:AG61) -> 0 | AJ61: =SUM(V61:AA61) -> 0 | AK61: =IF(AI61>=AJ61,INT($F61/5)+$A$1-SUM(AB61:AG61),INT($F61/5)+$A$1-(SUM(V61:AG61)-AI61)) -> 12 | AM61: 1 | AN61: 1 | AY61: =SUM(AM61:AX61) -> 2 | AZ61: =12-AY61+AK61 -> 22
B62: Leâ Ñöùc Bình | C62: 42125 | E62: 42614 | F62: =DATEDIF(C62,TODAY(),"Y") -> 3 | G62: =DATEDIF(C62,TODAY(),"YM") -> 4 | H62: =DATEDIF(C62,TODAY(),"MD") -> 22 | AD62: 9 | AG62: 2 | AH62: =SUM(V62:AG62) -> 11 | AJ62: =SUM(V62:AA62) -> 0 | AK62: =IF(AI62>=AJ62,INT($F62/5)+$A$1-SUM(AB62:AG62),INT($F62/5)+$A$1-(SUM(V62:AG62)-AI62)) -> 1 | AM62: 1 | AN62: 1 | AY62: =SUM(AM62:AX62) -> 2 | AZ62: =12-AY62+AK62 -> 11
B63: Nguyeãn Vaên Tuaán | C63: 42217 | E63: 42614 | F63: =DATEDIF(C63,TODAY(),"Y") -> 3 | G63: =DATEDIF(C63,TODAY(),"YM") -> 1 | H63: =DATEDIF(C63,TODAY(),"MD") -> 22 | AH63: =SUM(V63:AG63) -> 0 | AJ63: =SUM(V63:AA63) -> 0 | AK63: =IF(AI63>=AJ63,INT($F63/5)+$A$1-SUM(AB63:AG63),INT($F63/5)+$A$1-(SUM(V63:AG63)-AI63)) -> 12 | AM63: 0 | AU63: 1 | AW63: 1 | AY63: =SUM(AM63:AX63) -> 2 | AZ63: =12-AY63+AK63 -> 22
B64: Nguyeãn Hoaøi Thanh | C64: 42248 | E64: 42614 | F64: =DATEDIF(C64,TODAY(),"Y") -> 3 | G64: =DATEDIF(C64,TODAY(),"YM") -> 0 | H64: =DATEDIF(C64,TODAY(),"MD") -> 22 | AH64: =SUM(V64:AG64) -> 0 | AJ64: =SUM(V64:AA64) -> 0 | AK64: =IF(AI64>=AJ64,INT($F64/5)+$A$1-SUM(AB64:AG64),INT($F64/5)+$A$1-(SUM(V64:AG64)-AI64)) -> 12 | AM64: 0 | AN64: 1 | AY64: =SUM(AM64:AX64) -> 1 | AZ64: =12-AY64+AK64 -> 23
B65: Nguyeãn Ñöùc Cöôøng | C65: 42501 | F65: =DATEDIF(C65,TODAY(),"Y") -> 2 | G65: =DATEDIF(C65,TODAY(),"YM") -> 4 | H65: =DATEDIF(C65,TODAY(),"MD") -> 12 | AG65: 2 | AH65: =SUM(V65:AG65) -> 2 | AJ65: =SUM(V65:AA65) -> 0 | AK65: =IF(AI65>=AJ65,INT($F65/5)+5-SUM(AB65:AG65),INT($F65/5)+5-(SUM(V65:AG65)-AI65)) -> 3 | AY65: =SUM(AM65:AX65) -> 0 | AZ65: =12-AY65+AK65 -> 15
B66: Nguyeãn Ñình Höôùng | C66: 42604 | F66: =DATEDIF(C66,TODAY(),"Y") -> 2 | G66: =DATEDIF(C66,TODAY(),"YM") -> 1 | H66: =DATEDIF(C66,TODAY(),"MD") -> 1 | AH66: =SUM(V66:AG66) -> 0 | AJ66: =SUM(V66:AA66) -> 0 | AK66: =IF(AI66>=AJ66,INT($F66/5)+2-SUM(AB66:AG66),INT($F66/5)+2-(SUM(V66:AG66)-AI66)) -> 2 | AM66: 0 | AN66: 1 | AY66: =SUM(AM66:AX66) -> 1 | AZ66: =12-AY66+AK66 -> 13
B67: Chaâu Kim Löôïng | C67: 42788 | AY67: =SUM(AM67:AX67) -> 0 | AZ67: =12-AY67+AK67 -> 12
B68: Huyønh Troïng Nghóa | C68: 42805 | AU68: 1 | AW68: 1 | AY68: =SUM(AM68:AX68) -> 2 | AZ68: =12-AY68+AK68 -> 10
B69: Thaïch Ngoïc Kieàu | C69: 42795 | AY69: =SUM(AM69:AX69) -> 0 | AZ69: =12-AY69+AK69 -> 12
B70: Ñoã Thanh Haøo | C70: 42826 | AY70: =SUM(AM70:AX70) -> 0 | AZ70: =12-AY70+AK70 -> 12
B71: Nguyeãn Ngoïc Hieån | C71: 42863 | AU71: 2 | AV71: 1 | AW71: 1 | AY71: =SUM(AM71:AX71) -> 4 | AZ71: =12-AY71+AK71 -> 8
AY72: =SUM(AM72:AX72) -> 0 | AZ72: =12-AY72+AK72 -> 12
B73: Sale | AY73: =SUM(AM73:AX73) -> 0 | AZ73: =12-AY73+AK73 -> 12
B74: Nguyeãn Tuaán Anh | C74: 41061 | E74: 10/2014 | F74: =DATEDIF(C74,TODAY(),"Y") -> 6 | G74: =DATEDIF(C74,TODAY(),"YM") -> 3 | H74: =DATEDIF(C74,TODAY(),"MD") -> 22 | Z74: 4 | AE74: 0 | AH74: =SUM(V74:AG74) -> 4 | AJ74: =SUM(V74:AA74) -> 4 | AK74: =IF(AI74>=AJ74,INT($F74/5)+$A$1-SUM(AB74:AG74),INT($F74/5)+$A$1-(SUM(V74:AG74)-AI74)) -> 9 | AM74: 1 | AV74: 3 | AW74: 1 | AY74: =SUM(AM74:AX74) -> 5 | AZ74: =12-AY74+AK74 -> 16
B75: Phan Thanh Tuøng | C75: 39508 | E75: 01/2010 | F75: =DATEDIF(C75,TODAY(),"Y") -> 10 | G75: =DATEDIF(C75,TODAY(),"YM") -> 6 | H75: =DATEDIF(C75,TODAY(),"MD") -> 22 | V75: 1 | Z75: 3 | AD75: 1 | AH75: =SUM(V75:AG75) -> 5 | AJ75: =SUM(V75:AA75) -> 4 | AK75: =IF(AI75>=AJ75,INT($F75/5)+$A$1-SUM(AB75:AG75),INT($F75/5)+$A$1-(SUM(V75:AG75)-AI75)) -> 9 | AM75: 1 | AY75: =SUM(AM75:AX75) -> 1 | AZ75: =12-AY75+AK75 -> 20
B76: Phaïm Vaên Phuù | C76: 42064 | F76: =DATEDIF(C76,TODAY(),"Y") -> 3 | G76: =DATEDIF(C76,TODAY(),"YM") -> 6 | H76: =DATEDIF(C76,TODAY(),"MD") -> 22 | AA76: 3 | AH76: =SUM(V76:AG76) -> 3 | AJ76: =SUM(V76:AA76) -> 3 | AK76: =IF(AI76>=AJ76,INT($F76/5)+$A$1-SUM(AB76:AG76),INT($F76/5)+$A$1-(SUM(V76:AG76)-AI76)) -> 9 | AY76: =SUM(AM76:AX76) -> 0 | AZ76: =12-AY76+AK76 -> 21
B77: Phaïm Thò Nhaãn | C77: 42098 | E77: 4/2016 | F77: =DATEDIF(C77,TODAY(),"Y") -> 3 | G77: =DATEDIF(C77,TODAY(),"YM") -> 5 | H77: =DATEDIF(C77,TODAY(),"MD") -> 19 | AB77: 2 | AE77: 6 | AF77: 4 | AH77: =SUM(V77:AG77) -> 12 | AJ77: =SUM(V77:AA77) -> 0 | AK77: =IF(AI77>=AJ77,INT($F77/5)+$A$1-SUM(AB77:AG77),INT($F77/5)+$A$1-(SUM(V77:AG77)-AI77)) -> 0 | AM77: 1 | AW77: 1 | AY77: =SUM(AM77:AX77) -> 2 | AZ77: =12-AY77+AK77 -> 10
B78: Trịnh Minh Hảo (Trưởng BP sale) | C78: 42280 | E78: 42614 | F78: =DATEDIF(C78,TODAY(),"Y") -> 2 | G78: =DATEDIF(C78,TODAY(),"YM") -> 11 | H78: =DATEDIF(C78,TODAY(),"MD") -> 20 | AB78: 3 | AH78: =SUM(V78:AG78) -> 3 | AJ78: =SUM(V78:AA78) -> 0 | AK78: =IF(AI78>=AJ78,INT($F78/5)+$A$1-SUM(AB78:AG78),INT($F78/5)+$A$1-(SUM(V78:AG78)-AI78)) -> 9 | AY78: =SUM(AM78:AX78) -> 0 | AZ78: =12-AY78+AK78 -> 21
B79: Nguyeãn Thò Myõ Haïnh | C79: 42388 | E79: 42614 | F79: =DATEDIF(C79,TODAY(),"Y") -> 2 | G79: =DATEDIF(C79,TODAY(),"YM") -> 8 | H79: =DATEDIF(C79,TODAY(),"MD") -> 4 | AH79: =SUM(V79:AG79) -> 0 | AJ79: =SUM(V79:AA79) -> 0 | AK79: =IF(AI79>=AJ79,INT($F79/5)+9-SUM(AB79:AG79),INT($F79/5)+9-(SUM(V79:AG79)-AI79)) -> 9 | AM79: 1 | AQ79: 1 | AU79: 2 | AW79: 3 | AY79: =SUM(AM79:AX79) -> 7 | AZ79: =12-AY79+AK79 -> 14
B80: Leâ Nho Khaùnh | C80: 42495 | F80: =DATEDIF(C80,TODAY(),"Y") -> 2 | G80: =DATEDIF(C80,TODAY(),"YM") -> 4 | H80: =DATEDIF(C80,TODAY(),"MD") -> 18 | AH80: =SUM(V80:AG80) -> 0 | AJ80: =SUM(V80:AA80) -> 0 | AK80: =IF(AI80>=AJ80,INT($F80/5)+6-SUM(AB80:AG80),INT($F80/5)+6-(SUM(V80:AG80)-AI80)) -> 6 | AO80: 1 | AY80: =SUM(AM80:AX80) -> 1 | AZ80: =12-AY80+AK80 -> 17
B81: Ngoâ Quoác Taøi | C81: 42492 | F81: =DATEDIF(C81,TODAY(),"Y") -> 2 | G81: =DATEDIF(C81,TODAY(),"YM") -> 4 | H81: =DATEDIF(C81,TODAY(),"MD") -> 21 | AE81: 4 | AH81: =SUM(V81:AG81) -> 4 | AJ81: =SUM(V81:AA81) -> 0 | AK81: =IF(AI81>=AJ81,INT($F81/5)+6-SUM(AB81:AG81),INT($F81/5)+6-(SUM(V81:AG81)-AI81)) -> 2 | AM81: 1 | AS81: 4 | AV81: 3 | AY81: =SUM(AM81:AX81) -> 8 | AZ81: =12-AY81+AK81 -> 6
B82: Nguyeãn Ñöùc Trung | C82: 42639 | F82: =DATEDIF(C82,TODAY(),"Y") -> 1 | G82: =DATEDIF(C82,TODAY(),"YM") -> 11 | H82: =DATEDIF(C82,TODAY(),"MD") -> 28 | AG82: 1 | AH82: =SUM(V82:AG82) -> 1 | AJ82: =SUM(V82:AA82) -> 0 | AK82: =IF(AI82>=AJ82,INT($F82/5)+1-SUM(AB82:AG82),INT($F82/5)+1-(SUM(V82:AG82)-AI82)) -> 0 | AM82: 2 | AT82: 6 | AY82: =SUM(AM82:AX82) -> 8 | AZ82: =12-AY82+AK82 -> 4
B83: Nguyeãn Minh Ñaïi | C83: 42786 | AY83: =SUM(AM83:AX83) -> 0 | AZ83: =12-AY83+AK83 -> 12
B84: Traàn Ngoïc Thaïch | C84: 42842 | AS84: 1 | AT84: 3 | AV84: 2 | AY84: =SUM(AM84:AX84) -> 6 | AZ84: =12-AY84+AK84 -> 6
B85: Giao nhaän | AY85: =SUM(AM85:AX85) -> 0 | AZ85: =12-AY85+AK85 -> 12
B86: Nguyeãn Hoàng Haûi (trưởng bộ phận) | C86: 41518 | E86: 9/2015 | F86: =DATEDIF(C86,TODAY(),"Y") -> 5 | G86: =DATEDIF(C86,TODAY(),"YM") -> 0 | H86: =DATEDIF(C86,TODAY(),"MD") -> 22 | W86: 4 | Y86: 1 | AD86: 1 | AH86: =SUM(V86:AG86) -> 6 | AJ86: =SUM(V86:AA86) -> 5 | AK86: =IF(AI86>=AJ86,INT($F86/5)+$A$1-SUM(AB86:AG86),INT($F86/5)+$A$1-(SUM(V86:AG86)-AI86)) -> 7 | AY86: =SUM(AM86:AX86) -> 0 | AZ86: =12-AY86+AK86 -> 19
B87: Nguyeãn Thaønh Ngoan | C87: 41842 | E87: 4/2016 | F87: =DATEDIF(C87,TODAY(),"Y") -> 4 | G87: =DATEDIF(C87,TODAY(),"YM") -> 2 | H87: =DATEDIF(C87,TODAY(),"MD") -> 1 | V87: 1 | W87: 2 | X87: 1 | AA87: 1 | AB87: 1 | AC87: 1 | AE87: 3 | AG87: 1 | AH87: =SUM(V87:AG87) -> 11 | AJ87: =SUM(V87:AA87) -> 5 | AK87: =IF(AI87>=AJ87,INT($F87/5)+$A$1-SUM(AB87:AG87),INT($F87/5)+$A$1-(SUM(V87:AG87)-AI87)) -> 1 | AM87: 3 | AO87: 1 | AV87: 9 | AY87: =SUM(AM87:AX87) -> 13 | AZ87: =12-AY87+AK87 -> 0
B88: Nguyeãn Thanh Cöôøng | C88: 41974 | E88: 4/2016 | F88: =DATEDIF(C88,TODAY(),"Y") -> 3 | G88: =DATEDIF(C88,TODAY(),"YM") -> 9 | H88: =DATEDIF(C88,TODAY(),"MD") -> 22 | W88: 1 | X88: 1 | Y88: 1 | Z88: 1 | AA88: 1 | AB88: 1 | AD88: 1 | AF88: 5 | AH88: =SUM(V88:AG88) -> 12 | AJ88: =SUM(V88:AA88) -> 5 | AK88: =IF(AI88>=AJ88,INT($F88/5)+$A$1-SUM(AB88:AG88),INT($F88/5)+$A$1-(SUM(V88:AG88)-AI88)) -> 0 | AP88: 2 | AQ88: 1 | AY88: =SUM(AM88:AX88) -> 3 | AZ88: =12-AY88+AK88 -> 9
B89: Nguyeãn Ngoïc Hieáu | C89: 41974 | E89: 4/2016 | F89: =DATEDIF(C89,TODAY(),"Y") -> 3 | G89: =DATEDIF(C89,TODAY(),"YM") -> 9 | H89: =DATEDIF(C89,TODAY(),"MD") -> 22 | W89: 1 | X89: 1 | Y89: 1 | AC89: 2 | AD89: 1 | AE89: 1 | AF89: 5 | AH89: =SUM(V89:AG89) -> 12 | AJ89: =SUM(V89:AA89) -> 3 | AK89: =IF(AI89>=AJ89,INT($F89/5)+$A$1-SUM(AB89:AG89),INT($F89/5)+$A$1-(SUM(V89:AG89)-AI89)) -> 0 | AM89: 1 | AN89: 2 | AP89: 1 | AY89: =SUM(AM89:AX89) -> 4 | AZ89: =12-AY89+AK89 -> 8
B90: Khaâu Phöôùc Taøi | C90: 42171 | E90: 42614 | F90: =DATEDIF(C90,TODAY(),"Y") -> 3 | G90: =DATEDIF(C90,TODAY(),"YM") -> 3 | H90: =DATEDIF(C90,TODAY(),"MD") -> 7 | AA90: 1 | AH90: =SUM(V90:AG90) -> 1 | AJ90: =SUM(V90:AA90) -> 1 | AK90: =IF(AI90>=AJ90,INT($F90/5)+$A$1-SUM(AB90:AG90),INT($F90/5)+$A$1-(SUM(V90:AG90)-AI90)) -> 11 | AM90: 1 | AN90: 1 | AO90: 2 | AP90: 1 | AQ90: 1 | AS90: 1 | AT90: 3 | AU90: 8 | AV90: 1 | AY90: =SUM(AM90:AX90) -> 19 | AZ90: =12-AY90+AK90 -> 4
B91: Huyønh Quoác Huøng | C91: 42461 | F91: =DATEDIF(C91,TODAY(),"Y") -> 2 | G91: =DATEDIF(C91,TODAY(),"YM") -> 5 | H91: =DATEDIF(C91,TODAY(),"MD") -> 22 | AC91: 1 | AF91: 1 | AH91: =SUM(V91:AG91) -> 2 | AJ91: =SUM(V91:AA91) -> 0 | AK91: =IF(AI91>=AJ91,INT($F91/5)+7-SUM(AB91:AG91),INT($F91/5)+7-(SUM(V91:AG91)-AI91)) -> 5 | AM91: 2 | AO91: 2 | AQ91: 2 | AR91: 6 | AS91: 1 | AT91: 0 | AU91: 2 | AY91: =SUM(AM91:AX91) -> 15 | AZ91: =12-AY91+AK91 -> 2
B92: Traàn Vaên Tuaán | C92: 42461 | F92: =DATEDIF(C92,TODAY(),"Y") -> 2 | G92: =DATEDIF(C92,TODAY(),"YM") -> 5 | H92: =DATEDIF(C92,TODAY(),"MD") -> 22 | AC92: 1 | AD92: 1 | AE92: 2 | AF92: 2 | AG92: 1 | AH92: =SUM(V92:AG92) -> 7 | AJ92: =SUM(V92:AA92) -> 0 | AK92: =IF(AI92>=AJ92,INT($F92/5)+7-SUM(AB92:AG92),INT($F92/5)+7-(SUM(V92:AG92)-AI92)) -> 0 | AM92: 1 | AN92: 1 | AS92: 1 | AY92: =SUM(AM92:AX92) -> 3 | AZ92: =12-AY92+AK92 -> 9
B93: Ngoâ Quoác Huy | C93: 42450 | F93: =DATEDIF(C93,TODAY(),"Y") -> 2 | G93: =DATEDIF(C93,TODAY(),"YM") -> 6 | H93: =DATEDIF(C93,TODAY(),"MD") -> 2 | AH93: =SUM(V93:AG93) -> 0 | AJ93: =SUM(V93:AA93) -> 0 | AK93: =IF(AI93>=AJ93,INT($F93/5)+7-SUM(AB93:AG93),INT($F93/5)+7-(SUM(V93:AG93)-AI93)) -> 7 | AO93: 4 | AY93: =SUM(AM93:AX93) -> 4 | AZ93: =12-AY93+AK93 -> 15
B94: Traàn Thanh Long | C94: 42492 | F94: =DATEDIF(C94,TODAY(),"Y") -> 2 | G94: =DATEDIF(C94,TODAY(),"YM") -> 4 | H94: =DATEDIF(C94,TODAY(),"MD") -> 21 | AD94: 1 | AE94: 2 | AG94: 1 | AH94: =SUM(V94:AG94) -> 4 | AJ94: =SUM(V94:AA94) -> 0 | AK94: =IF(AI94>=AJ94,INT($F94/5)+6-SUM(AB94:AG94),INT($F94/5)+6-(SUM(V94:AG94)-AI94)) -> 2 | AM94: 2 | AQ94: 1 | AS94: 4 | AU94: 1 | AW94: 2 | AY94: =SUM(AM94:AX94) -> 10 | AZ94: =12-AY94+AK94 -> 4
B95: Huyønh Minh Hoaøng | C95: 42492 | F95: =DATEDIF(C95,TODAY(),"Y") -> 2 | G95: =DATEDIF(C95,TODAY(),"YM") -> 4 | H95: =DATEDIF(C95,TODAY(),"MD") -> 21 | AC95: 1 | AD95: 1 | AF95: 1 | AH95: =SUM(V95:AG95) -> 3 | AJ95: =SUM(V95:AA95) -> 0 | AK95: =IF(AI95>=AJ95,INT($F95/5)+6-SUM(AB95:AG95),INT($F95/5)+6-(SUM(V95:AG95)-AI95)) -> 3 | AN95: 1 | AP95: 1 | AQ95: 2 | AT95: 1 | AU95: 1 | AV95: 8 | AW95: 1 | AY95: =SUM(AM95:AX95) -> 15 | AZ95: =12-AY95+AK95 -> 0
B96: Haø Thaønh Ñaït | C96: 42807 | AT96: 1 | AY96: =SUM(AM96:AX96) -> 1 | AZ96: =12-AY96+AK96 -> 11
B97: Döông Nguyeãn Vuõ Baûo | C97: 42808 | AV97: 1 | AW97: 1 | AY97: =SUM(AM97:AX97) -> 2 | AZ97: =12-AY97+AK97 -> 10
B98: Traàn Vaên Tuaán | C98: 42887 | AU98: 1 | AV98: 2 | AW98: 3 | AY98: =SUM(AM98:AX98) -> 6 | AZ98: =12-AY98+AK98 -> 6
B99: Phan Thaønh Phuùc | C99: 42877 | AV99: 1 | AY99: =SUM(AM99:AX99) -> 1 | AZ99: =12-AY99+AK99 -> 11
B100: Leâ Hoaøng Khang | C100: 42970 | AW100: 2 | AY100: =SUM(AM100:AX100) -> 2 | AZ100: =12-AY100+AK100 -> 10
B101: Phuï xe | AY101: =SUM(AM101:AX101) -> 0 | AZ101: =12-AY101+AK101 -> 12
...
