Workbook

Sheet Sheet2
A1: D.01 | B1: 1 | C1: =VLOOKUP(A1,'Thang bảng lương'!$B$7:$K$44,2,0) -> 7490
A2: D.01 | B2: 2 | C2: =VLOOKUP(A2,'Thang bảng lương'!$B$7:$K$44,3,0) -> 9362.5
A3: D.01 | B3: 3 | C3: =VLOOKUP(A3,'Thang bảng lương'!$B$7:$K$44,4,0) -> 11235
A4: D.01 | B4: 4 | C4: =VLOOKUP(A4,'Thang bảng lương'!$B$7:$K$44,5,0) -> 13107.5
A5: D.01 | B5: 5 | C5: =VLOOKUP(A5,'Thang bảng lương'!$B$7:$K$44,6,0) -> 14980
A6: D.01 | B6: 6 | C6: =VLOOKUP(A6,'Thang bảng lương'!$B$7:$K$44,7,0) -> 16852.5
A7: D.01 | B7: 7 | C7: =VLOOKUP(A7,'Thang bảng lương'!$B$7:$K$44,8,0) -> 18725
A8: D.01 | B8: 8 | C8: =VLOOKUP(A8,'Thang bảng lương'!$B$7:$K$44,9,0) -> 20597.5
A9: D.01 | B9: 9 | C9: =VLOOKUP(A9,'Thang bảng lương'!$B$7:$K$44,10,0) -> 22470
A10: D.02 | B10: 1 | C10: =VLOOKUP(A10,'Thang bảng lương'!$B$7:$K$44,2,0) -> 7490
A11: D.02 | B11: 2 | C11: =VLOOKUP(A11,'Thang bảng lương'!$B$7:$K$44,3,0) -> 8988
A12: D.02 | B12: 3 | C12: =VLOOKUP(A12,'Thang bảng lương'!$B$7:$K$44,4,0) -> 10486
A13: D.02 | B13: 4 | C13: =VLOOKUP(A13,'Thang bảng lương'!$B$7:$K$44,5,0) -> 11984
A14: D.02 | B14: 5 | C14: =VLOOKUP(A14,'Thang bảng lương'!$B$7:$K$44,6,0) -> 13482
A15: D.02 | B15: 6 | C15: =VLOOKUP(A15,'Thang bảng lương'!$B$7:$K$44,7,0) -> 14980
A16: D.02 | B16: 7 | C16: =VLOOKUP(A16,'Thang bảng lương'!$B$7:$K$44,8,0) -> 16478
A17: D.02 | B17: 8 | C17: =VLOOKUP(A17,'Thang bảng lương'!$B$7:$K$44,9,0) -> 17976
A18: D.02 | B18: 9 | C18: =VLOOKUP(A18,'Thang bảng lương'!$B$7:$K$44,10,0) -> 19474
A19: D.03 | B19: 1 | C19: =VLOOKUP(A19,'Thang bảng lương'!$B$7:$K$44,2,0) -> 6366.5
A20: D.03 | B20: 2 | C20: =VLOOKUP(A20,'Thang bảng lương'!$B$7:$K$44,3,0) -> 7490
A21: D.03 | B21: 3 | C21: =VLOOKUP(A21,'Thang bảng lương'!$B$7:$K$44,4,0) -> 8613.5
A22: D.03 | B22: 4 | C22: =VLOOKUP(A22,'Thang bảng lương'!$B$7:$K$44,5,0) -> 9737
A23: D.03 | B23: 5 | C23: =VLOOKUP(A23,'Thang bảng lương'!$B$7:$K$44,6,0) -> 10860.5
A24: D.03 | B24: 6 | C24: =VLOOKUP(A24,'Thang bảng lương'!$B$7:$K$44,7,0) -> 11984
A25: D.03 | B25: 7 | C25: =VLOOKUP(A25,'Thang bảng lương'!$B$7:$K$44,8,0) -> 13107.5
A26: D.03 | B26: 8 | C26: =VLOOKUP(A26,'Thang bảng lương'!$B$7:$K$44,9,0) -> 14231
A27: D.03 | B27: 9 | C27: =VLOOKUP(A27,'Thang bảng lương'!$B$7:$K$44,10,0) -> 15354.5
A28: D.04 | B28: 1 | C28: =VLOOKUP(A28,'Thang bảng lương'!$B$7:$K$44,2,0) -> 5617.5
A29: D.04 | B29: 2 | C29: =VLOOKUP(A29,'Thang bảng lương'!$B$7:$K$44,3,0) -> 6366.5
A30: D.04 | B30: 3 | C30: =VLOOKUP(A30,'Thang bảng lương'!$B$7:$K$44,4,0) -> 7115.5
A31: D.04 | B31: 4 | C31: =VLOOKUP(A31,'Thang bảng lương'!$B$7:$K$44,5,0) -> 7864.5
A32: D.04 | B32: 5 | C32: =VLOOKUP(A32,'Thang bảng lương'!$B$7:$K$44,6,0) -> 8613.5
A33: D.04 | B33: 6 | C33: =VLOOKUP(A33,'Thang bảng lương'!$B$7:$K$44,7,0) -> 9362.5
A34: D.04 | B34: 7 | C34: =VLOOKUP(A34,'Thang bảng lương'!$B$7:$K$44,8,0) -> 10111.5
A35: D.04 | B35: 8 | C35: =VLOOKUP(A35,'Thang bảng lương'!$B$7:$K$44,9,0) -> 10860.5
A36: D.04 | B36: 9 | C36: =VLOOKUP(A36,'Thang bảng lương'!$B$7:$K$44,10,0) -> 11609.5
A37: D.05 | B37: 1 | C37: =VLOOKUP(A37,'Thang bảng lương'!$B$7:$K$44,2,0) -> 3745
A38: D.05 | B38: 2 | C38: =VLOOKUP(A38,'Thang bảng lương'!$B$7:$K$44,3,0) -> 4494
A39: D.05 | B39: 3 | C39: =VLOOKUP(A39,'Thang bảng lương'!$B$7:$K$44,4,0) -> 5243
A40: D.05 | B40: 4 | C40: =VLOOKUP(A40,'Thang bảng lương'!$B$7:$K$44,5,0) -> 5992
A41: D.05 | B41: 5 | C41: =VLOOKUP(A41,'Thang bảng lương'!$B$7:$K$44,6,0) -> 6741
A42: D.05 | B42: 6 | C42: =VLOOKUP(A42,'Thang bảng lương'!$B$7:$K$44,7,0) -> 7490
A43: D.05 | B43: 7 | C43: =VLOOKUP(A43,'Thang bảng lương'!$B$7:$K$44,8,0) -> 8239
A44: D.05 | B44: 8 | C44: =VLOOKUP(A44,'Thang bảng lương'!$B$7:$K$44,9,0) -> 8988
A45: D.05 | B45: 9 | C45: =VLOOKUP(A45,'Thang bảng lương'!$B$7:$K$44,10,0) -> 9737
A46: D.06 | B46: 1 | C46: =VLOOKUP(A46,'Thang bảng lương'!$B$7:$K$44,2,0) -> 3745
A47: D.06 | B47: 2 | C47: =VLOOKUP(A47,'Thang bảng lương'!$B$7:$K$44,3,0) -> 4119.5
A48: D.06 | B48: 3 | C48: =VLOOKUP(A48,'Thang bảng lương'!$B$7:$K$44,4,0) -> 4494
A49: D.06 | B49: 4 | C49: =VLOOKUP(A49,'Thang bảng lương'!$B$7:$K$44,5,0) -> 4868.5
A50: D.06 | B50: 5 | C50: =VLOOKUP(A50,'Thang bảng lương'!$B$7:$K$44,6,0) -> 5243
A51: D.06 | B51: 6 | C51: =VLOOKUP(A51,'Thang bảng lương'!$B$7:$K$44,7,0) -> 5617.5
A52: D.06 | B52: 7 | C52: =VLOOKUP(A52,'Thang bảng lương'!$B$7:$K$44,8,0) -> 5992
A53: D.06 | B53: 8 | C53: =VLOOKUP(A53,'Thang bảng lương'!$B$7:$K$44,9,0) -> 6366.5
A54: D.06 | B54: 9 | C54: =VLOOKUP(A54,'Thang bảng lương'!$B$7:$K$44,10,0) -> 6741
A55: D.07 | B55: 1 | C55: =VLOOKUP(A55,'Thang bảng lương'!$B$7:$K$44,2,0) -> 3745
A56: D.07 | B56: 2 | C56: =VLOOKUP(A56,'Thang bảng lương'!$B$7:$K$44,3,0) -> 4119.5
A57: D.07 | B57: 3 | C57: =VLOOKUP(A57,'Thang bảng lương'!$B$7:$K$44,4,0) -> 4494
A58: D.07 | B58: 4 | C58: =VLOOKUP(A58,'Thang bảng lương'!$B$7:$K$44,5,0) -> 4868.5
A59: D.07 | B59: 5 | C59: =VLOOKUP(A59,'Thang bảng lương'!$B$7:$K$44,6,0) -> 5243
A60: D.07 | B60: 6 | C60: =VLOOKUP(A60,'Thang bảng lương'!$B$7:$K$44,7,0) -> 5617.5
A61: D.07 | B61: 7 | C61: =VLOOKUP(A61,'Thang bảng lương'!$B$7:$K$44,8,0) -> 5992
A62: D.07 | B62: 8 | C62: =VLOOKUP(A62,'Thang bảng lương'!$B$7:$K$44,9,0) -> 6366.5
A63: D.07 | B63: 9 | C63: =VLOOKUP(A63,'Thang bảng lương'!$B$7:$K$44,10,0) -> 6741
A64: D.08 | B64: 1 | C64: =VLOOKUP(A64,'Thang bảng lương'!$B$7:$K$44,2,0) -> 3745
A65: D.08 | B65: 2 | C65: =VLOOKUP(A65,'Thang bảng lương'!$B$7:$K$44,3,0) -> 3932.25
A66: D.08 | B66: 3 | C66: =VLOOKUP(A66,'Thang bảng lương'!$B$7:$K$44,4,0) -> 4119.5
A67: D.08 | B67: 4 | C67: =VLOOKUP(A67,'Thang bảng lương'!$B$7:$K$44,5,0) -> 4306.75
A68: D.08 | B68: 5 | C68: =VLOOKUP(A68,'Thang bảng lương'!$B$7:$K$44,6,0) -> 4494
A69: D.08 | B69: 6 | C69: =VLOOKUP(A69,'Thang bảng lương'!$B$7:$K$44,7,0) -> 4681.25
A70: D.08 | B70: 7 | C70: =VLOOKUP(A70,'Thang bảng lương'!$B$7:$K$44,8,0) -> 4868.5
A71: D.08 | B71: 8 | C71: =VLOOKUP(A71,'Thang bảng lương'!$B$7:$K$44,9,0) -> 5055.75
A72: D.08 | B72: 9 | C72: =VLOOKUP(A72,'Thang bảng lương'!$B$7:$K$44,10,0) -> 5243
A73: D.09 | B73: 1 | C73: =VLOOKUP(A73,'Thang bảng lương'!$B$7:$K$44,2,0) -> 3745
A74: D.09 | B74: 2 | C74: =VLOOKUP(A74,'Thang bảng lương'!$B$7:$K$44,3,0) -> 3932.25
A75: D.09 | B75: 3 | C75: =VLOOKUP(A75,'Thang bảng lương'!$B$7:$K$44,4,0) -> 4119.5
A76: D.09 | B76: 4 | C76: =VLOOKUP(A76,'Thang bảng lương'!$B$7:$K$44,5,0) -> 4306.75
A77: D.09 | B77: 5 | C77: =VLOOKUP(A77,'Thang bảng lương'!$B$7:$K$44,6,0) -> 4494
A78: D.09 | B78: 6 | C78: =VLOOKUP(A78,'Thang bảng lương'!$B$7:$K$44,7,0) -> 4681.25
A79: D.09 | B79: 7 | C79: =VLOOKUP(A79,'Thang bảng lương'!$B$7:$K$44,8,0) -> 4868.5
A80: D.09 | B80: 8 | C80: =VLOOKUP(A80,'Thang bảng lương'!$B$7:$K$44,9,0) -> 5055.75
A81: D.09 | B81: 9 | C81: =VLOOKUP(A81,'Thang bảng lương'!$B$7:$K$44,10,0) -> 5243

Sheet Thang bảng lương
A1: A. MỨC LƯƠNG TỐI THIỂU: Mức lương tối thiểu doanh nghiệp áp dụng: | E1: =F2 -> 3745000 | G1: ñ/thaùng
A2: B. HỆ THỐNG THANG LƯƠNG, BẢNG LƯƠNG | F2: =3500000*107% -> 3745000
A3: I. Thang lương chức vụ quản lý doanh nghiệp: | H3: (ĐVT: 1.000đ)
A4: Chức danh công việc | B4: Ngạch lương | C4: Bậc
C5: 1 | D5: 2 | E5: 3 | F5: 4 | G5: 5 | H5: 6 | I5: 7 | J5: 8 | K5: 9
A6: 1. Tổng Giám đốc, Giám đốc
A7: Hệ số | C7: 2 | D7: 2.5 | E7: 3 | F7: 3.5 | G7: 4 | H7: 4.5 | I7: 5 | J7: 5.5 | K7: 6
A8: Mức lương tháng | B8: D.01 | C8: =C7*$E$1/1000 -> 7490 | D8: =D7*$E$1/1000 -> 9362.5 | E8: =E7*$E$1/1000 -> 11235 | F8: =F7*$E$1/1000 -> 13107.5 | G8: =G7*$E$1/1000 -> 14980 | H8: =H7*$E$1/1000 -> 16852.5 | I8: =I7*$E$1/1000 -> 18725 | J8: =J7*$E$1/1000 -> 20597.5 | K8: =K7*$E$1/1000 -> 22470
A9: Mức lương ngày | C9: =C8/26 -> 288.07692 | D9: =D8/26 -> 360.09615 | E9: =E8/26 -> 432.11538 | F9: =F8/26 -> 504.13462 | G9: =G8/26 -> 576.15385 | H9: =H8/26 -> 648.17308 | I9: =I8/26 -> 720.19231 | J9: =J8/26 -> 792.21154 | K9: =K8/26 -> 864.23077
A10: 2. Kế toán trưởng, Trưởng phòng
A11: Hệ số | C11: 2 | D11: 2.4 | E11: 2.8 | F11: 3.2 | G11: 3.6 | H11: 4 | I11: 4.4 | J11: 4.8 | K11: 5.2
A12: Mức lương tháng | B12: D.02 | C12: =C11*$E$1/1000 -> 7490 | D12: =D11*$E$1/1000 -> 8988 | E12: =E11*$E$1/1000 -> 10486 | F12: =F11*$E$1/1000 -> 11984 | G12: =G11*$E$1/1000 -> 13482 | H12: =H11*$E$1/1000 -> 14980 | I12: =I11*$E$1/1000 -> 16478 | J12: =J11*$E$1/1000 -> 17976 | K12: =K11*$E$1/1000 -> 19474
A13: Mức lương ngày | C13: =C12/26 -> 288.07692 | D13: =D12/26 -> 345.69231 | E13: =E12/26 -> 403.30769 | F13: =F12/26 -> 460.92308 | G13: =G12/26 -> 518.53846 | H13: =H12/26 -> 576.15385 | I13: =I12/26 -> 633.76923 | J13: =J12/26 -> 691.38462 | K13: =K12/26 -> 749
A14: II. Thang lương viên chức, chuyên môn, thừa hành, nghiệp vụ:
A15: Chức danh công việc | B15: Ngạch lương | C15: Baäc
C16: 1 | D16: 2 | E16: 3 | F16: 4 | G16: 5 | H16: 6 | I16: 7 | J16: 8 | K16: 9
A17: 1. Trợ lý GĐ, trưởng đầu ngành, chuyên viên
A18: Hệ số | C18: 1.7 | D18: 2 | E18: 2.3 | F18: 2.6 | G18: 2.9 | H18: 3.2 | I18: 3.5 | J18: 3.8 | K18: 4.1
A19: Mức lương tháng | B19: D.03 | C19: =C18*$E$1/1000 -> 6366.5 | D19: =D18*$E$1/1000 -> 7490 | E19: =E18*$E$1/1000 -> 8613.5 | F19: =F18*$E$1/1000 -> 9737 | G19: =G18*$E$1/1000 -> 10860.5 | H19: =H18*$E$1/1000 -> 11984 | I19: =I18*$E$1/1000 -> 13107.5 | J19: =J18*$E$1/1000 -> 14231 | K19: =K18*$E$1/1000 -> 15354.5
A20: Mức lương ngày | C20: =C19/26 -> 244.86538 | D20: =D19/26 -> 288.07692 | E20: =E19/26 -> 331.28846 | F20: =F19/26 -> 374.5 | G20: =G19/26 -> 417.71154 | H20: =H19/26 -> 460.92308 | I20: =I19/26 -> 504.13462 | J20: =J19/26 -> 547.34615 | K20: =K19/26 -> 590.55769
A21: 2. kỹ sư, Giám sát.
A22: Hệ số | C22: 1.5 | D22: 1.7 | E22: 1.9 | F22: 2.1 | G22: 2.3 | H22: 2.5 | I22: 2.7 | J22: 2.9 | K22: 3.1
A23: Mức lương tháng | B23: D.04 | C23: =C22*$E$1/1000 -> 5617.5 | D23: =D22*$E$1/1000 -> 6366.5 | E23: =E22*$E$1/1000 -> 7115.5 | F23: =F22*$E$1/1000 -> 7864.5 | G23: =G22*$E$1/1000 -> 8613.5 | H23: =H22*$E$1/1000 -> 9362.5 | I23: =I22*$E$1/1000 -> 10111.5 | J23: =J22*$E$1/1000 -> 10860.5 | K23: =K22*$E$1/1000 -> 11609.5
A24: Mức lương ngày | C24: =C23/26 -> 216.05769 | D24: =D23/26 -> 244.86538 | E24: =E23/26 -> 273.67308 | F24: =F23/26 -> 302.48077 | G24: =G23/26 -> 331.28846 | H24: =H23/26 -> 360.09615 | I24: =I23/26 -> 388.90385 | J24: =J23/26 -> 417.71154 | K24: =K23/26 -> 446.51923
A25: 3. NV Kinh doanh
A26: Hệ số | C26: 1 | D26: 1.2 | E26: 1.4 | F26: 1.6 | G26: 1.8 | H26: 2 | I26: 2.2 | J26: 2.4 | K26: 2.6
A27: Mức lương tháng | B27: D.05 | C27: =C26*$E$1/1000 -> 3745 | D27: =D26*$E$1/1000 -> 4494 | E27: =E26*$E$1/1000 -> 5243 | F27: =F26*$E$1/1000 -> 5992 | G27: =G26*$E$1/1000 -> 6741 | H27: =H26*$E$1/1000 -> 7490 | I27: =I26*$E$1/1000 -> 8239 | J27: =J26*$E$1/1000 -> 8988 | K27: =K26*$E$1/1000 -> 9737
A28: Mức lương ngày | C28: =C27/26 -> 144.03846 | D28: =D27/26 -> 172.84615 | E28: =E27/26 -> 201.65385 | F28: =F27/26 -> 230.46154 | G28: =G27/26 -> 259.26923 | H28: =H27/26 -> 288.07692 | I28: =I27/26 -> 316.88462 | J28: =J27/26 -> 345.69231 | K28: =K27/26 -> 374.5
A29: 3. Lái xe, K.thuật viên, Ktoán viên.
A30: Hệ số | C30: 1 | D30: 1.1 | E30: 1.2 | F30: 1.3 | G30: 1.4 | H30: 1.5 | I30: 1.6 | J30: 1.7 | K30: 1.8
A31: Mức lương tháng | B31: D.06 | C31: =C30*$E$1/1000 -> 3745 | D31: =D30*$E$1/1000 -> 4119.5 | E31: =E30*$E$1/1000 -> 4494 | F31: =F30*$E$1/1000 -> 4868.5 | G31: =G30*$E$1/1000 -> 5243 | H31: =H30*$E$1/1000 -> 5617.5 | I31: =I30*$E$1/1000 -> 5992 | J31: =J30*$E$1/1000 -> 6366.5 | K31: =K30*$E$1/1000 -> 6741
A32: Mức lương ngày | C32: =C31/26 -> 144.03846 | D32: =D31/26 -> 158.44231 | E32: =E31/26 -> 172.84615 | F32: =F31/26 -> 187.25 | G32: =G31/26 -> 201.65385 | H32: =H31/26 -> 216.05769 | I32: =I31/26 -> 230.46154 | J32: =J31/26 -> 244.86538 | K32: =K31/26 -> 259.26923
A33: 4. NV văn phòng, NV V.Tư
A34: Hệ số | C34: 1 | D34: 1.1 | E34: 1.2 | F34: 1.3 | G34: 1.4 | H34: 1.5 | I34: 1.6 | J34: 1.7 | K34: 1.8
A35: Mức lương tháng | B35: D.07 | C35: =C34*$E$1/1000 -> 3745 | D35: =D34*$E$1/1000 -> 4119.5 | E35: =E34*$E$1/1000 -> 4494 | F35: =F34*$E$1/1000 -> 4868.5 | G35: =G34*$E$1/1000 -> 5243 | H35: =H34*$E$1/1000 -> 5617.5 | I35: =I34*$E$1/1000 -> 5992 | J35: =J34*$E$1/1000 -> 6366.5 | K35: =K34*$E$1/1000 -> 6741
A36: Mức lương ngày | C36: =C35/26 -> 144.03846 | D36: =D35/26 -> 158.44231 | E36: =E35/26 -> 172.84615 | F36: =F35/26 -> 187.25 | G36: =G35/26 -> 201.65385 | H36: =H35/26 -> 216.05769 | I36: =I35/26 -> 230.46154 | J36: =J35/26 -> 244.86538 | K36: =K35/26 -> 259.26923
A37: 5. Nhân viên văn thư, NVgiao hàng, phụ xe
A38: Hệ số | C38: 1 | D38: 1.05 | E38: 1.1 | F38: 1.15 | G38: 1.2 | H38: 1.25 | I38: 1.3 | J38: 1.35 | K38: 1.4
A39: Mức lương tháng | B39: D.08 | C39: =C38*$E$1/1000 -> 3745 | D39: =D38*$E$1/1000 -> 3932.25 | E39: =E38*$E$1/1000 -> 4119.5 | F39: =F38*$E$1/1000 -> 4306.75 | G39: =G38*$E$1/1000 -> 4494 | H39: =H38*$E$1/1000 -> 4681.25 | I39: =I38*$E$1/1000 -> 4868.5 | J39: =J38*$E$1/1000 -> 5055.75 | K39: =K38*$E$1/1000 -> 5243
A40: Mức lương ngày | C40: =C39/26 -> 144.03846 | D40: =D39/26 -> 151.24038 | E40: =E39/26 -> 158.44231 | F40: =F39/26 -> 165.64423 | G40: =G39/26 -> 172.84615 | H40: =H39/26 -> 180.04808 | I40: =I39/26 -> 187.25 | J40: =J39/26 -> 194.45192 | K40: =K39/26 -> 201.65385
A41: 6. Lao động phổ thông, Tạp vụ
A42: Hệ số | C42: 1 | D42: 1.05 | E42: 1.1 | F42: 1.15 | G42: 1.2 | H42: 1.25 | I42: 1.3 | J42: 1.35 | K42: 1.4
A43: Mức lương tháng | B43: D.09 | C43: =C42*$E$1/1000 -> 3745 | D43: =D42*$E$1/1000 -> 3932.25 | E43: =E42*$E$1/1000 -> 4119.5 | F43: =F42*$E$1/1000 -> 4306.75 | G43: =G42*$E$1/1000 -> 4494 | H43: =H42*$E$1/1000 -> 4681.25 | I43: =I42*$E$1/1000 -> 4868.5 | J43: =J42*$E$1/1000 -> 5055.75 | K43: =K42*$E$1/1000 -> 5243
A44: Mức lương ngày | C44: 35 | D44: 38.5 | E44: 42 | F44: 45.5 | G44: 49 | H44: 52.5 | I44: 56 | J44: 59.5 | K44: 63

Sheet Diễn giải
A2: 1 | B2: Tiêu chí xây dựng bảng lương
B3: - Người lao động được hưởng đúng mức năng lực, tài năng thể hiện tại Công ty;
B4: - Bằng cấp chỉ thể hiện mong muốn của người lao động chứ không thể hiện mưc lương và vị trí làm việc;
B5: - Đi gần nhất với luật lao động, mức lương tối thiểu vùng ...;
B6: - Là công cụ để Công ty quản lý năng suất lao động của người Lao động;
B7: - Người Lao động chủ động phấn đấu cho thu nhập của chính mình;
B8: - Kiểm soát thời gian làm việc của lao động;
B9: - Kiểm soát hiệu quả công việc lao động;
B10: - Kiểm soát thực hiện kế hoạch của Công ty/lao động;
B11: - Thống kê được chính xác hao phí lao động cho từng đầu công việc để tìm ra được phương pháp quản lý, cải tiến, đầu tư hiệu quả.
A12: 2 | B12: Lương tối thiểu
B13: - Áp dụng mức lương tối thiểu vùng 2016 cho khu vực Tp.HCM là 3.484.400vnđ
A14: 3 | B14: Hệ thống thang bảng lương
B15: - Áp dụng 09 ngạch lương, ký hiệu từ D.01 đến D.09;
B16: - Áp dụng 09 bậc lương, ký hiệu từ 1 đến 9;
B17: - Áp dụng 08 nhóm chức danh công việc;
B18: - Bước nhảy mỗi bậc lương:
C19: + Ngạch D.01: bước nhảy là 0,5. Hệ số bắt đầu là 2 tương ứng với bậc 1
C20: + Ngạch D.02: bước nhảy là 0,4. Hệ số bắt đầu là 2 tương ứng với bậc 1
C21: + Ngạch D.03: bước nhảy là 0,3. Hệ số bắt đầu là 1,7 tương ứng với bậc 1
C22: + Ngạch D.04: bước nhảy là 0,2. Hệ số bắt đầu là 1,5 tương ứng với bậc 1
C23: + Ngạch D.05: bước nhảy là 0,2. Hệ số bắt đầu là 1 tương ứng với bậc 1
C24: + Ngạch D.06: bước nhảy là 0,1. Hệ số bắt đầu là 1 tương ứng với bậc 1
C25: + Ngạch D.07: bước nhảy là 0,1. Hệ số bắt đầu là 1 tương ứng với bậc 1
C26: + Ngạch D.08: bước nhảy là 0,05. Hệ số bắt đầu là 1 tương ứng với bậc 1
C27: + Ngạch D.09: bước nhảy là 0,05. Hệ số bắt đầu là 1 tương ứng với bậc 1
A28: 4 | B28: Thâm niên làm việc
B29: - Mỗi 12 tháng làm việc liên tiếp sẽ được tính thâm niên là 1 năm làm việc;
B30: - Người lao động nghỉ việc quay lại làm việc thì thâm niên sẽ được tính thời gian làm việc gần nhất;
B31: - Mỗi năm làm việc được hưởng 1%
C32: Công thức tính: Phụ cấp thâm niên = lương CB hệ số x số năm làm việc /100
A33: 5 | B33: Ngày công làm việc
B34: - Ngày công làm việc được tính trung bình 26 ngày công/tháng (áp dụng cho các thông số tính TB tháng);
B35: - Ngày công làm việc là tổng số ngày trong tháng trừ đi tổng số ngày chủ nhật trong tháng;
A36: 6 | B36: Giờ làm việc
B37: - Tổng số giờ làm việc trong 1 ngày: 8 giờ;
B38: - Giờ tăng ca được tính sau giờ làm việc Công ty quy định;
B39: - Tính tiền tăng ca:
C40: + Tăng ca ngày thường = số công tăng ca x 1,5 x lương CB hệ số
C41: + Tăng ca ngày chủ nhật = số công tăng ca x 2 x lương CB hệ số
C42: + Tăng ca ngày lễ, tết = số công tăng ca x 3 x lương CB hệ số
A43: 7 | B43: Phụ Cấp:
B44: 7.1 | C44: Phụ cấp chuyên cần
C45: + Mức phụ cấp là: 300.000vnđ
C46: + Cách tính: | E46: -Nghỉ 0,5 ngày công không bị trừ chuyên cần;
E47: -Nghỉ không phép: 01 ngày trừ 100% phụ cấp chuyên cần;
E48: -Nghỉ có phép việc riêng: 01 ngày trừ 50%; đến 02 ngày trừ 75%; đến 03 ngày trừ 100% phụ cấp chuyên cần;
E49: -Nghỉ có phép bệnh: 01 ngày trừ 25%; đến 02 ngày trừ 50%; đến 03 ngày trừ 75%; đến 04 ngày trừ 100% phụ cấp chuyên cần;
D50: Phụ cấp chuyên cần = (100% - % bị trừ)* mức phụ cấp
B51: 7.2 | C51: Phụ cấp chuyên môn
C52: Tiêu chí: Trả giá đúng về kiến thức chuyên môn của nhân viên Công ty thuê mướn và theo tiêu chí
D53: - Mức độ khó dễ về khả năng chuyên môn;
D54: - Mức độ khan hiếm lao động chuyên môn;
D55: - không phụ thuộc vào cấp bậc hay vị trí lãnh đạo;
D56: - không duy ý chí theo kiểu: không biết là khó mà biết là dễ;
D57: - Là công cụ quản lý và quan đánh giá của Công ty cho từng NV;
C58: + Lãnh đạo Công ty sẽ trực tiếp đánh giá và đưa ra mức phụ cấp phù hợp
C59: Bảng tham khảo
C60: D.01 | E60: 5000000
C61: D.02 | E61: 3000000
C62: D.03 | E62: 2000000
C63: D.04 | E63: 1000000
C64: D.05 | E64: 1000000
C65: D.06 | E65: 500000
C66: D.07 | E66: 500000
C67: D.08 | E67: 0
C68: D.09 | E68: 0
B70: 7.3 | C70: Phụ Cấp trách nhiệm
C71: Bảng tham khảo
C72: D.01 | E72: 3000000
C73: D.02 | E73: 2000000
C74: D.03 | E74: 1000000
C75: D.04 | E75: 500000
C76: D.05 | E76: 500000
C77: D.06 | E77: 500000
C78: D.07 | E78: 500000
C79: D.08 | E79: 0
C80: D.09 | E80: 0
B81: 7.4 | C81: Phụ Cấp công tác
C82: Bảng tham khảo CP cố định
C83: D.01 | E83: 3000000
C84: D.02 | E84: 1000000
C85: D.03 | E85: 1000000
C86: D.04 | E86: 500000
C87: D.05 | E87: 500000
C88: D.06 | E88: 0
C89: D.07 | E89: 0
C90: D.08 | E90: 0
C91: D.09 | E91: 0
C92: + Đặc thù từng bộ phận và vị trí sẽ có quy định riêng theo thông báo
B93: 7.5 | C93: Phụ Cấp điện thoại
C94: Bảng tham khảo
C95: D.01 | E95: Theo phát sinh
C96: D.02 | E96: Theo phát sinh
C97: D.03 | E97: 200000
C98: D.04 | E98: 200000
C99: D.05 | E99: 200000
C100: D.06 | E100: 200000
C101: D.07 | E101: Theo mức quy định
C102: D.08 | E102: 0
...

Sheet Bang luong
A1: CÔNG TY TNHH CÔNG NGHỆ SINH HỌC SÀI GÒN XANH
A2: Nhà máy Xử lý Bùn thải Sài Gòn Xanh | J2: BẢNG LƯƠNG THÁNG 11 /2015 | Y2: Tỷ lệ đóng BH | AA2: 0.105
G3: =3500000*107% -> 3745000 | K3: 26 | S3: 1 | T3: 300000
A4: STT | B4: Mã Nhân viên | C4: Họ và Tên | D4: Chức vụ | E4: Ngày vào làm việc | F4: Số năm vào làm | G4: Lương tối thiểu | H4: Ngạch lương | I4: hệ số lương | J4: lương CB hệ số | K4: Ngày công lv | L4: Lương Định mức | M4: Ngày phép, LT có lương | N4: Giờ tăng ca | O4: Giờ làm việc CN | P4: Ngày LV lễ tết | Q4: Thành tiền lương CB | R4: lương vượt định mức | S4: Phụ Cấp thâm niên | T4: Phụ cấp chuyên cần | U4: Phụ cấp chuyên môn | V4: Phụ cấp trách nhiệm | W4: Phụ cấp công tác | X4: Phụ cấp điện thoại | Y4: Tổng thu nhập | Z4: Trừ tạm ứng | AA4: Trừ BHXH | AB4: Thực lãnh | AC4: Thực lãnh | AD4: Ký Nhận | AF4: Tièn lương dóng BH
A5: G | C5: QUẢN LÝ SẢN XUẤT | Y5: =SUM(Y6:Y9) -> #N/A | Z5: =SUM(Z6:Z9) -> #REF! | AA5: =SUM(AA6:AA9) -> 1125600 | AB5: =SUM(AB6:AB9) -> #N/A | AC5: =SUM(AC6:AC9) -> #N/A
A6: 1 | B6: NV45 | C6: Nguyễn Đình Huệ | D6: Quản đốc SX | E6: 38078 | F6: =IF(E6=0,0,INT((NOW()-E6)/365)) -> 15 | G6: =$G$3 -> 3745000 | H6: D.03 | I6: 1 | J6: =SUMIFS(Sheet2!$C$1:$C$81,Sheet2!$A$1:$A$81,'Bang luong'!H6,Sheet2!$B$1:$B$81,'Bang luong'!I6)*1000 -> 6366500 | K6: =VLOOKUP(C6,CC!$C$5:$AJ$67,34,0) -> #N/A | L6: =J6/26*K6 -> #N/A | M6: =VLOOKUP(C6,CC!$C$5:$AM$67,36,0) -> #N/A | N6: =VLOOKUP(C6,CC!$C$5:$BS$67,69,0) -> #N/A | O6: =VLOOKUP(C6,CC!$C$5:$BT$67,70,0) -> #N/A | P6: =VLOOKUP(C6,CC!$C$5:$AM$67,37,0) -> #N/A | Q6: =((J6/26)*K6)+(M6*(J6/26))+((N6/8)*1.5*(J6/26))+((O6/8)*2*J6/26)+(P6*3*(J6/26)) -> #N/A | S6: =IF((F6-$S$3)>0,F6%*J6,0) -> 954975 | T6: =(100%-SUMIF('chuyên cần'!$C$6:$AP$31,'Bang luong'!C6,'chuyên cần'!$AP$7:$AP$31))*$T$3 -> 300000 | U6: 2000000 | V6: 1000000 | W6: 500000 | X6: 200000 | Y6: =Q6+R6+S6+T6+U6+V6+W6+X6 -> #N/A | Z6: ='ung luong'!#REF! -> #REF! | AA6: =AF6*$AA$2 -> 422100 | AB6: =Y6-Z6-AA6 -> #N/A | AC6: =ROUND(AB6,-3) -> #N/A | AF6: 4020000
A7: 2 | B7: NV46 | C7: Nguyễn Văn Thanh | D7: Trợ lý SX | E7: 40868 | F7: =IF(E7=0,0,INT((NOW()-E7)/365)) -> 7 | G7: =$G$3 -> 3745000 | H7: D.04 | I7: 2 | J7: =SUMIFS(Sheet2!$C$1:$C$81,Sheet2!$A$1:$A$81,'Bang luong'!H7,Sheet2!$B$1:$B$81,'Bang luong'!I7)*1000 -> 6366500 | K7: =VLOOKUP(C7,CC!$C$5:$AJ$67,34,0) -> #N/A | L7: =J7/26*K7 -> #N/A | M7: =VLOOKUP(C7,CC!$C$5:$AM$67,36,0) -> #N/A | N7: =VLOOKUP(C7,CC!$C$5:$BS$67,69,0) -> #N/A | O7: =VLOOKUP(C7,CC!$C$5:$BT$67,70,0) -> #N/A | P7: =VLOOKUP(C7,CC!$C$5:$AM$67,37,0) -> #N/A | Q7: =((J7/26)*K7)+(M7*(J7/26))+((N7/8)*1.5*(J7/26))+((O7/8)*2*J7/26)+(P7*3*(J7/26)) -> #N/A | S7: =IF((F7-$S$3)>0,F7%*J7,0) -> 445655 | T7: =(100%-SUMIF('chuyên cần'!$C$6:$AP$31,'Bang luong'!C7,'chuyên cần'!$AP$7:$AP$31))*$T$3 -> 300000 | U7: 1000000 | V7: 500000 | W7: 500000 | X7: 200000 | Y7: =Q7+R7+S7+T7+U7+V7+W7+X7 -> #N/A | Z7: ='ung luong'!#REF! -> #REF! | AA7: =AF7*$AA$2 -> 351750 | AB7: =Y7-Z7-AA7 -> #N/A | AC7: =ROUND(AB7,-3) -> #N/A | AF7: 3350000
A8: 3 | B8: NV47 | C8: Chề A Sắt | D8: Giám Sát | E8: 41715 | F8: =IF(E8=0,0,INT((NOW()-E8)/365)) -> 5 | G8: =$G$3 -> 3745000 | H8: D.07 | I8: 4 | J8: =SUMIFS(Sheet2!$C$1:$C$81,Sheet2!$A$1:$A$81,'Bang luong'!H8,Sheet2!$B$1:$B$81,'Bang luong'!I8)*1000 -> 4868500 | K8: =VLOOKUP(C8,CC!$C$5:$AJ$67,34,0) -> #N/A | L8: =J8/26*K8 -> #N/A | M8: =VLOOKUP(C8,CC!$C$5:$AM$67,36,0) -> #N/A | N8: =VLOOKUP(C8,CC!$C$5:$BS$67,69,0) -> #N/A | O8: =VLOOKUP(C8,CC!$C$5:$BT$67,70,0) -> #N/A | P8: =VLOOKUP(C8,CC!$C$5:$AM$67,37,0) -> #N/A | Q8: =((J8/26)*K8)+(M8*(J8/26))+((N8/8)*1.5*(J8/26))+((O8/8)*2*J8/26)+(P8*3*(J8/26)) -> #N/A | S8: =IF((F8-$S$3)>0,F8%*J8,0) -> 243425 | T8: =(100%-SUMIF('chuyên cần'!$C$6:$AP$31,'Bang luong'!C8,'chuyên cần'!$AP$7:$AP$31))*$T$3 -> 300000 | U8: 500000 | V8: 500000 | X8: 200000 | Y8: =Q8+R8+S8+T8+U8+V8+W8+X8 -> #N/A | Z8: ='ung luong'!#REF! -> #REF! | AA8: =AF8*$AA$2 -> 351750 | AB8: =Y8-Z8-AA8 -> #N/A | AC8: =ROUND(AB8,-3) -> #N/A | AF8: 3350000
A9: 4 | B9: NV48 | C9: Ngô Đình Chung | D9: NV trạm cân | E9: 42086 | F9: =IF(E9=0,0,INT((NOW()-E9)/365)) -> 4 | G9: =$G$3 -> 3745000 | H9: D.07 | I9: 1 | J9: =SUMIFS(Sheet2!$C$1:$C$81,Sheet2!$A$1:$A$81,'Bang luong'!H9,Sheet2!$B$1:$B$81,'Bang luong'!I9)*1000 -> 3745000 | K9: =VLOOKUP(C9,CC!$C$5:$AJ$67,34,0) -> 27 | L9: =J9/26*K9 -> 3889038.5 | M9: =VLOOKUP(C9,CC!$C$5:$AM$67,36,0) -> 0 | N9: =VLOOKUP(C9,CC!$C$5:$BS$67,69,0) -> 0 | O9: =VLOOKUP(C9,CC!$C$5:$BT$67,70,0) -> 0 | P9: =VLOOKUP(C9,CC!$C$5:$AM$67,37,0) -> 0 | Q9: =((J9/26)*K9)+(M9*(J9/26))+((N9/8)*1.5*(J9/26))+((O9/8)*2*J9/26)+(P9*3*(J9/26)) -> 3889038.5 | S9: =IF((F9-$S$3)>0,F9%*J9,0) -> 149800 | T9: =(100%-SUMIF('chuyên cần'!$C$6:$AP$31,'Bang luong'!C9,'chuyên cần'!$AP$7:$AP$31))*$T$3 -> 300000 | U9: 500000 | V9: 500000 | X9: 200000 | Y9: =Q9+R9+S9+T9+U9+V9+W9+X9 -> 5538838.5 | Z9: ='ung luong'!#REF! -> #REF! | AA9: =AF9*$AA$2 -> 0 | AB9: =Y9-Z9-AA9 -> #REF! | AC9: =ROUND(AB9,-3) -> #REF!
C10: KHO | Y10: =SUM(Y11:Y12) -> #N/A | Z10: =SUM(Z11:Z12) -> #REF! | AA10: =SUM(AA11:AA12) -> 422100 | AB10: =SUM(AB11:AB12) -> #N/A | AC10: =SUM(AC11:AC12) -> #N/A
A11: 5 | B11: NV49 | C11: Đồng Anh Tuấn | D11: Thủ kho | E11: 40651 | F11: =IF(E11=0,0,INT((NOW()-E11)/365)) -> 8 | G11: =$G$3 -> 3745000 | H11: D.04 | I11: 3 | J11: =SUMIFS(Sheet2!$C$1:$C$81,Sheet2!$A$1:$A$81,'Bang luong'!H11,Sheet2!$B$1:$B$81,'Bang luong'!I11)*1000 -> 7115500 | K11: =VLOOKUP(C11,CC!$C$5:$AJ$67,34,0) -> #N/A | L11: =J11/26*K11 -> #N/A | M11: =VLOOKUP(C11,CC!$C$5:$AM$67,36,0) -> #N/A | N11: =VLOOKUP(C11,CC!$C$5:$BS$67,69,0) -> #N/A | O11: =VLOOKUP(C11,CC!$C$5:$BT$67,70,0) -> #N/A | P11: =VLOOKUP(C11,CC!$C$5:$AM$67,37,0) -> #N/A | Q11: =((J11/26)*K11)+(M11*(J11/26))+((N11/8)*1.5*(J11/26))+((O11/8)*2*J11/26)+(P11*3*(J11/26)) -> #N/A | S11: =IF((F11-$S$3)>0,F11%*J11,0) -> 569240 | T11: =(100%-SUMIF('chuyên cần'!$C$6:$AP$31,'Bang luong'!C11,'chuyên cần'!$AP$7:$AP$31))*$T$3 -> 300000 | U11: 1000000 | V11: 500000 | W11: 500000 | X11: 200000 | Y11: =Q11+R11+S11+T11+U11+V11+W11+X11 -> #N/A | Z11: ='ung luong'!#REF! -> #REF! | AA11: =AF11*$AA$2 -> 422100 | AB11: =Y11-Z11-AA11 -> #N/A | AC11: =ROUND(AB11,-3) -> #N/A | AF11: 4020000
A12: 6 | B12: NV50 | C12: Nguyễn Trường Thạch | D12: NV kho | F12: =IF(E12=0,0,INT((NOW()-E12)/365)) -> 0 | G12: =$G$3 -> 3745000 | H12: D.07 | I12: 1 | J12: =SUMIFS(Sheet2!$C$1:$C$81,Sheet2!$A$1:$A$81,'Bang luong'!H12,Sheet2!$B$1:$B$81,'Bang luong'!I12)*1000 -> 3745000 | K12: =VLOOKUP(C12,CC!$C$5:$AJ$67,34,0) -> #N/A | L12: =J12/26*K12 -> #N/A | M12: =VLOOKUP(C12,CC!$C$5:$AM$67,36,0) -> #N/A | N12: =VLOOKUP(C12,CC!$C$5:$BS$67,69,0) -> #N/A | O12: =VLOOKUP(C12,CC!$C$5:$BT$67,70,0) -> #N/A | P12: =VLOOKUP(C12,CC!$C$5:$AM$67,37,0) -> #N/A | Q12: =((J12/26)*K12)+(M12*(J12/26))+((N12/8)*1.5*(J12/26))+((O12/8)*2*J12/26)+(P12*3*(J12/26)) -> #N/A | S12: =IF((F12-$S$3)>0,F12%*J12,0) -> 0 | T12: =(100%-SUMIF('chuyên cần'!$C$6:$AP$31,'Bang luong'!C12,'chuyên cần'!$AP$7:$AP$31))*$T$3 -> 300000 | U12: 500000 | V12: 500000 | X12: 200000 | Y12: =Q12+R12+S12+T12+U12+V12+W12+X12 -> #N/A | Z12: ='ung luong'!#REF! -> #REF! | AA12: =AF12*$AA$2 -> 0 | AB12: =Y12-Z12-AA12 -> #N/A | AC12: =ROUND(AB12,-3) -> #N/A
A13: H | C13: CHUYÊN VIÊN KỸ THUẬT | Y13: =SUM(Y14:Y16) -> #N/A | Z13: =SUM(Z14:Z16) -> #REF! | AA13: =SUM(AA14:AA16) -> 348285 | AB13: =SUM(AB14:AB16) -> #N/A | AC13: =SUM(AC14:AC16) -> #N/A
A14: 7 | B14: NV51 | C14: Lê Công Nhất Trung | D14: KS Môi trường | E14: 41487 | F14: =IF(E14=0,0,INT((NOW()-E14)/365)) -> 6 | G14: =$G$3 -> 3745000 | H14: D.04 | I14: 3 | J14: =SUMIFS(Sheet2!$C$1:$C$81,Sheet2!$A$1:$A$81,'Bang luong'!H14,Sheet2!$B$1:$B$81,'Bang luong'!I14)*1000 -> 7115500 | K14: =VLOOKUP(C14,CC!$C$5:$AJ$67,34,0) -> #N/A | L14: =J14/26*K14 -> #N/A | M14: =VLOOKUP(C14,CC!$C$5:$AM$67,36,0) -> #N/A | N14: =VLOOKUP(C14,CC!$C$5:$BS$67,69,0) -> #N/A | O14: =VLOOKUP(C14,CC!$C$5:$BT$67,70,0) -> #N/A | P14: =VLOOKUP(C14,CC!$C$5:$AM$67,37,0) -> #N/A | Q14: =((J14/26)*K14)+(M14*(J14/26))+((N14/8)*1.5*(J14/26))+((O14/8)*2*J14/26)+(P14*3*(J14/26)) -> #N/A | S14: =IF((F14-$S$3)>0,F14%*J14,0) -> 426930 | T14: =(100%-SUMIF('chuyên cần'!$C$6:$AP$31,'Bang luong'!C14,'chuyên cần'!$AP$7:$AP$31))*$T$3 -> 300000 | U14: 1000000 | V14: 500000 | X14: 200000 | Y14: =Q14+R14+S14+T14+U14+V14+W14+X14 -> #N/A | Z14: ='ung luong'!#REF! -> #REF! | AA14: =AF14*$AA$2 -> 348285 | AB14: =Y14-Z14-AA14 -> #N/A | AC14: =ROUND(AB14,-3) -> #N/A | AF14: 3317000
A15: 8 | B15: NV52 | C15: Hồ Phan Thiết Toàn | D15: KS Nông nghiệp | E15: 42114 | F15: =IF(E15=0,0,INT((NOW()-E15)/365)) -> 4 | G15: =$G$3 -> 3745000 | H15: D.04 | I15: 3 | J15: =SUMIFS(Sheet2!$C$1:$C$81,Sheet2!$A$1:$A$81,'Bang luong'!H15,Sheet2!$B$1:$B$81,'Bang luong'!I15)*1000 -> 7115500 | K15: =VLOOKUP(C15,CC!$C$5:$AJ$67,34,0) -> #N/A | L15: =J15/26*K15 -> #N/A | M15: =VLOOKUP(C15,CC!$C$5:$AM$67,36,0) -> #N/A | N15: =VLOOKUP(C15,CC!$C$5:$BS$67,69,0) -> #N/A | O15: =VLOOKUP(C15,CC!$C$5:$BT$67,70,0) -> #N/A | P15: =VLOOKUP(C15,CC!$C$5:$AM$67,37,0) -> #N/A | Q15: =((J15/26)*K15)+(M15*(J15/26))+((N15/8)*1.5*(J15/26))+((O15/8)*2*J15/26)+(P15*3*(J15/26)) -> #N/A | S15: =IF((F15-$S$3)>0,F15%*J15,0) -> 284620 | T15: =(100%-SUMIF('chuyên cần'!$C$6:$AP$31,'Bang luong'!C15,'chuyên cần'!$AP$7:$AP$31))*$T$3 -> 300000 | U15: 1000000 | V15: 500000 | X15: 200000 | Y15: =Q15+R15+S15+T15+U15+V15+W15+X15 -> #N/A | Z15: ='ung luong'!#REF! -> #REF! | AA15: =AF15*$AA$2 -> 0 | AB15: =Y15-Z15-AA15 -> #N/A | AC15: =ROUND(AB15,-3) -> #N/A
A16: 9 | B16: NV89 | C16: Trần Văn Hà | D16: KTV Môi trường | E16: 42248 | F16: =IF(E16=0,0,INT((NOW()-E16)/365)) -> 4 | G16: =$G$3 -> 3745000 | H16: D.06 | I16: 1 | J16: =SUMIFS(Sheet2!$C$1:$C$81,Sheet2!$A$1:$A$81,'Bang luong'!H16,Sheet2!$B$1:$B$81,'Bang luong'!I16)*1000 -> 3745000 | K16: =VLOOKUP(C16,CC!$C$5:$AJ$67,34,0) -> #N/A | L16: =J16/26*K16 -> #N/A | M16: =VLOOKUP(C16,CC!$C$5:$AM$67,36,0) -> #N/A | N16: =VLOOKUP(C16,CC!$C$5:$BS$67,69,0) -> #N/A | O16: =VLOOKUP(C16,CC!$C$5:$BT$67,70,0) -> #N/A | P16: =VLOOKUP(C16,CC!$C$5:$AM$67,37,0) -> #N/A | Q16: =((J16/26)*K16)+(M16*(J16/26))+((N16/8)*1.5*(J16/26))+((O16/8)*2*J16/26)+(P16*3*(J16/26)) -> #N/A | S16: =IF((F16-$S$3)>0,F16%*J16,0) -> 149800 | T16: =(100%-SUMIF('chuyên cần'!$C$6:$AP$31,'Bang luong'!C16,'chuyên cần'!$AP$7:$AP$31))*$T$3 -> 300000 | U16: 500000 | V16: 500000 | X16: 200000 | Y16: =Q16+R16+S16+T16+U16+V16+W16+X16 -> #N/A | Z16: ='ung luong'!#REF! -> #REF! | AA16: =AF16*$AA$2 -> 0 | AB16: =Y16-Z16-AA16 -> #N/A | AC16: =ROUND(AB16,-3) -> #N/A
A17: J | C17: CÔNG NHÂN KỸ THUẬT | Y17: =SUM(Y18:Y32) -> #N/A | Z17: =SUM(Z18:Z32) -> #REF! | AA17: =SUM(AA18:AA32) -> 3155070 | AB17: =SUM(AB18:AB32) -> #N/A | AC17: =SUM(AC18:AC32) -> #N/A
A18: 10 | B18: NV53 | C18: Trần Ngọc Minh | D18: NV bảo trì | E18: 41108 | F18: =IF(E18=0,0,INT((NOW()-E18)/365)) -> 7 | G18: =$G$3 -> 3745000 | H18: D.06 | I18: 1 | J18: =SUMIFS(Sheet2!$C$1:$C$81,Sheet2!$A$1:$A$81,'Bang luong'!H18,Sheet2!$B$1:$B$81,'Bang luong'!I18)*1000 -> 3745000 | K18: =VLOOKUP(C18,CC!$C$5:$AJ$67,34,0) -> #N/A | L18: =J18/26*K18 -> #N/A | M18: =VLOOKUP(C18,CC!$C$5:$AM$67,36,0) -> #N/A | N18: =VLOOKUP(C18,CC!$C$5:$BS$67,69,0) -> #N/A | O18: =VLOOKUP(C18,CC!$C$5:$BT$67,70,0) -> #N/A | P18: =VLOOKUP(C18,CC!$C$5:$AM$67,37,0) -> #N/A | Q18: =((J18/26)*K18)+(M18*(J18/26))+((N18/8)*1.5*(J18/26))+((O18/8)*2*J18/26)+(P18*3*(J18/26)) -> #N/A | R18: =VLOOKUP(C18,'Công tổng'!$C$53:$BY$67,66,0)-L18 -> #N/A | S18: =IF((F18-$S$3)>0,F18%*J18,0) -> 262150 | T18: =(100%-SUMIF('chuyên cần'!$C$6:$AP$31,'Bang luong'!C18,'chuyên cần'!$AP$7:$AP$31))*$T$3 -> 300000 | U18: 500000 | V18: 500000 | X18: 200000 | Y18: =Q18+R18+S18+T18+U18+V18+W18+X18 -> #N/A | Z18: ='ung luong'!F127 -> 0 | AA18: =AF18*$AA$2 -> 351750 | AB18: =Y18-Z18-AA18 -> #N/A | AC18: =ROUND(AB18,-3) -> #N/A | AF18: 3350000
A19: 11 | B19: NV54 | C19: Đào Công Thắng | D19: QL xe cơ giới | E19: 41611 | F19: =IF(E19=0,0,INT((NOW()-E19)/365)) -> 5 | G19: =$G$3 -> 3745000 | H19: D.04 | I19: 3 | J19: =SUMIFS(Sheet2!$C$1:$C$81,Sheet2!$A$1:$A$81,'Bang luong'!H19,Sheet2!$B$1:$B$81,'Bang luong'!I19)*1000 -> 7115500 | K19: =VLOOKUP(C19,CC!$C$5:$AJ$67,34,0) -> #N/A | L19: =J19/26*K19 -> #N/A | M19: =VLOOKUP(C19,CC!$C$5:$AM$67,36,0) -> #N/A | N19: =VLOOKUP(C19,CC!$C$5:$BS$67,69,0) -> #N/A | O19: =VLOOKUP(C19,CC!$C$5:$BT$67,70,0) -> #N/A | P19: =VLOOKUP(C19,CC!$C$5:$AM$67,37,0) -> #N/A | Q19: =((J19/26)*K19)+(M19*(J19/26))+((N19/8)*1.5*(J19/26))+((O19/8)*2*J19/26)+(P19*3*(J19/26)) -> #N/A | S19: =IF((F19-$S$3)>0,F19%*J19,0) -> 355775 | Y19: =Q19+R19+S19+T19+U19+V19+W19+X19 -> #N/A | Z19: ='ung luong'!#REF! -> #REF! | AA19: =AF19*$AA$2 -> 351750 | AB19: =Y19-Z19-AA19 -> #N/A | AC19: =ROUND(AB19,-3) -> #N/A | AF19: 3350000
A20: 12 | B20: NV56 | C20: Chung Văn Hiệp | D20: Lái xe cơ giới | E20: 41739 | F20: =IF(E20=0,0,INT((NOW()-E20)/365)) -> 5 | G20: =$G$3 -> 3745000 | H20: D.06 | I20: 1 | J20: =SUMIFS(Sheet2!$C$1:$C$81,Sheet2!$A$1:$A$81,'Bang luong'!H20,Sheet2!$B$1:$B$81,'Bang luong'!I20)*1000 -> 3745000 | K20: =VLOOKUP(C20,CC!$C$5:$AJ$67,34,0) -> #N/A | L20: =J20/26*K20 -> #N/A | M20: =VLOOKUP(C20,CC!$C$5:$AM$67,36,0) -> #N/A | N20: =VLOOKUP(C20,CC!$C$5:$BS$67,69,0) -> #N/A | O20: =VLOOKUP(C20,CC!$C$5:$BT$67,70,0) -> #N/A | P20: =VLOOKUP(C20,CC!$C$5:$AM$67,37,0) -> #N/A | Q20: =((J20/26)*K20)+(M20*(J20/26))+((N20/8)*1.5*(J20/26))+((O20/8)*2*J20/26)+(P20*3*(J20/26)) -> #N/A | R20: =VLOOKUP(C20,'Công tổng'!$C$53:$BY$67,66,0)-L20 -> #N/A | S20: =IF((F20-$S$3)>0,F20%*J20,0) -> 187250 | T20: =(100%-SUMIF('chuyên cần'!$C$6:$AP$31,'Bang luong'!C20,'chuyên cần'!$AP$7:$AP$31))*$T$3 -> 300000 | Y20: =Q20+R20+S20+T20+U20+V20+W20+X20 -> #N/A | Z20: ='ung luong'!#REF! -> #REF! | AA20: =AF20*$AA$2 -> 351750 | AB20: =Y20-Z20-AA20 -> #N/A | AC20: =ROUND(AB20,-3) -> #N/A | AF20: 3350000
A21: 13 | B21: NV57 | C21: Lê Tấn Phát | D21: Lái xe cơ giới | E21: 37257 | F21: =IF(E21=0,0,INT((NOW()-E21)/365)) -> 17 | G21: =$G$3 -> 3745000 | H21: D.06 | I21: 2 | J21: =SUMIFS(Sheet2!$C$1:$C$81,Sheet2!$A$1:$A$81,'Bang luong'!H21,Sheet2!$B$1:$B$81,'Bang luong'!I21)*1000 -> 4119500 | K21: =VLOOKUP(C21,CC!$C$5:$AJ$67,34,0) -> 27 | L21: =J21/26*K21 -> 4277942.3 | M21: =VLOOKUP(C21,CC!$C$5:$AM$67,36,0) -> 0 | N21: =VLOOKUP(C21,CC!$C$5:$BS$67,69,0) -> 0 | O21: =VLOOKUP(C21,CC!$C$5:$BT$67,70,0) -> 0 | P21: =VLOOKUP(C21,CC!$C$5:$AM$67,37,0) -> 0 | Q21: =((J21/26)*K21)+(M21*(J21/26))+((N21/8)*1.5*(J21/26))+((O21/8)*2*J21/26)+(P21*3*(J21/26)) -> 4277942.3 | R21: =VLOOKUP(C21,'Công tổng'!$C$53:$BY$67,66,0)-L21 -> #N/A | S21: =IF((F21-$S$3)>0,F21%*J21,0) -> 700315 | T21: =(100%-SUMIF('chuyên cần'!$C$6:$AP$31,'Bang luong'!C21,'chuyên cần'!$AP$7:$AP$31))*$T$3 -> 300000 | Y21: =Q21+R21+S21+T21+U21+V21+W21+X21 -> #N/A | Z21: ='ung luong'!#REF! -> #REF! | AA21: =AF21*$AA$2 -> 351750 | AB21: =Y21-Z21-AA21 -> #N/A | AC21: =ROUND(AB21,-3) -> #N/A | AF21: 3350000
A22: 14 | B22: NV58 | C22: Triệu Minh Tú | D22: Lái xe cơ giới | E22: 37622 | F22: =IF(E22=0,0,INT((NOW()-E22)/365)) -> 16 | G22: =$G$3 -> 3745000 | H22: D.06 | I22: 2 | J22: =SUMIFS(Sheet2!$C$1:$C$81,Sheet2!$A$1:$A$81,'Bang luong'!H22,Sheet2!$B$1:$B$81,'Bang luong'!I22)*1000 -> 4119500 | K22: =VLOOKUP(C22,CC!$C$5:$AJ$67,34,0) -> #N/A | L22: =J22/26*K22 -> #N/A | M22: =VLOOKUP(C22,CC!$C$5:$AM$67,36,0) -> #N/A | N22: =VLOOKUP(C22,CC!$C$5:$BS$67,69,0) -> #N/A | O22: =VLOOKUP(C22,CC!$C$5:$BT$67,70,0) -> #N/A | P22: =VLOOKUP(C22,CC!$C$5:$AM$67,37,0) -> #N/A | Q22: =((J22/26)*K22)+(M22*(J22/26))+((N22/8)*1.5*(J22/26))+((O22/8)*2*J22/26)+(P22*3*(J22/26)) -> #N/A | R22: =VLOOKUP(C22,'Công tổng'!$C$53:$BY$67,66,0)-L22 -> #N/A | S22: =IF((F22-$S$3)>0,F22%*J22,0) -> 659120 | T22: =(100%-SUMIF('chuyên cần'!$C$6:$AP$31,'Bang luong'!C22,'chuyên cần'!$AP$7:$AP$31))*$T$3 -> 300000 | Y22: =Q22+R22+S22+T22+U22+V22+W22+X22 -> #N/A | Z22: ='ung luong'!F82 -> 3000000 | AA22: =AF22*$AA$2 -> 351750 | AB22: =Y22-Z22-AA22 -> #N/A | AC22: =ROUND(AB22,-3) -> #N/A | AF22: 3350000
A23: 15 | B23: NV59 | C23: Triệu Minh Thắng | D23: Lái xe cơ giới | E23: 40596 | F23: =IF(E23=0,0,INT((NOW()-E23)/365)) -> 8 | G23: =$G$3 -> 3745000 | H23: D.06 | I23: 1 | J23: =SUMIFS(Sheet2!$C$1:$C$81,Sheet2!$A$1:$A$81,'Bang luong'!H23,Sheet2!$B$1:$B$81,'Bang luong'!I23)*1000 -> 3745000 | K23: =VLOOKUP(C23,CC!$C$5:$AJ$67,34,0) -> #N/A | L23: =J23/26*K23 -> #N/A | M23: =VLOOKUP(C23,CC!$C$5:$AM$67,36,0) -> #N/A | N23: =VLOOKUP(C23,CC!$C$5:$BS$67,69,0) -> #N/A | O23: =VLOOKUP(C23,CC!$C$5:$BT$67,70,0) -> #N/A | P23: =VLOOKUP(C23,CC!$C$5:$AM$67,37,0) -> #N/A | Q23: =((J23/26)*K23)+(M23*(J23/26))+((N23/8)*1.5*(J23/26))+((O23/8)*2*J23/26)+(P23*3*(J23/26)) -> #N/A | R23: =VLOOKUP(C23,'Công tổng'!$C$53:$BY$67,66,0)-L23 -> #N/A | S23: =IF((F23-$S$3)>0,F23%*J23,0) -> 299600 | T23: =(100%-SUMIF('chuyên cần'!$C$6:$AP$31,'Bang luong'!C23,'chuyên cần'!$AP$7:$AP$31))*$T$3 -> 300000 | Y23: =Q23+R23+S23+T23+U23+V23+W23+X23 -> #N/A | Z23: ='ung luong'!#REF! -> #REF! | AA23: =AF23*$AA$2 -> 348285 | AB23: =Y23-Z23-AA23 -> #N/A | AC23: =ROUND(AB23,-3) -> #N/A | AF23: 3317000
A24: 16 | B24: NV60 | C24: Thạch Giàu | D24: Lái xe cơ giới | E24: 41321 | F24: =IF(E24=0,0,INT((NOW()-E24)/365)) -> 6 | G24: =$G$3 -> 3745000 | H24: D.06 | I24: 1 | J24: =SUMIFS(Sheet2!$C$1:$C$81,Sheet2!$A$1:$A$81,'Bang luong'!H24,Sheet2!$B$1:$B$81,'Bang luong'!I24)*1000 -> 3745000 | K24: =VLOOKUP(C24,CC!$C$5:$AJ$67,34,0) -> 27 | L24: =J24/26*K24 -> 3889038.5 | M24: =VLOOKUP(C24,CC!$C$5:$AM$67,36,0) -> 0 | N24: =VLOOKUP(C24,CC!$C$5:$BS$67,69,0) -> 0 | O24: =VLOOKUP(C24,CC!$C$5:$BT$67,70,0) -> 0 | P24: =VLOOKUP(C24,CC!$C$5:$AM$67,37,0) -> 0 | Q24: =((J24/26)*K24)+(M24*(J24/26))+((N24/8)*1.5*(J24/26))+((O24/8)*2*J24/26)+(P24*3*(J24/26)) -> 3889038.5 | R24: =VLOOKUP(C24,'Công tổng'!$C$53:$BY$67,66,0)-L24 -> #N/A | S24: =IF((F24-$S$3)>0,F24%*J24,0) -> 224700 | T24: =(100%-SUMIF('chuyên cần'!$C$6:$AP$31,'Bang luong'!C24,'chuyên cần'!$AP$7:$AP$31))*$T$3 -> 300000 | Y24: =Q24+R24+S24+T24+U24+V24+W24+X24 -> #N/A | Z24: ='ung luong'!#REF! -> #REF! | AA24: 348000 | AB24: =Y24-Z24-AA24 -> #N/A | AC24: =ROUND(AB24,-3) -> #N/A | AF24: 3317000
A25: 17 | B25: NV61 | C25: Nguyễn Quốc Việt | D25: Lái xe cơ giới | E25: 41589 | F25: =IF(E25=0,0,INT((NOW()-E25)/365)) -> 5 | G25: =$G$3 -> 3745000 | H25: D.06 | I25: 1 | J25: =SUMIFS(Sheet2!$C$1:$C$81,Sheet2!$A$1:$A$81,'Bang luong'!H25,Sheet2!$B$1:$B$81,'Bang luong'!I25)*1000 -> 3745000 | K25: =VLOOKUP(C25,CC!$C$5:$AJ$67,34,0) -> #N/A | L25: =J25/26*K25 -> #N/A | M25: =VLOOKUP(C25,CC!$C$5:$AM$67,36,0) -> #N/A | N25: =VLOOKUP(C25,CC!$C$5:$BS$67,69,0) -> #N/A | O25: =VLOOKUP(C25,CC!$C$5:$BT$67,70,0) -> #N/A | P25: =VLOOKUP(C25,CC!$C$5:$AM$67,37,0) -> #N/A | Q25: =((J25/26)*K25)+(M25*(J25/26))+((N25/8)*1.5*(J25/26))+((O25/8)*2*J25/26)+(P25*3*(J25/26)) -> #N/A | R25: =VLOOKUP(C25,'Công tổng'!$C$53:$BY$67,66,0)-L25 -> #N/A | S25: =IF((F25-$S$3)>0,F25%*J25,0) -> 187250 | T25: =(100%-SUMIF('chuyên cần'!$C$6:$AP$31,'Bang luong'!C25,'chuyên cần'!$AP$7:$AP$31))*$T$3 -> 300000 | Y25: =Q25+R25+S25+T25+U25+V25+W25+X25 -> #N/A | Z25: ='ung luong'!#REF! -> #REF! | AA25: =AF25*$AA$2 -> 348285 | AB25: =Y25-Z25-AA25 -> #N/A | AC25: =ROUND(AB25,-3) -> #N/A | AF25: 3317000
A26: 18 | B26: NV62 | C26: Nguyễn Trọng Minh | D26: Lái xe cơ giới | E26: 38838 | F26: =IF(E26=0,0,INT((NOW()-E26)/365)) -> 13 | G26: =$G$3 -> 3745000 | H26: D.07 | I26: 4 | J26: =SUMIFS(Sheet2!$C$1:$C$81,Sheet2!$A$1:$A$81,'Bang luong'!H26,Sheet2!$B$1:$B$81,'Bang luong'!I26)*1000 -> 4868500 | K26: =VLOOKUP(C26,CC!$C$5:$AJ$67,34,0) -> 27 | L26: =J26/26*K26 -> 5055750 | M26: =VLOOKUP(C26,CC!$C$5:$AM$67,36,0) -> 0 | N26: =VLOOKUP(C26,CC!$C$5:$BS$67,69,0) -> 0 | O26: =VLOOKUP(C26,CC!$C$5:$BT$67,70,0) -> 0 | P26: =VLOOKUP(C26,CC!$C$5:$AM$67,37,0) -> 0 | Q26: =((J26/26)*K26)+(M26*(J26/26))+((N26/8)*1.5*(J26/26))+((O26/8)*2*J26/26)+(P26*3*(J26/26)) -> 5055750 | S26: =IF((F26-$S$3)>0,F26%*J26,0) -> 632905 | T26: =(100%-SUMIF('chuyên cần'!$C$6:$AP$31,'Bang luong'!C26,'chuyên cần'!$AP$7:$AP$31))*$T$3 -> 300000 | Y26: =Q26+R26+S26+T26+U26+V26+W26+X26 -> 5988655 | Z26: ='ung luong'!#REF! -> #REF! | AA26: =AF26*$AA$2 -> 351750 | AB26: =Y26-Z26-AA26 -> #REF! | AC26: =ROUND(AB26,-3) -> #REF! | AF26: 3350000
A27: 19 | B27: NV63 | C27: Trần Thanh Hậu | D27: Lái xe cơ giới | E27: 41852 | F27: =IF(E27=0,0,INT((NOW()-E27)/365)) -> 5 | G27: =$G$3 -> 3745000 | H27: D.06 | I27: 1 | J27: =SUMIFS(Sheet2!$C$1:$C$81,Sheet2!$A$1:$A$81,'Bang luong'!H27,Sheet2!$B$1:$B$81,'Bang luong'!I27)*1000 -> 3745000 | K27: =VLOOKUP(C27,CC!$C$5:$AJ$67,34,0) -> 27 | L27: =J27/26*K27 -> 3889038.5 | M27: =VLOOKUP(C27,CC!$C$5:$AM$67,36,0) -> 0 | N27: =VLOOKUP(C27,CC!$C$5:$BS$67,69,0) -> 0 | O27: =VLOOKUP(C27,CC!$C$5:$BT$67,70,0) -> 0 | P27: =VLOOKUP(C27,CC!$C$5:$AM$67,37,0) -> 0 | Q27: =((J27/26)*K27)+(M27*(J27/26))+((N27/8)*1.5*(J27/26))+((O27/8)*2*J27/26)+(P27*3*(J27/26)) -> 3889038.5 | R27: =VLOOKUP(C27,'Công tổng'!$C$53:$BY$67,66,0)-L27 -> #N/A | S27: =IF((F27-$S$3)>0,F27%*J27,0) -> 187250 | T27: =(100%-SUMIF('chuyên cần'!$C$6:$AP$31,'Bang luong'!C27,'chuyên cần'!$AP$7:$AP$31))*$T$3 -> 300000 | Y27: =Q27+R27+S27+T27+U27+V27+W27+X27 -> #N/A | Z27: ='ung luong'!F107 -> 4000000 | AA27: =AF27*$AA$2 -> 0 | AB27: =Y27-Z27-AA27 -> #N/A | AC27: =ROUND(AB27,-3) -> #N/A
A28: 20 | B28: NV64 | C28: Phan Văn Bạn | D28: Lái xe cơ giới | E28: 41640 | F28: =IF(E28=0,0,INT((NOW()-E28)/365)) -> 5 | G28: =$G$3 -> 3745000 | H28: D.06 | I28: 1 | J28: =SUMIFS(Sheet2!$C$1:$C$81,Sheet2!$A$1:$A$81,'Bang luong'!H28,Sheet2!$B$1:$B$81,'Bang luong'!I28)*1000 -> 3745000 | K28: =VLOOKUP(C28,CC!$C$5:$AJ$67,34,0) -> #N/A | L28: =J28/26*K28 -> #N/A | M28: =VLOOKUP(C28,CC!$C$5:$AM$67,36,0) -> #N/A | N28: =VLOOKUP(C28,CC!$C$5:$BS$67,69,0) -> #N/A | O28: =VLOOKUP(C28,CC!$C$5:$BT$67,70,0) -> #N/A | P28: =VLOOKUP(C28,CC!$C$5:$AM$67,37,0) -> #N/A | Q28: =((J28/26)*K28)+(M28*(J28/26))+((N28/8)*1.5*(J28/26))+((O28/8)*2*J28/26)+(P28*3*(J28/26)) -> #N/A | R28: =VLOOKUP(C28,'Công tổng'!$C$53:$BY$67,66,0)-L28 -> #N/A | S28: =IF((F28-$S$3)>0,F28%*J28,0) -> 187250 | T28: =(100%-SUMIF('chuyên cần'!$C$6:$AP$31,'Bang luong'!C28,'chuyên cần'!$AP$7:$AP$31))*$T$3 -> 300000 | Y28: =Q28+R28+S28+T28+U28+V28+W28+X28 -> #N/A | Z28: ='ung luong'!#REF! -> #REF! | AA28: =AF28*$AA$2 -> 0 | AB28: =Y28-Z28-AA28 -> #N/A | AC28: =ROUND(AB28,-3) -> #N/A
A29: 21 | B29: NV65 | C29: Châu Thành Nhân | D29: Lái xe cơ giới | E29: 41997 | F29: =IF(E29=0,0,INT((NOW()-E29)/365)) -> 4 | G29: =$G$3 -> 3745000 | H29: D.06 | I29: 1 | J29: =SUMIFS(Sheet2!$C$1:$C$81,Sheet2!$A$1:$A$81,'Bang luong'!H29,Sheet2!$B$1:$B$81,'Bang luong'!I29)*1000 -> 3745000 | K29: =VLOOKUP(C29,CC!$C$5:$AJ$67,34,0) -> 27 | L29: =J29/26*K29 -> 3889038.5 | M29: =VLOOKUP(C29,CC!$C$5:$AM$67,36,0) -> 0 | N29: =VLOOKUP(C29,CC!$C$5:$BS$67,69,0) -> 0 | O29: =VLOOKUP(C29,CC!$C$5:$BT$67,70,0) -> 0 | P29: =VLOOKUP(C29,CC!$C$5:$AM$67,37,0) -> 0 | Q29: =((J29/26)*K29)+(M29*(J29/26))+((N29/8)*1.5*(J29/26))+((O29/8)*2*J29/26)+(P29*3*(J29/26)) -> 3889038.5 | R29: =VLOOKUP(C29,'Công tổng'!$C$53:$BY$67,66,0)-L29 -> -3889038.5 | S29: =IF((F29-$S$3)>0,F29%*J29,0) -> 149800 | T29: =(100%-SUMIF('chuyên cần'!$C$6:$AP$31,'Bang luong'!C29,'chuyên cần'!$AP$7:$AP$31))*$T$3 -> 300000 | Y29: =Q29+R29+S29+T29+U29+V29+W29+X29 -> 449800 | Z29: ='ung luong'!F103 -> 0 | AA29: =AF29*$AA$2 -> 0 | AB29: =Y29-Z29-AA29 -> 449800 | AC29: =ROUND(AB29,-3) -> 450000
A30: 22 | B30: NV66 | C30: Nguyễn Văn Chạy | D30: Lái xe cơ giới | E30: 41786 | F30: =IF(E30=0,0,INT((NOW()-E30)/365)) -> 5 | G30: =$G$3 -> 3745000 | H30: D.09 | I30: 1 | J30: =SUMIFS(Sheet2!$C$1:$C$81,Sheet2!$A$1:$A$81,'Bang luong'!H30,Sheet2!$B$1:$B$81,'Bang luong'!I30)*1000 -> 3745000 | K30: =VLOOKUP(C30,CC!$C$5:$AJ$67,34,0) -> 27 | L30: =J30/26*K30 -> 3889038.5 | M30: =VLOOKUP(C30,CC!$C$5:$AM$67,36,0) -> 0 | N30: =VLOOKUP(C30,CC!$C$5:$BS$67,69,0) -> 0 | O30: =VLOOKUP(C30,CC!$C$5:$BT$67,70,0) -> 0 | P30: =VLOOKUP(C30,CC!$C$5:$AM$67,37,0) -> 0 | Q30: =((J30/26)*K30)+(M30*(J30/26))+((N30/8)*1.5*(J30/26))+((O30/8)*2*J30/26)+(P30*3*(J30/26)) -> 3889038.5 | R30: =VLOOKUP(C30,'Công tổng'!$C$53:$BY$67,66,0)-L30 -> -3889038.5 | S30: =IF((F30-$S$3)>0,F30%*J30,0) -> 187250 | T30: =(100%-SUMIF('chuyên cần'!$C$6:$AP$31,'Bang luong'!C30,'chuyên cần'!$AP$7:$AP$31))*$T$3 -> 300000 | Y30: =Q30+R30+S30+T30+U30+V30+W30+X30 -> 487250 | Z30: ='ung luong'!F99 -> 4000000 | AA30: =AF30*$AA$2 -> 0 | AB30: =Y30-Z30-AA30 -> -3512750 | AC30: =ROUND(AB30,-3) -> -3513000
A31: 23 | B31: NV67 | C31: Hà Hoàng Hùng | D31: Lái xe cơ giới | E31: 41876 | F31: =IF(E31=0,0,INT((NOW()-E31)/365)) -> 5 | G31: =$G$3 -> 3745000 | H31: D.09 | I31: 1 | J31: =SUMIFS(Sheet2!$C$1:$C$81,Sheet2!$A$1:$A$81,'Bang luong'!H31,Sheet2!$B$1:$B$81,'Bang luong'!I31)*1000 -> 3745000 | K31: =VLOOKUP(C31,CC!$C$5:$AJ$67,34,0) -> 27 | L31: =J31/26*K31 -> 3889038.5 | M31: =VLOOKUP(C31,CC!$C$5:$AM$67,36,0) -> 0 | N31: =VLOOKUP(C31,CC!$C$5:$BS$67,69,0) -> 0 | O31: =VLOOKUP(C31,CC!$C$5:$BT$67,70,0) -> 0 | P31: =VLOOKUP(C31,CC!$C$5:$AM$67,37,0) -> 0 | Q31: =((J31/26)*K31)+(M31*(J31/26))+((N31/8)*1.5*(J31/26))+((O31/8)*2*J31/26)+(P31*3*(J31/26)) -> 3889038.5 | R31: =VLOOKUP(C31,'Công tổng'!$C$53:$BY$67,66,0)-L31 -> -3889038.5 | S31: =IF((F31-$S$3)>0,F31%*J31,0) -> 187250 | T31: =(100%-SUMIF('chuyên cần'!$C$6:$AP$31,'Bang luong'!C31,'chuyên cần'!$AP$7:$AP$31))*$T$3 -> 300000 | Y31: =Q31+R31+S31+T31+U31+V31+W31+X31 -> 487250 | Z31: ='ung luong'!F100 -> 3500000 | AA31: =AF31*$AA$2 -> 0 | AB31: =Y31-Z31-AA31 -> -3012750 | AC31: =ROUND(AB31,-3) -> -3013000
A32: 24 | B32: NV68 | C32: Nguyễn Thanh Nhàn | D32: Lái xe cơ giới | E32: 42201 | F32: =IF(E32=0,0,INT((NOW()-E32)/365)) -> 4 | G32: =$G$3 -> 3745000 | H32: D.09 | I32: 1 | J32: =SUMIFS(Sheet2!$C$1:$C$81,Sheet2!$A$1:$A$81,'Bang luong'!H32,Sheet2!$B$1:$B$81,'Bang luong'!I32)*1000 -> 3745000 | K32: =VLOOKUP(C32,CC!$C$5:$AJ$67,34,0) -> #N/A | L32: =J32/26*K32 -> #N/A | M32: =VLOOKUP(C32,CC!$C$5:$AM$67,36,0) -> #N/A | N32: =VLOOKUP(C32,CC!$C$5:$BS$67,69,0) -> #N/A | O32: =VLOOKUP(C32,CC!$C$5:$BT$67,70,0) -> #N/A | P32: =VLOOKUP(C32,CC!$C$5:$AM$67,37,0) -> #N/A | Q32: =((J32/26)*K32)+(M32*(J32/26))+((N32/8)*1.5*(J32/26))+((O32/8)*2*J32/26)+(P32*3*(J32/26)) -> #N/A | R32: =VLOOKUP(C32,'Công tổng'!$C$53:$BY$67,66,0)-L32 -> #N/A | S32: =IF((F32-$S$3)>0,F32%*J32,0) -> 149800 | T32: =(100%-SUMIF('chuyên cần'!$C$6:$AP$31,'Bang luong'!C32,'chuyên cần'!$AP$7:$AP$31))*$T$3 -> 300000 | Y32: =Q32+R32+S32+T32+U32+V32+W32+X32 -> #N/A | Z32: ='ung luong'!#REF! -> #REF! | AA32: =AF32*$AA$2 -> 0 | AB32: =Y32-Z32-AA32 -> #N/A | AC32: =ROUND(AB32,-3) -> #N/A
Y33: =SUM(Y34:Y49) -> #N/A | Z33: =SUM(Z34:Z49) -> #REF! | AA33: =SUM(AA34:AA49) -> 1393140 | AB33: =SUM(AB34:AB49) -> #N/A | AC33: =SUM(AC34:AC49) -> #N/A
A34: 25 | B34: NV69 | C34: Lâm Ban | D34: Công nhân | E34: 40462 | F34: =IF(E34=0,0,INT((NOW()-E34)/365)) -> 8 | G34: =$G$3 -> 3745000 | H34: D.09 | I34: 1 | J34: =SUMIFS(Sheet2!$C$1:$C$81,Sheet2!$A$1:$A$81,'Bang luong'!H34,Sheet2!$B$1:$B$81,'Bang luong'!I34)*1000 -> 3745000 | K34: =VLOOKUP(C34,CC!$C$5:$AJ$67,34,0) -> #N/A | L34: =J34/26*K34 -> #N/A | M34: =VLOOKUP(C34,CC!$C$5:$AM$67,36,0) -> #N/A | N34: =VLOOKUP(C34,CC!$C$5:$BS$67,69,0) -> #N/A | O34: =VLOOKUP(C34,CC!$C$5:$BT$67,70,0) -> #N/A | P34: =VLOOKUP(C34,CC!$C$5:$AM$67,37,0) -> #N/A | Q34: =((J34/26)*K34)+(M34*(J34/26))+((N34/8)*1.5*(J34/26))+((O34/8)*2*J34/26)+(P34*3*(J34/26)) -> #N/A | R34: =VLOOKUP(C34,'Công tổng'!$C$53:$BY$67,66,0)-L34 -> #N/A | S34: =IF((F34-$S$3)>0,F34%*J34,0) -> 299600 | T34: =(100%-SUMIF('chuyên cần'!$C$6:$AP$31,'Bang luong'!C34,'chuyên cần'!$AP$7:$AP$31))*$T$3 -> 300000 | Y34: =Q34+R34+S34+T34+U34+V34+W34+X34 -> #N/A | Z34: ='ung luong'!#REF! -> #REF! | AA34: =AF34*$AA$2 -> 348285 | AB34: =Y34-Z34-AA34 -> #N/A | AC34: =ROUND(AB34,-3) -> #N/A | AF34: 3317000
A35: 26 | B35: NV70 | C35: Ngô Văn Thanh | D35: Công nhân | E35: 40596 | F35: =IF(E35=0,0,INT((NOW()-E35)/365)) -> 8 | G35: =$G$3 -> 3745000 | H35: D.09 | I35: 1 | J35: =SUMIFS(Sheet2!$C$1:$C$81,Sheet2!$A$1:$A$81,'Bang luong'!H35,Sheet2!$B$1:$B$81,'Bang luong'!I35)*1000 -> 3745000 | K35: =VLOOKUP(C35,CC!$C$5:$AJ$67,34,0) -> #N/A | L35: =J35/26*K35 -> #N/A | M35: =VLOOKUP(C35,CC!$C$5:$AM$67,36,0) -> #N/A | N35: =VLOOKUP(C35,CC!$C$5:$BS$67,69,0) -> #N/A | O35: =VLOOKUP(C35,CC!$C$5:$BT$67,70,0) -> #N/A | P35: =VLOOKUP(C35,CC!$C$5:$AM$67,37,0) -> #N/A | Q35: =((J35/26)*K35)+(M35*(J35/26))+((N35/8)*1.5*(J35/26))+((O35/8)*2*J35/26)+(P35*3*(J35/26)) -> #N/A | R35: =VLOOKUP(C35,'Công tổng'!$C$53:$BY$67,66,0)-L35 -> #N/A | S35: =IF((F35-$S$3)>0,F35%*J35,0) -> 299600 | T35: =(100%-SUMIF('chuyên cần'!$C$6:$AP$31,'Bang luong'!C35,'chuyên cần'!$AP$7:$AP$31))*$T$3 -> 300000 | Y35: =Q35+R35+S35+T35+U35+V35+W35+X35 -> #N/A | Z35: ='ung luong'!#REF! -> #REF! | AA35: =AF35*$AA$2 -> 348285 | AB35: =Y35-Z35-AA35 -> #N/A | AC35: =ROUND(AB35,-3) -> #N/A | AF35: 3317000
A36: 27 | B36: NV71 | C36: Triệu Quốc Minh | D36: Công nhân | E36: 41682 | F36: =IF(E36=0,0,INT((NOW()-E36)/365)) -> 5 | G36: =$G$3 -> 3745000 | H36: D.09 | I36: 1 | J36: =SUMIFS(Sheet2!$C$1:$C$81,Sheet2!$A$1:$A$81,'Bang luong'!H36,Sheet2!$B$1:$B$81,'Bang luong'!I36)*1000 -> 3745000 | K36: =VLOOKUP(C36,CC!$C$5:$AJ$67,34,0) -> #N/A | L36: =J36/26*K36 -> #N/A | M36: =VLOOKUP(C36,CC!$C$5:$AM$67,36,0) -> #N/A | N36: =VLOOKUP(C36,CC!$C$5:$BS$67,69,0) -> #N/A | O36: =VLOOKUP(C36,CC!$C$5:$BT$67,70,0) -> #N/A | P36: =VLOOKUP(C36,CC!$C$5:$AM$67,37,0) -> #N/A | Q36: =((J36/26)*K36)+(M36*(J36/26))+((N36/8)*1.5*(J36/26))+((O36/8)*2*J36/26)+(P36*3*(J36/26)) -> #N/A | R36: =VLOOKUP(C36,'Công tổng'!$C$53:$BY$67,66,0)-L36 -> #N/A | S36: =IF((F36-$S$3)>0,F36%*J36,0) -> 187250 | T36: =(100%-SUMIF('chuyên cần'!$C$6:$AP$31,'Bang luong'!C36,'chuyên cần'!$AP$7:$AP$31))*$T$3 -> 300000 | Y36: =Q36+R36+S36+T36+U36+V36+W36+X36 -> #N/A | Z36: ='ung luong'!#REF! -> #REF! | AA36: =AF36*$AA$2 -> 0 | AB36: =Y36-Z36-AA36 -> #N/A | AC36: =ROUND(AB36,-3) -> #N/A
A37: 28 | B37: NV72 | C37: Triệu Minh Tuấn | D37: Công nhân | E37: 41706 | F37: =IF(E37=0,0,INT((NOW()-E37)/365)) -> 5 | G37: =$G$3 -> 3745000 | H37: D.09 | I37: 1 | J37: =SUMIFS(Sheet2!$C$1:$C$81,Sheet2!$A$1:$A$81,'Bang luong'!H37,Sheet2!$B$1:$B$81,'Bang luong'!I37)*1000 -> 3745000 | K37: =VLOOKUP(C37,CC!$C$5:$AJ$67,34,0) -> 27 | L37: =J37/26*K37 -> 3889038.5 | M37: =VLOOKUP(C37,CC!$C$5:$AM$67,36,0) -> 0 | N37: =VLOOKUP(C37,CC!$C$5:$BS$67,69,0) -> 0 | O37: =VLOOKUP(C37,CC!$C$5:$BT$67,70,0) -> 0 | P37: =VLOOKUP(C37,CC!$C$5:$AM$67,37,0) -> 0 | Q37: =((J37/26)*K37)+(M37*(J37/26))+((N37/8)*1.5*(J37/26))+((O37/8)*2*J37/26)+(P37*3*(J37/26)) -> 3889038.5 | R37: =VLOOKUP(C37,'Công tổng'!$C$53:$BY$67,66,0)-L37 -> #N/A | S37: =IF((F37-$S$3)>0,F37%*J37,0) -> 187250 | T37: =(100%-SUMIF('chuyên cần'!$C$6:$AP$31,'Bang luong'!C37,'chuyên cần'!$AP$7:$AP$31))*$T$3 -> 300000 | Y37: =Q37+R37+S37+T37+U37+V37+W37+X37 -> #N/A | Z37: ='ung luong'!F125 -> 3000000 | AA37: =AF37*$AA$2 -> 0 | AB37: =Y37-Z37-AA37 -> #N/A | AC37: =ROUND(AB37,-3) -> #N/A
A38: 29 | B38: NV73 | C38: Nguyễn Văn Phụng | D38: Công nhân | E38: 41786 | F38: =IF(E38=0,0,INT((NOW()-E38)/365)) -> 5 | G38: =$G$3 -> 3745000 | H38: D.09 | I38: 1 | J38: =SUMIFS(Sheet2!$C$1:$C$81,Sheet2!$A$1:$A$81,'Bang luong'!H38,Sheet2!$B$1:$B$81,'Bang luong'!I38)*1000 -> 3745000 | K38: =VLOOKUP(C38,CC!$C$5:$AJ$67,34,0) -> 27 | L38: =J38/26*K38 -> 3889038.5 | M38: =VLOOKUP(C38,CC!$C$5:$AM$67,36,0) -> 0.5 | N38: =VLOOKUP(C38,CC!$C$5:$BS$67,69,0) -> 0 | O38: =VLOOKUP(C38,CC!$C$5:$BT$67,70,0) -> 0 | P38: =VLOOKUP(C38,CC!$C$5:$AM$67,37,0) -> 0 | Q38: =((J38/26)*K38)+(M38*(J38/26))+((N38/8)*1.5*(J38/26))+((O38/8)*2*J38/26)+(P38*3*(J38/26)) -> 3961057.7 | R38: =VLOOKUP(C38,'Công tổng'!$C$53:$BY$67,66,0)-L38 -> #N/A | S38: =IF((F38-$S$3)>0,F38%*J38,0) -> 187250 | T38: =(100%-SUMIF('chuyên cần'!$C$6:$AP$31,'Bang luong'!C38,'chuyên cần'!$AP$7:$AP$31))*$T$3 -> 300000 | Y38: =Q38+R38+S38+T38+U38+V38+W38+X38 -> #N/A | Z38: ='ung luong'!#REF! -> #REF! | AA38: =AF38*$AA$2 -> 0 | AB38: =Y38-Z38-AA38 -> #N/A | AC38: =ROUND(AB38,-3) -> #N/A
A39: 30 | B39: NV74 | C39: Nguyễn Văn Lâm | D39: Công nhân | E39: 41956 | F39: =IF(E39=0,0,INT((NOW()-E39)/365)) -> 4 | G39: =$G$3 -> 3745000 | H39: D.09 | I39: 1 | J39: =SUMIFS(Sheet2!$C$1:$C$81,Sheet2!$A$1:$A$81,'Bang luong'!H39,Sheet2!$B$1:$B$81,'Bang luong'!I39)*1000 -> 3745000 | K39: =VLOOKUP(C39,CC!$C$5:$AJ$67,34,0) -> #N/A | L39: =J39/26*K39 -> #N/A | M39: =VLOOKUP(C39,CC!$C$5:$AM$67,36,0) -> #N/A | N39: =VLOOKUP(C39,CC!$C$5:$BS$67,69,0) -> #N/A | O39: =VLOOKUP(C39,CC!$C$5:$BT$67,70,0) -> #N/A | P39: =VLOOKUP(C39,CC!$C$5:$AM$67,37,0) -> #N/A | Q39: =((J39/26)*K39)+(M39*(J39/26))+((N39/8)*1.5*(J39/26))+((O39/8)*2*J39/26)+(P39*3*(J39/26)) -> #N/A | R39: =VLOOKUP(C39,'Công tổng'!$C$53:$BY$67,66,0)-L39 -> #N/A | S39: =IF((F39-$S$3)>0,F39%*J39,0) -> 149800 | T39: =(100%-SUMIF('chuyên cần'!$C$6:$AP$31,'Bang luong'!C39,'chuyên cần'!$AP$7:$AP$31))*$T$3 -> 300000 | Y39: =Q39+R39+S39+T39+U39+V39+W39+X39 -> #N/A | Z39: ='ung luong'!#REF! -> #REF! | AA39: =AF39*$AA$2 -> 0 | AB39: =Y39-Z39-AA39 -> #N/A | AC39: =ROUND(AB39,-3) -> #N/A
A40: 31 | B40: NV75 | C40: Nguyễn Minh Tuấn | D40: Công nhân | E40: 41967 | F40: =IF(E40=0,0,INT((NOW()-E40)/365)) -> 4 | G40: =$G$3 -> 3745000 | H40: D.09 | I40: 1 | J40: =SUMIFS(Sheet2!$C$1:$C$81,Sheet2!$A$1:$A$81,'Bang luong'!H40,Sheet2!$B$1:$B$81,'Bang luong'!I40)*1000 -> 3745000 | K40: =VLOOKUP(C40,CC!$C$5:$AJ$67,34,0) -> 27 | L40: =J40/26*K40 -> 3889038.5 | M40: =VLOOKUP(C40,CC!$C$5:$AM$67,36,0) -> 0 | N40: =VLOOKUP(C40,CC!$C$5:$BS$67,69,0) -> 0 | O40: =VLOOKUP(C40,CC!$C$5:$BT$67,70,0) -> 0 | P40: =VLOOKUP(C40,CC!$C$5:$AM$67,37,0) -> 0 | Q40: =((J40/26)*K40)+(M40*(J40/26))+((N40/8)*1.5*(J40/26))+((O40/8)*2*J40/26)+(P40*3*(J40/26)) -> 3889038.5 | R40: =VLOOKUP(C40,'Công tổng'!$C$53:$BY$67,66,0)-L40 -> -3889038.5 | S40: =IF((F40-$S$3)>0,F40%*J40,0) -> 149800 | T40: =(100%-SUMIF('chuyên cần'!$C$6:$AP$31,'Bang luong'!C40,'chuyên cần'!$AP$7:$AP$31))*$T$3 -> 300000 | Y40: =Q40+R40+S40+T40+U40+V40+W40+X40 -> 449800 | Z40: ='ung luong'!F91 -> 3000000 | AA40: =AF40*$AA$2 -> 0 | AB40: =Y40-Z40-AA40 -> -2550200 | AC40: =ROUND(AB40,-3) -> -2550000
A41: 32 | B41: NV77 | C41: Nguyễn Thanh Lâm | D41: Công nhân | E41: 42065 | F41: =IF(E41=0,0,INT((NOW()-E41)/365)) -> 4 | G41: =$G$3 -> 3745000 | H41: D.09 | I41: 1 | J41: =SUMIFS(Sheet2!$C$1:$C$81,Sheet2!$A$1:$A$81,'Bang luong'!H41,Sheet2!$B$1:$B$81,'Bang luong'!I41)*1000 -> 3745000 | K41: =VLOOKUP(C41,CC!$C$5:$AJ$67,34,0) -> #N/A | L41: =J41/26*K41 -> #N/A | M41: =VLOOKUP(C41,CC!$C$5:$AM$67,36,0) -> #N/A | N41: =VLOOKUP(C41,CC!$C$5:$BS$67,69,0) -> #N/A | O41: =VLOOKUP(C41,CC!$C$5:$BT$67,70,0) -> #N/A | P41: =VLOOKUP(C41,CC!$C$5:$AM$67,37,0) -> #N/A | Q41: =((J41/26)*K41)+(M41*(J41/26))+((N41/8)*1.5*(J41/26))+((O41/8)*2*J41/26)+(P41*3*(J41/26)) -> #N/A | R41: =VLOOKUP(C41,'Công tổng'!$C$53:$BY$67,66,0)-L41 -> #N/A | S41: =IF((F41-$S$3)>0,F41%*J41,0) -> 149800 | T41: =(100%-SUMIF('chuyên cần'!$C$6:$AP$31,'Bang luong'!C41,'chuyên cần'!$AP$7:$AP$31))*$T$3 -> 300000 | Y41: =Q41+R41+S41+T41+U41+V41+W41+X41 -> #N/A | Z41: ='ung luong'!F74 -> 4000000 | AA41: =AF41*$AA$2 -> 0 | AB41: =Y41-Z41-AA41 -> #N/A | AC41: =ROUND(AB41,-3) -> #N/A
A42: 33 | B42: NV78 | C42: Triệu Bô Na | D42: Công nhân | E42: 42066 | F42: =IF(E42=0,0,INT((NOW()-E42)/365)) -> 4 | G42: =$G$3 -> 3745000 | H42: D.09 | I42: 1 | J42: =SUMIFS(Sheet2!$C$1:$C$81,Sheet2!$A$1:$A$81,'Bang luong'!H42,Sheet2!$B$1:$B$81,'Bang luong'!I42)*1000 -> 3745000 | K42: =VLOOKUP(C42,CC!$C$5:$AJ$67,34,0) -> 27 | L42: =J42/26*K42 -> 3889038.5 | M42: =VLOOKUP(C42,CC!$C$5:$AM$67,36,0) -> 0 | N42: =VLOOKUP(C42,CC!$C$5:$BS$67,69,0) -> 0 | O42: =VLOOKUP(C42,CC!$C$5:$BT$67,70,0) -> 0 | P42: =VLOOKUP(C42,CC!$C$5:$AM$67,37,0) -> 0 | Q42: =((J42/26)*K42)+(M42*(J42/26))+((N42/8)*1.5*(J42/26))+((O42/8)*2*J42/26)+(P42*3*(J42/26)) -> 3889038.5 | R42: =VLOOKUP(C42,'Công tổng'!$C$53:$BY$67,66,0)-L42 -> -3889038.5 | S42: =IF((F42-$S$3)>0,F42%*J42,0) -> 149800 | T42: =(100%-SUMIF('chuyên cần'!$C$6:$AP$31,'Bang luong'!C42,'chuyên cần'!$AP$7:$AP$31))*$T$3 -> 300000 | Y42: =Q42+R42+S42+T42+U42+V42+W42+X42 -> 449800 | Z42: ='ung luong'!#REF! -> #REF! | AA42: =AF42*$AA$2 -> 0 | AB42: =Y42-Z42-AA42 -> #REF! | AC42: =ROUND(AB42,-3) -> #REF!
A43: 34 | B43: NV79 | C43: Trần Văn Thứ | D43: Công nhân | E43: 42066 | F43: =IF(E43=0,0,INT((NOW()-E43)/365)) -> 4 | G43: =$G$3 -> 3745000 | H43: D.09 | I43: 1 | J43: =SUMIFS(Sheet2!$C$1:$C$81,Sheet2!$A$1:$A$81,'Bang luong'!H43,Sheet2!$B$1:$B$81,'Bang luong'!I43)*1000 -> 3745000 | K43: =VLOOKUP(C43,CC!$C$5:$AJ$67,34,0) -> 27 | L43: =J43/26*K43 -> 3889038.5 | M43: =VLOOKUP(C43,CC!$C$5:$AM$67,36,0) -> 0 | N43: =VLOOKUP(C43,CC!$C$5:$BS$67,69,0) -> 0 | O43: =VLOOKUP(C43,CC!$C$5:$BT$67,70,0) -> 0 | P43: =VLOOKUP(C43,CC!$C$5:$AM$67,37,0) -> 0 | Q43: =((J43/26)*K43)+(M43*(J43/26))+((N43/8)*1.5*(J43/26))+((O43/8)*2*J43/26)+(P43*3*(J43/26)) -> 3889038.5 | R43: =VLOOKUP(C43,'Công tổng'!$C$53:$BY$67,66,0)-L43 -> #N/A | S43: =IF((F43-$S$3)>0,F43%*J43,0) -> 149800 | T43: =(100%-SUMIF('chuyên cần'!$C$6:$AP$31,'Bang luong'!C43,'chuyên cần'!$AP$7:$AP$31))*$T$3 -> 300000 | Y43: =Q43+R43+S43+T43+U43+V43+W43+X43 -> #N/A | Z43: ='ung luong'!F95 -> 4000000 | AA43: =AF43*$AA$2 -> 0 | AB43: =Y43-Z43-AA43 -> #N/A | AC43: =ROUND(AB43,-3) -> #N/A
A44: 35 | B44: NV80 | C44: Quách Văn Chánh | D44: Công nhân | E44: 42078 | F44: =IF(E44=0,0,INT((NOW()-E44)/365)) -> 4 | G44: =$G$3 -> 3745000 | H44: D.09 | I44: 1 | J44: =SUMIFS(Sheet2!$C$1:$C$81,Sheet2!$A$1:$A$81,'Bang luong'!H44,Sheet2!$B$1:$B$81,'Bang luong'!I44)*1000 -> 3745000 | K44: =VLOOKUP(C44,CC!$C$5:$AJ$67,34,0) -> 27 | L44: =J44/26*K44 -> 3889038.5 | M44: =VLOOKUP(C44,CC!$C$5:$AM$67,36,0) -> 0 | N44: =VLOOKUP(C44,CC!$C$5:$BS$67,69,0) -> 0 | O44: =VLOOKUP(C44,CC!$C$5:$BT$67,70,0) -> 0 | P44: =VLOOKUP(C44,CC!$C$5:$AM$67,37,0) -> 0 | Q44: =((J44/26)*K44)+(M44*(J44/26))+((N44/8)*1.5*(J44/26))+((O44/8)*2*J44/26)+(P44*3*(J44/26)) -> 3889038.5 | R44: =VLOOKUP(C44,'Công tổng'!$C$53:$BY$67,66,0)-L44 -> #N/A | S44: =IF((F44-$S$3)>0,F44%*J44,0) -> 149800 | T44: =(100%-SUMIF('chuyên cần'!$C$6:$AP$31,'Bang luong'!C44,'chuyên cần'!$AP$7:$AP$31))*$T$3 -> 300000 | Y44: =Q44+R44+S44+T44+U44+V44+W44+X44 -> #N/A | Z44: ='ung luong'!F109 -> 4000000 | AA44: =AF44*$AA$2 -> 0 | AB44: =Y44-Z44-AA44 -> #N/A | AC44: =ROUND(AB44,-3) -> #N/A
A45: 36 | B45: NV81 | C45: Nguyễn Tấn Kiệt | D45: Công nhân | E45: 40869 | F45: =IF(E45=0,0,INT((NOW()-E45)/365)) -> 7 | G45: =$G$3 -> 3745000 | H45: D.09 | I45: 1 | J45: =SUMIFS(Sheet2!$C$1:$C$81,Sheet2!$A$1:$A$81,'Bang luong'!H45,Sheet2!$B$1:$B$81,'Bang luong'!I45)*1000 -> 3745000 | K45: =VLOOKUP(C45,CC!$C$5:$AJ$67,34,0) -> 27 | L45: =J45/26*K45 -> 3889038.5 | M45: =VLOOKUP(C45,CC!$C$5:$AM$67,36,0) -> 0 | N45: =VLOOKUP(C45,CC!$C$5:$BS$67,69,0) -> 0 | O45: =VLOOKUP(C45,CC!$C$5:$BT$67,70,0) -> 0 | P45: =VLOOKUP(C45,CC!$C$5:$AM$67,37,0) -> 0 | Q45: =((J45/26)*K45)+(M45*(J45/26))+((N45/8)*1.5*(J45/26))+((O45/8)*2*J45/26)+(P45*3*(J45/26)) -> 3889038.5 | R45: =VLOOKUP(C45,'Công tổng'!$C$53:$BY$67,66,0)-L45 -> #N/A | S45: =IF((F45-$S$3)>0,F45%*J45,0) -> 262150 | T45: =(100%-SUMIF('chuyên cần'!$C$6:$AP$31,'Bang luong'!C45,'chuyên cần'!$AP$7:$AP$31))*$T$3 -> 300000 | Y45: =Q45+R45+S45+T45+U45+V45+W45+X45 -> #N/A | Z45: ='ung luong'!#REF! -> #REF! | AA45: =AF45*$AA$2 -> 348285 | AB45: =Y45-Z45-AA45 -> #N/A | AC45: =ROUND(AB45,-3) -> #N/A | AF45: 3317000
A46: 37 | B46: NV82 | C46: Lê Tấn Hùng | D46: Công nhân | E46: 42201 | F46: =IF(E46=0,0,INT((NOW()-E46)/365)) -> 4 | G46: =$G$3 -> 3745000 | H46: D.09 | I46: 1 | J46: =SUMIFS(Sheet2!$C$1:$C$81,Sheet2!$A$1:$A$81,'Bang luong'!H46,Sheet2!$B$1:$B$81,'Bang luong'!I46)*1000 -> 3745000 | K46: =VLOOKUP(C46,CC!$C$5:$AJ$67,34,0) -> #N/A | L46: =J46/26*K46 -> #N/A | M46: =VLOOKUP(C46,CC!$C$5:$AM$67,36,0) -> #N/A | N46: =VLOOKUP(C46,CC!$C$5:$BS$67,69,0) -> #N/A | O46: =VLOOKUP(C46,CC!$C$5:$BT$67,70,0) -> #N/A | P46: =VLOOKUP(C46,CC!$C$5:$AM$67,37,0) -> #N/A | Q46: =((J46/26)*K46)+(M46*(J46/26))+((N46/8)*1.5*(J46/26))+((O46/8)*2*J46/26)+(P46*3*(J46/26)) -> #N/A | R46: =VLOOKUP(C46,'Công tổng'!$C$53:$BY$67,66,0)-L46 -> #N/A | S46: =IF((F46-$S$3)>0,F46%*J46,0) -> 149800 | T46: =(100%-SUMIF('chuyên cần'!$C$6:$AP$31,'Bang luong'!C46,'chuyên cần'!$AP$7:$AP$31))*$T$3 -> 300000 | Y46: =Q46+R46+S46+T46+U46+V46+W46+X46 -> #N/A | Z46: ='ung luong'!F94 -> 2000000 | AA46: =AF46*$AA$2 -> 0 | AB46: =Y46-Z46-AA46 -> #N/A | AC46: =ROUND(AB46,-3) -> #N/A
A47: 38 | B47: NV83 | C47: Nguyễn Văn Hoàng | D47: Công nhân | E47: 41232 | F47: =IF(E47=0,0,INT((NOW()-E47)/365)) -> 6 | G47: =$G$3 -> 3745000 | H47: D.09 | I47: 1 | J47: =SUMIFS(Sheet2!$C$1:$C$81,Sheet2!$A$1:$A$81,'Bang luong'!H47,Sheet2!$B$1:$B$81,'Bang luong'!I47)*1000 -> 3745000 | K47: =VLOOKUP(C47,CC!$C$5:$AJ$67,34,0) -> #N/A | L47: =J47/26*K47 -> #N/A | M47: =VLOOKUP(C47,CC!$C$5:$AM$67,36,0) -> #N/A | N47: =VLOOKUP(C47,CC!$C$5:$BS$67,69,0) -> #N/A | O47: =VLOOKUP(C47,CC!$C$5:$BT$67,70,0) -> #N/A | P47: =VLOOKUP(C47,CC!$C$5:$AM$67,37,0) -> #N/A | Q47: =((J47/26)*K47)+(M47*(J47/26))+((N47/8)*1.5*(J47/26))+((O47/8)*2*J47/26)+(P47*3*(J47/26)) -> #N/A | R47: =VLOOKUP(C47,'Công tổng'!$C$53:$BY$67,66,0)-L47 -> #N/A | S47: =IF((F47-$S$3)>0,F47%*J47,0) -> 224700 | T47: =(100%-SUMIF('chuyên cần'!$C$6:$AP$31,'Bang luong'!C47,'chuyên cần'!$AP$7:$AP$31))*$T$3 -> 300000 | Y47: =Q47+R47+S47+T47+U47+V47+W47+X47 -> #N/A | Z47: ='ung luong'!#REF! -> #REF! | AA47: =AF47*$AA$2 -> 348285 | AB47: =Y47-Z47-AA47 -> #N/A | AC47: =ROUND(AB47,-3) -> #N/A | AF47: 3317000
A48: 39 | B48: NV87 | C48: Danh Út | D48: Công nhân | E48: 42301 | F48: =IF(E48=0,0,INT((NOW()-E48)/365)) -> 3 | G48: =$G$3 -> 3745000 | H48: D.09 | I48: 1 | J48: =SUMIFS(Sheet2!$C$1:$C$81,Sheet2!$A$1:$A$81,'Bang luong'!H48,Sheet2!$B$1:$B$81,'Bang luong'!I48)*1000 -> 3745000 | K48: =VLOOKUP(C48,CC!$C$5:$AJ$67,34,0) -> #N/A | L48: =J48/26*K48 -> #N/A | M48: =VLOOKUP(C48,CC!$C$5:$AM$67,36,0) -> #N/A | N48: =VLOOKUP(C48,CC!$C$5:$BS$67,69,0) -> #N/A | O48: =VLOOKUP(C48,CC!$C$5:$BT$67,70,0) -> #N/A | P48: =VLOOKUP(C48,CC!$C$5:$AM$67,37,0) -> #N/A | Q48: =((J48/26)*K48)+(M48*(J48/26))+((N48/8)*1.5*(J48/26))+((O48/8)*2*J48/26)+(P48*3*(J48/26)) -> #N/A | R48: =VLOOKUP(C48,'Công tổng'!$C$53:$BY$67,66,0)-L48 -> #N/A | S48: =IF((F48-$S$3)>0,F48%*J48,0) -> 112350 | T48: =(100%-SUMIF('chuyên cần'!$C$6:$AP$31,'Bang luong'!C48,'chuyên cần'!$AP$7:$AP$31))*$T$3 -> 300000 | Y48: =Q48+R48+S48+T48+U48+V48+W48+X48 -> #N/A | Z48: ='ung luong'!#REF! -> #REF! | AA48: =AF48*$AA$2 -> 0 | AB48: =Y48-Z48-AA48 -> #N/A | AC48: =ROUND(AB48,-3) -> #N/A
A49: 40 | B49: NV88 | C49: Danh Dên | D49: Công nhân | E49: 42301 | F49: =IF(E49=0,0,INT((NOW()-E49)/365)) -> 3 | G49: =$G$3 -> 3745000 | H49: D.09 | I49: 1 | J49: =SUMIFS(Sheet2!$C$1:$C$81,Sheet2!$A$1:$A$81,'Bang luong'!H49,Sheet2!$B$1:$B$81,'Bang luong'!I49)*1000 -> 3745000 | K49: =VLOOKUP(C49,CC!$C$5:$AJ$67,34,0) -> #N/A | L49: =J49/26*K49 -> #N/A | M49: =VLOOKUP(C49,CC!$C$5:$AM$67,36,0) -> #N/A | N49: =VLOOKUP(C49,CC!$C$5:$BS$67,69,0) -> #N/A | O49: =VLOOKUP(C49,CC!$C$5:$BT$67,70,0) -> #N/A | P49: =VLOOKUP(C49,CC!$C$5:$AM$67,37,0) -> #N/A | Q49: =((J49/26)*K49)+(M49*(J49/26))+((N49/8)*1.5*(J49/26))+((O49/8)*2*J49/26)+(P49*3*(J49/26)) -> #N/A | R49: =VLOOKUP(C49,'Công tổng'!$C$53:$BY$67,66,0)-L49 -> #N/A | S49: =IF((F49-$S$3)>0,F49%*J49,0) -> 112350 | T49: =(100%-SUMIF('chuyên cần'!$C$6:$AP$31,'Bang luong'!C49,'chuyên cần'!$AP$7:$AP$31))*$T$3 -> 300000 | Y49: =Q49+R49+S49+T49+U49+V49+W49+X49 -> #N/A | Z49: ='ung luong'!#REF! -> #REF! | AA49: =AF49*$AA$2 -> 0 | AB49: =Y49-Z49-AA49 -> #N/A | AC49: =ROUND(AB49,-3) -> #N/A
A50: 87 | B50: NV89 | Y50: =Q50+R50+S50+T50+U50+V50+W50+X50 -> 0 | Z50: ='ung luong'!F134 -> 328500000 | AA50: =AF50*$AA$2 -> 0
A51: 88 | B51: NV90 | Y51: =Q51+R51+S51+T51+U51+V51+W51+X51 -> 0 | Z51: ='ung luong'!#REF! -> #REF! | AA51: =AF51*$AA$2 -> 0
C52: CỘNG | Y52: =Y33+Y17+Y13+Y10+Y5 -> #N/A | Z52: =Z33+Z17+Z13+Z10+Z5 -> #REF! | AA52: =AA33+AA17+AA13+AA10+AA5 -> 6444195 | AB52: =AB33+AB17+AB13+AB10+AB5 -> #N/A | AC52: =AC33+AC17+AC13+AC10+AC5 -> #N/A
C53: Tổng Giám Đốc | Q53: Giám Đốc nhà Máy | X53: Người lập bảng lương
C58: NGUYỄN VĂN THẢO | Q58: NGUYỄN VĂN THẢO | X58: NGÔ THỊ PHAN HIỀN

Sheet he so
C1: SỐ THÁNG | D1: HỆ SỐ
C2: 0 | D2: 0 | E2: 0.01 | F2: 3 năm đầu ko tăng, bắt đầu năm thứ 4 sẽ có thâm niên 3%, thêm 1 năm tăng 1%
C3: 1 | D3: 0
C4: 2 | D4: 0
C5: 3 | D5: 0
C6: 4 | D6: 0
C7: 5 | D7: 0
C8: 6 | D8: 0
C9: 7 | D9: 0
C10: 8 | D10: 0
C11: 9 | D11: 0
C12: 10 | D12: 0
C13: 11 | D13: 0
C14: 12 | D14: 0
B15: =+C15 -> 13 | C15: 13 | D15: 0
C16: 14 | D16: 0
C17: 15 | D17: 0
C18: 16 | D18: 0
C19: 17 | D19: 0
C20: 18 | D20: 0
C21: 19 | D21: 0
C22: 20 | D22: 0
C23: 21 | D23: 0
C24: 22 | D24: 0
C25: 23 | D25: 0
C26: 24 | D26: 0
B27: =B15+12 -> 25 | C27: 25 | D27: 0
C28: 26 | D28: 0
C29: 27 | D29: 0
C30: 28 | D30: 0
C31: 29 | D31: 0
C32: 30 | D32: 0
C33: 31 | D33: 0
C34: 32 | D34: 0
C35: 33 | D35: 0
C36: 34 | D36: 0
C37: 35 | D37: 0
C38: 36 | D38: 0
B39: =B27+12 -> 37 | C39: 37 | D39: 0.03
C40: 38 | D40: =$D$39 -> 0.03
C41: 39 | D41: =$D$39 -> 0.03
C42: 40 | D42: =$D$39 -> 0.03
C43: 41 | D43: =$D$39 -> 0.03
C44: 42 | D44: =$D$39 -> 0.03
C45: 43 | D45: =$D$39 -> 0.03
C46: 44 | D46: =$D$39 -> 0.03
C47: 45 | D47: =$D$39 -> 0.03
C48: 46 | D48: =$D$39 -> 0.03
C49: 47 | D49: =$D$39 -> 0.03
C50: 48 | D50: =$D$39 -> 0.03
B51: =B39+12 -> 49 | C51: 49 | D51: =D39+$E$2 -> 0.04
C52: 50 | D52: =$D$51 -> 0.04
C53: 51 | D53: =$D$51 -> 0.04
C54: 52 | D54: =$D$51 -> 0.04
C55: 53 | D55: =$D$51 -> 0.04
C56: 54 | D56: =$D$51 -> 0.04
C57: 55 | D57: =$D$51 -> 0.04
C58: 56 | D58: =$D$51 -> 0.04
C59: 57 | D59: =$D$51 -> 0.04
C60: 58 | D60: =$D$51 -> 0.04
C61: 59 | D61: =$D$51 -> 0.04
C62: 60 | D62: =$D$51 -> 0.04
B63: =B51+12 -> 61 | C63: 61 | D63: =D51+$E$2 -> 0.05
C64: 62 | D64: =$D$63 -> 0.05
C65: 63 | D65: =$D$63 -> 0.05
C66: 64 | D66: =$D$63 -> 0.05
C67: 65 | D67: =$D$63 -> 0.05
C68: 66 | D68: =$D$63 -> 0.05
C69: 67 | D69: =$D$63 -> 0.05
C70: 68 | D70: =$D$63 -> 0.05
C71: 69 | D71: =$D$63 -> 0.05
C72: 70 | D72: =$D$63 -> 0.05
C73: 71 | D73: =$D$63 -> 0.05
C74: 72 | D74: =$D$63 -> 0.05
B75: =B63+12 -> 73 | C75: 73 | D75: =D63+$E$2 -> 0.06
C76: 74 | D76: =$D$75 -> 0.06
C77: 75 | D77: =$D$75 -> 0.06
C78: 76 | D78: =$D$75 -> 0.06
C79: 77 | D79: =$D$75 -> 0.06
C80: 78 | D80: =$D$75 -> 0.06
C81: 79 | D81: =$D$75 -> 0.06
C82: 80 | D82: =$D$75 -> 0.06
C83: 81 | D83: =$D$75 -> 0.06
C84: 82 | D84: =$D$75 -> 0.06
C85: 83 | D85: =$D$75 -> 0.06
C86: 84 | D86: =$D$75 -> 0.06
B87: =B75+12 -> 85 | C87: 85 | D87: =D75+$E$2 -> 0.07
C88: 86 | D88: =$D$87 -> 0.07
C89: 87 | D89: =$D$87 -> 0.07
C90: 88 | D90: =$D$87 -> 0.07
C91: 89 | D91: =$D$87 -> 0.07
C92: 90 | D92: =$D$87 -> 0.07
C93: 91 | D93: =$D$87 -> 0.07
C94: 92 | D94: =$D$87 -> 0.07
C95: 93 | D95: =$D$87 -> 0.07
C96: 94 | D96: =$D$87 -> 0.07
C97: 95 | D97: =$D$87 -> 0.07
C98: 96 | D98: =$D$87 -> 0.07
B99: =B87+12 -> 97 | C99: 97 | D99: =D87+$E$2 -> 0.08
C100: 98 | D100: =$D$99 -> 0.08
...

Sheet the luong
A2: THẺ LƯƠNG | B2: ='BANG LUONG 1'!$P$2 -> 43702
A3: Mã Nhân viên | B3: NV43 | C3: 1
A4: Họ và Tên | B4: =VLOOKUP($B3,'BANG LUONG 1'!$B$5:$AB$53,C4,0) -> Triệu Minh Tuấn | C4: 2
A5: Chức vụ | B5: =VLOOKUP($B3,'BANG LUONG 1'!$B$5:$AJ$53,C5,0) -> Công nhân | C5: 3
A6: Ngày vào làm việc | B6: =VLOOKUP($B3,'BANG LUONG 1'!$B$4:$AJ$55,4,0) -> 41706 | C6: 4
A7: % thâm niên | B7: =VLOOKUP(B3,'BANG LUONG 1'!$B$4:$AJ$55,6,0) -> 0.05 | C7: 5
A8: Lương tối thiểu | B8: ='thang luong moi'!$F$5 -> 4012500 | C8: 6
A9: Ngạch lương | B9: =VLOOKUP(B3,'BANG LUONG 1'!$B$4:$AJ$55,8,0) -> B.05 | C9: 7
A10: hệ số lương | B10: =VLOOKUP(B3,'BANG LUONG 1'!$B$4:$AJ$55,9,0) -> 1 | C10: 8
A11: lương CB hệ số | B11: =VLOOKUP(B3,'BANG LUONG 1'!$B$4:$AJ$55,11,0) -> 4213125 | C11: 9
A12: Ngày công lv | B12: =VLOOKUP(B3,'BANG LUONG 1'!$B$4:$AJ$55,12,0) -> 27 | C12: 10
A13: Lương Định mức | B13: =VLOOKUP(B3,'BANG LUONG 1'!$B$4:$AJ$55,13,0) -> 4375168.3 | C13: 11
A14: Ngày phép năm | B14: =VLOOKUP(B3,'BANG LUONG 1'!$B$4:$AJ$55,14,0) -> 0 | C14: 12 | D14: =B11/26*B14 -> 0
A15: Giờ tăng ca | B15: =VLOOKUP(B3,'BANG LUONG 1'!$B$4:$AJ$55,15,0) -> 0 | C15: 13 | D15: =B11/26/8*1.5*B15 -> 0
A16: Giờ làm việc CN | B16: =VLOOKUP(B3,'BANG LUONG 1'!$B$4:$AJ$55,16,0) -> 0 | C16: 14 | D16: =B11/26/8*2*B16 -> 0
A17: Ngày nghỉ lễ tết | B17: =VLOOKUP(B3,'BANG LUONG 1'!$B$4:$AJ$55,17,0) -> 0 | D17: =(B11/26)*B17 -> 0
A18: Ngày LV lễ tết | B18: =VLOOKUP(B3,'BANG LUONG 1'!$B$4:$AJ$55,18,0) -> 0 | C18: 15 | D18: =(B11/26*B18)*3 -> 0
A19: Thành tiền lương CB | B19: =VLOOKUP(B3,'BANG LUONG 1'!$B$4:$AJ$55,19,0) -> 4375168.3 | C19: 16 | D19: =B13+D15+D16+D14+D18+D17 -> 4375168.3
A20: lương vượt định mức | B20: =VLOOKUP(B3,'BANG LUONG 1'!$B$4:$AJ$55,20,0) -> -4375168.3 | C20: 17
A21: Phụ Cấp thâm niên | B21: =VLOOKUP(B3,'BANG LUONG 1'!$B$4:$AJ$55,22,0) -> 210656.25 | C21: 18
A22: Phụ cấp chuyên cần | B22: =VLOOKUP(B3,'BANG LUONG 1'!$B$4:$AJ$55,23,0) -> 300000 | C22: 19
A23: Phụ Cấp | B23: =VLOOKUP(B3,'BANG LUONG 1'!$B$4:$AJ$55,24,0) -> 0 | C23: 22
A24: Tổng thu nhập | B24: =VLOOKUP(B3,'BANG LUONG 1'!$B$4:$AJ$55,26,0) -> 510656.25 | C24: 24
A25: Trừ tạm ứng | B25: =VLOOKUP(B3,'BANG LUONG 1'!$B$4:$AJ$55,27,0) -> 3000000 | C25: 25
A26: Trừ BHXH | B26: =VLOOKUP(B3,'BANG LUONG 1'!$B$4:$AJ$55,28,0) -> 480585 | C26: 26
A27: Tiền cơm (KD ) | B27: =VLOOKUP(B3,'BANG LUONG 1'!$B$4:$AJ$55,32,0) -> 0
A28: Tiền cơm (SX) | B28: =VLOOKUP(B3,'BANG LUONG 1'!$B$4:$AJ$55,33,0) -> 0
A29: Cộng tiền trừ nhầm tháng trước | B29: =VLOOKUP(B3,'BANG LUONG 1'!$B$4:$AJ$55,34,0) -> 0 | E29: =B4 -> Triệu Minh Tuấn
A30: Thực lãnh | B30: =VLOOKUP(B3,'BANG LUONG 1'!$B$4:$AJ$55,35,0) -> -2970000
A31: THẺ LƯƠNG | B31: ='BANG LUONG 1'!$P$2 -> 43702
A32: Mã Nhân viên | B32: NV44 | C32: 1
A33: Họ và Tên | B33: =VLOOKUP($B32,'BANG LUONG 1'!$B$5:$AB$50,C33,0) -> Kim Em | C33: 2
A34: Chức vụ | B34: =VLOOKUP($B32,'BANG LUONG 1'!$B$5:$AJ$50,C34,0) -> Công nhân | C34: 3
A35: Ngày vào làm việc | B35: =VLOOKUP($B32,'BANG LUONG 1'!$B$4:$AJ$55,4,0) -> 42413 | C35: 4
A36: % thâm niên | B36: =VLOOKUP(B32,'BANG LUONG 1'!$B$4:$AJ$55,6,0) -> 0.03 | C36: 5
A37: Lương tối thiểu | B37: ='thang luong moi'!$F$5 -> 4012500 | C37: 6
A38: Ngạch lương | B38: =VLOOKUP(B32,'BANG LUONG 1'!$B$4:$AJ$55,8,0) -> B.05 | C38: 7
A39: hệ số lương | B39: =VLOOKUP(B32,'BANG LUONG 1'!$B$4:$AJ$55,9,0) -> 1 | C39: 8
A40: lương CB hệ số | B40: =VLOOKUP(B32,'BANG LUONG 1'!$B$4:$AJ$55,11,0) -> 4213125 | C40: 9
A41: Ngày công lv | B41: =VLOOKUP(B32,'BANG LUONG 1'!$B$4:$AJ$55,12,0) -> 27 | C41: 10
A42: Lương Định mức | B42: =VLOOKUP(B32,'BANG LUONG 1'!$B$4:$AJ$55,13,0) -> 4375168.3 | C42: 11
A43: Ngày phép năm | B43: =VLOOKUP(B32,'BANG LUONG 1'!$B$4:$AJ$55,14,0) -> 0 | C43: 12 | D43: =B40/26*B43 -> 0
A44: Giờ tăng ca | B44: =VLOOKUP(B32,'BANG LUONG 1'!$B$4:$AJ$55,15,0) -> 0 | C44: 13 | D44: =B40/26/8*1.5*B44 -> 0
A45: Giờ làm việc CN | B45: =VLOOKUP(B32,'BANG LUONG 1'!$B$4:$AJ$55,16,0) -> 0 | C45: 14 | D45: =B40/26/8*2*B45 -> 0
A46: Ngày nghỉ lễ tết | B46: =VLOOKUP(B32,'BANG LUONG 1'!$B$4:$AJ$55,17,0) -> 0 | D46: =(B40/26)*B46 -> 0
A47: Ngày LV lễ tết | B47: =VLOOKUP(B32,'BANG LUONG 1'!$B$4:$AJ$55,18,0) -> 0 | C47: 15 | D47: =(B40/26*B47)*3 -> 0
A48: Thành tiền lương CB | B48: =VLOOKUP(B32,'BANG LUONG 1'!$B$4:$AJ$55,19,0) -> 4375168.3 | C48: 16 | D48: =B42+D44+D45+D43+D47+D46 -> 4375168.3
A49: lương vượt định mức | B49: =VLOOKUP(B32,'BANG LUONG 1'!$B$4:$AJ$55,20,0) -> -4375168.3 | C49: 17
A50: Phụ Cấp thâm niên | B50: =VLOOKUP(B32,'BANG LUONG 1'!$B$4:$AJ$55,22,0) -> 126393.75 | C50: 18
A51: Phụ cấp chuyên cần | B51: =VLOOKUP(B32,'BANG LUONG 1'!$B$4:$AJ$55,23,0) -> 300000 | C51: 19
A52: Phụ Cấp | B52: =VLOOKUP(B32,'BANG LUONG 1'!$B$4:$AJ$55,24,0) -> 0 | C52: 22
A53: Tổng thu nhập | B53: =VLOOKUP(B32,'BANG LUONG 1'!$B$4:$AJ$55,26,0) -> 426393.75 | C53: 24
A54: Trừ tạm ứng | B54: =VLOOKUP(B32,'BANG LUONG 1'!$B$4:$AJ$55,27,0) -> 3000000 | C54: 25
A55: Trừ BHXH | B55: =VLOOKUP(B32,'BANG LUONG 1'!$B$4:$AJ$55,28,0) -> 480585 | C55: 26
A56: Tiền cơm (KD ) | B56: =VLOOKUP(B32,'BANG LUONG 1'!$B$4:$AJ$55,32,0) -> 0
A57: Tiền cơm (SX) | B57: =VLOOKUP(B32,'BANG LUONG 1'!$B$4:$AJ$55,33,0) -> 0
A58: Thưởng Lễ | B58: =VLOOKUP(B32,'BANG LUONG 1'!$B$4:$AJ$55,30,0) -> 0 | E58: =B33 -> Kim Em
A59: Thực lãnh | B59: =VLOOKUP(B32,'BANG LUONG 1'!$B$4:$AJ$55,35,0) -> -3054000
A60: THẺ LƯƠNG | B60: ='BANG LUONG 1'!$P$2 -> 43702
A61: Mã Nhân viên | B61: NV45 | C61: 1
A62: Họ và Tên | B62: =VLOOKUP($B61,'BANG LUONG 1'!$B$5:$AB$50,C62,0) -> Đặng Hải Bằng | C62: 2
A63: Chức vụ | B63: =VLOOKUP($B61,'BANG LUONG 1'!$B$5:$AJ$50,C63,0) -> Công nhân | C63: 3
A64: Ngày vào làm việc | B64: =VLOOKUP($B61,'BANG LUONG 1'!$B$4:$AJ$55,4,0) -> 43523 | C64: 4
A65: % thâm niên | B65: =VLOOKUP(B61,'BANG LUONG 1'!$B$4:$AJ$55,6,0) -> 0 | C65: 5
A66: Lương tối thiểu | B66: ='thang luong moi'!$F$5 -> 4012500 | C66: 6
A67: Ngạch lương | B67: =VLOOKUP(B61,'BANG LUONG 1'!$B$4:$AJ$55,8,0) -> B.05 | C67: 7
A68: hệ số lương | B68: =VLOOKUP(B61,'BANG LUONG 1'!$B$4:$AJ$55,9,0) -> 1 | C68: 8
A69: lương CB hệ số | B69: =VLOOKUP(B61,'BANG LUONG 1'!$B$4:$AJ$55,11,0) -> 4213125 | C69: 9
A70: Ngày công lv | B70: =VLOOKUP(B61,'BANG LUONG 1'!$B$4:$AJ$55,12,0) -> 27 | C70: 10
A71: Lương Định mức | B71: =VLOOKUP(B61,'BANG LUONG 1'!$B$4:$AJ$55,13,0) -> 4375168.3 | C71: 11
A72: Ngày phép năm | B72: =VLOOKUP(B61,'BANG LUONG 1'!$B$4:$AJ$55,14,0) -> 0 | C72: 12 | D72: =B69/26*B72 -> 0
A73: Giờ tăng ca | B73: =VLOOKUP(B61,'BANG LUONG 1'!$B$4:$AJ$55,15,0) -> 0 | C73: 13 | D73: =B69/26/8*1.5*B73 -> 0
A74: Giờ làm việc CN | B74: =VLOOKUP(B61,'BANG LUONG 1'!$B$4:$AJ$55,16,0) -> 0 | C74: 14 | D74: =B69/26/8*2*B74 -> 0
A75: Ngày nghỉ lễ tết | B75: =VLOOKUP(B61,'BANG LUONG 1'!$B$4:$AJ$55,17,0) -> 0 | D75: =(B69/26)*B75 -> 0
A76: Ngày LV lễ tết | B76: =VLOOKUP(B61,'BANG LUONG 1'!$B$4:$AJ$55,18,0) -> 0 | C76: 15 | D76: =(B69/26*B76)*3 -> 0
A77: Thành tiền lương CB | B77: =VLOOKUP(B61,'BANG LUONG 1'!$B$4:$AJ$55,19,0) -> 4375168.3 | C77: 16 | D77: =B71+D73+D74+D72+D76+D75 -> 4375168.3
A78: lương vượt định mức | B78: =VLOOKUP(B61,'BANG LUONG 1'!$B$4:$AJ$55,20,0) -> -4375168.3 | C78: 17
A79: Phụ Cấp thâm niên | B79: =VLOOKUP(B61,'BANG LUONG 1'!$B$4:$AJ$55,22,0) -> 0 | C79: 18
A80: Phụ cấp chuyên cần | B80: =VLOOKUP(B61,'BANG LUONG 1'!$B$4:$AJ$55,23,0) -> 300000 | C80: 19
A81: Phụ Cấp | B81: =VLOOKUP(B61,'BANG LUONG 1'!$B$4:$AJ$55,24,0) -> 0 | C81: 22
A82: Tổng thu nhập | B82: =VLOOKUP(B61,'BANG LUONG 1'!$B$4:$AJ$55,26,0) -> 300000 | C82: 24
A83: Trừ tạm ứng | B83: =VLOOKUP(B61,'BANG LUONG 1'!$B$4:$AJ$55,27,0) -> 0 | C83: 25
A84: Trừ BHXH | B84: =VLOOKUP(B61,'BANG LUONG 1'!$B$4:$AJ$55,28,0) -> 0 | C84: 26
A85: Tiền cơm (KD ) | B85: =VLOOKUP(B61,'BANG LUONG 1'!$B$4:$AJ$55,32,0) -> 0
A86: Tiền cơm (SX) | B86: =VLOOKUP(B61,'BANG LUONG 1'!$B$4:$AJ$55,33,0) -> 0
A87: Thưởng Lễ | B87: =VLOOKUP(B61,'BANG LUONG 1'!$B$4:$AJ$55,30,0) -> 0 | E87: =B62 -> Đặng Hải Bằng
A88: Thực lãnh | B88: =VLOOKUP(B61,'BANG LUONG 1'!$B$4:$AJ$55,35,0) -> 300000
A90: THẺ LƯƠNG | B90: ='BANG LUONG 1'!$P$2 -> 43702
A91: Mã Nhân viên | B91: NV48 | C91: 1
A92: Họ và Tên | B92: =VLOOKUP($B91,'BANG LUONG 1'!$B$5:$AB$60,C92,0) -> Danh Ngòi | C92: 2
A93: Chức vụ | B93: =VLOOKUP($B91,'BANG LUONG 1'!$B$5:$AJ$60,C93,0) -> Công nhân | C93: 3
A94: Ngày vào làm việc | B94: =VLOOKUP($B91,'BANG LUONG 1'!$B$4:$AJ$55,4,0) -> 43626 | C94: 4
A95: % thâm niên | B95: =VLOOKUP(B91,'BANG LUONG 1'!$B$4:$AJ$55,6,0) -> 0 | C95: 5
A96: Lương tối thiểu | B96: ='thang luong moi'!$F$5 -> 4012500 | C96: 6
A97: Ngạch lương | B97: =VLOOKUP(B91,'BANG LUONG 1'!$B$4:$AJ$55,8,0) -> B.05 | C97: 7
A98: hệ số lương | B98: =VLOOKUP(B91,'BANG LUONG 1'!$B$4:$AJ$55,9,0) -> 1 | C98: 8
A99: lương CB hệ số | B99: =VLOOKUP(B91,'BANG LUONG 1'!$B$4:$AJ$55,11,0) -> 4213125 | C99: 9
A100: Ngày công lv | B100: =VLOOKUP(B91,'BANG LUONG 1'!$B$4:$AJ$55,12,0) -> 27 | C100: 10
A101: Lương Định mức | B101: =VLOOKUP(B91,'BANG LUONG 1'!$B$4:$AJ$55,13,0) -> 4375168.3 | C101: 11
A102: Ngày phép năm | B102: =VLOOKUP(B91,'BANG LUONG 1'!$B$4:$AJ$55,14,0) -> 0 | C102: 12 | D102: =B99/26*B102 -> 0
...

Sheet thang luong moi
A1: CÔNG TY TNHH CNSH SÀI GÒN XANH
C2: HỆ THỐNG THANG LƯƠNG, BẢNG LƯƠNG
A4: I/ MỨC LƯƠNG TỐI THIỂU:
A5: Mức lương tối thiểu mà doanh nghiệp đang áp dụng: | F5: 4012500 | G5: đồng/tháng
A7: II/ HỆ THỐNG THANG LƯƠNG: | F7: ĐVT: đồng
A9: 1- BẢNG LƯƠNG CHỨC VỤ QUẢN LÝ DOANH NGHIỆP
A11: CHỨC DANH CÔNG VIỆC | B11: MÃ SỐ | C11: BẬC/ HỆ SỐ/ MỨC LƯƠNG
C12: 1 | D12: 2 | E12: 3 | F12: 4 | G12: 5 | H12: 6 | I12: 7
A13: 01- TỔNG GIÁM ĐỐC
A14: Hệ số | C14: 6.5 | D14: =C14+1.5 -> 8 | E14: =D14+1.5 -> 9.5 | F14: =E14+1.5 -> 11 | G14: =F14+1.5 -> 12.5 | H14: =G14+1.5 -> 14 | I14: =H14+1.5 -> 15.5
A15: Mức lương tháng | B15: C.01 | C15: =C14*$F$5 -> 26081250 | D15: =D14*$F$5 -> 32100000 | E15: =E14*$F$5 -> 38118750 | F15: =F14*$F$5 -> 44137500 | G15: =G14*$F$5 -> 50156250 | H15: =H14*$F$5 -> 56175000 | I15: =I14*$F$5 -> 62193750
A16: Mức lương ngày | C16: =C15/26 -> 1003125 | D16: =D15/26 -> 1234615.4 | E16: =E15/26 -> 1466105.8 | F16: =F15/26 -> 1697596.2 | G16: =G15/26 -> 1929086.5 | H16: =H15/26 -> 2160576.9 | I16: =I15/26 -> 2392067.3
A17: 02- PHÓ TỔNG GIÁM ĐỐC/ GĐ ĐIỀU HÀNH
A18: Hệ số | C18: 3.5 | D18: =C18+1.5 -> 5 | E18: =D18+1.5 -> 6.5 | F18: =E18+1.5 -> 8 | G18: =F18+1.5 -> 9.5 | H18: =G18+1.5 -> 11 | I18: =H18+1.5 -> 12.5
A19: Mức lương tháng | B19: C.02 | C19: =C18*$F$5 -> 14043750 | D19: =D18*$F$5 -> 20062500 | E19: =E18*$F$5 -> 26081250 | F19: =F18*$F$5 -> 32100000 | G19: =G18*$F$5 -> 38118750 | H19: =H18*$F$5 -> 44137500 | I19: =I18*$F$5 -> 50156250
A20: Mức lương ngày | C20: =C19/26 -> 540144.23 | D20: =D19/26 -> 771634.62 | E20: =E19/26 -> 1003125 | F20: =F19/26 -> 1234615.4 | G20: =G19/26 -> 1466105.8 | H20: =H19/26 -> 1697596.2 | I20: =I19/26 -> 1929086.5
A21: 03- KẾ TOÁN TRƯỞNG/ Q.GIÁM ĐỐC / TRƯỞNG BAN
A22: Hệ số | C22: 2.5 | D22: =C22+1 -> 3.5 | E22: =D22+1 -> 4.5 | F22: =E22+1 -> 5.5 | G22: =F22+1 -> 6.5 | H22: =G22+1 -> 7.5 | I22: =H22+1 -> 8.5
A23: Mức lương tháng | B23: C.03 | C23: =C22*$F$5 -> 10031250 | D23: =D22*$F$5 -> 14043750 | E23: =E22*$F$5 -> 18056250 | F23: =F22*$F$5 -> 22068750 | G23: =G22*$F$5 -> 26081250 | H23: =H22*$F$5 -> 30093750 | I23: =I22*$F$5 -> 34106250
A24: Mức lương ngày | C24: =C23/26 -> 385817.31 | D24: =D23/26 -> 540144.23 | E24: =E23/26 -> 694471.15 | F24: =F23/26 -> 848798.08 | G24: =G23/26 -> 1003125 | H24: =H23/26 -> 1157451.9 | I24: =I23/26 -> 1311778.8
A26: 2- BẢNG LƯƠNG VIÊN CHỨC CHUYÊN MÔN, THỪA HÀNH, PHỤC VỤ
A28: CHỨC DANH CÔNG VIỆC | B28: MÃ SỐ | C28: BẬC/ HỆ SỐ/ MỨC LƯƠNG
C29: 1 | D29: 2 | E29: 3 | F29: 4 | G29: 5 | H29: 6 | I29: 7
A30: 01- CHUYÊN GIA CAO CẤP/ NGHỆ NHÂN
A31: Hệ số | C31: 2.5 | D31: =C31+0.8 -> 3.3 | E31: =D31+0.8 -> 4.1 | F31: =E31+0.8 -> 4.9 | G31: =F31+0.8 -> 5.7 | H31: =G31+0.8 -> 6.5 | I31: =H31+0.8 -> 7.3
A32: Mức lương tháng | B32: D.01 | C32: =C31*$F$5 -> 10031250 | D32: =D31*$F$5 -> 13241250 | E32: =E31*$F$5 -> 16451250 | F32: =F31*$F$5 -> 19661250 | G32: =G31*$F$5 -> 22871250 | H32: =H31*$F$5 -> 26081250 | I32: =I31*$F$5 -> 29291250
A33: Mức lương ngày | C33: =C32/26 -> 385817.31 | D33: =D32/26 -> 509278.85 | E33: =E32/26 -> 632740.38 | F33: =F32/26 -> 756201.92 | G33: =G32/26 -> 879663.46 | H33: =H32/26 -> 1003125 | I33: =I32/26 -> 1126586.5
A34: 02- TRƯỞNG BỘ PHẬN, KẾ TOÁN TỔNG HỢP, CHUYÊN VIÊN
A35: Hệ số | C35: 1.6 | D35: =C35+0.2 -> 1.8 | E35: =D35+0.2 -> 2 | F35: =E35+0.2 -> 2.2 | G35: =F35+0.2 -> 2.4 | H35: =G35+0.2 -> 2.6 | I35: =H35+0.2 -> 2.8
A36: Mức lương tháng | B36: D.02 | C36: =C35*$F$5 -> 6420000 | D36: =D35*$F$5 -> 7222500 | E36: =E35*$F$5 -> 8025000 | F36: =F35*$F$5 -> 8827500 | G36: =G35*$F$5 -> 9630000 | H36: =H35*$F$5 -> 10432500 | I36: =I35*$F$5 -> 11235000
A37: Mức lương ngày | C37: =C36/26 -> 246923.08 | D37: =D36/26 -> 277788.46 | E37: =E36/26 -> 308653.85 | F37: =F36/26 -> 339519.23 | G37: =G36/26 -> 370384.62 | H37: =H36/26 -> 401250 | I37: =I36/26 -> 432115.38
A38: 03- KẾ TOÁN VIÊN, NV HCNS, THỦ QUỸ, NV KỸ THUẬT ...
A39: Hệ số | C39: 1.3 | D39: =C39+0.1 -> 1.4 | E39: =D39+0.1 -> 1.5 | F39: =E39+0.1 -> 1.6 | G39: =F39+0.1 -> 1.7 | H39: =G39+0.1 -> 1.8 | I39: =H39+0.1 -> 1.9
A40: Mức lương tháng | B40: D.03 | C40: =C39*$F$5 -> 5216250 | D40: =D39*$F$5 -> 5617500 | E40: =E39*$F$5 -> 6018750 | F40: =F39*$F$5 -> 6420000 | G40: =G39*$F$5 -> 6821250 | H40: =H39*$F$5 -> 7222500 | I40: =I39*$F$5 -> 7623750
A41: Mức lương ngày | C41: =C40/26 -> 200625 | D41: =D40/26 -> 216057.69 | E41: =E40/26 -> 231490.38 | F41: =F40/26 -> 246923.08 | G41: =G40/26 -> 262355.77 | H41: =H40/26 -> 277788.46 | I41: =I40/26 -> 293221.15
A42: 04- NV KINH DOANH/ SALE ADMIN
A43: Hệ số | C43: 1.2 | D43: =C43+0.2 -> 1.4 | E43: =D43+0.2 -> 1.6 | F43: =E43+0.2 -> 1.8 | G43: =F43+0.2 -> 2 | H43: =G43+0.2 -> 2.2 | I43: =H43+0.2 -> 2.4
A44: Mức lương tháng | B44: D.04 | C44: =C43*$F$5 -> 4815000 | D44: =D43*$F$5 -> 5617500 | E44: =E43*$F$5 -> 6420000 | F44: =F43*$F$5 -> 7222500 | G44: =G43*$F$5 -> 8025000 | H44: =H43*$F$5 -> 8827500 | I44: =I43*$F$5 -> 9630000
A45: Mức lương ngày | C45: =C44/26 -> 185192.31 | D45: =D44/26 -> 216057.69 | E45: =E44/26 -> 246923.08 | F45: =F44/26 -> 277788.46 | G45: =G44/26 -> 308653.85 | H45: =H44/26 -> 339519.23 | I45: =I44/26 -> 370384.62
A46: 05- VĂN THƯ, LỄ TÂN
A47: Hệ số | C47: 1 | D47: =C47+0.1 -> 1.1 | E47: =D47+0.1 -> 1.2 | F47: =E47+0.1 -> 1.3 | G47: =F47+0.1 -> 1.4 | H47: =G47+0.1 -> 1.5 | I47: =H47+0.1 -> 1.6
A48: Mức lương tháng | B48: D.05 | C48: =C47*$F$5 -> 4012500 | D48: =D47*$F$5 -> 4413750 | E48: =E47*$F$5 -> 4815000 | F48: =F47*$F$5 -> 5216250 | G48: =G47*$F$5 -> 5617500 | H48: =H47*$F$5 -> 6018750 | I48: =I47*$F$5 -> 6420000
A49: Mức lương ngày | C49: =C48/26 -> 154326.92 | D49: =D48/26 -> 169759.62 | E49: =E48/26 -> 185192.31 | F49: =F48/26 -> 200625 | G49: =G48/26 -> 216057.69 | H49: =H48/26 -> 231490.38 | I49: =I48/26 -> 246923.08
A51: 3- BẢNG LƯƠNG NHÂN VIÊN TRỰC TIẾP SẢN XUẤT KINH DOANH VÀ PHỤC VỤ
A53: CHỨC DANH CÔNG VIỆC | B53: MÃ SỐ | C53: BẬC/ HỆ SỐ/ MỨC LƯƠNG
C54: 1 | D54: 2 | E54: 3 | F54: 4 | G54: 5 | H54: 6 | I54: 7
A55: 01- TỔ TRƯỞNG, NV KHO, GIÁM SÁT NHÀ MÁY
A56: Hệ số | C56: 1.17 | D56: =C56+0.05 -> 1.22 | E56: =D56+0.05 -> 1.27 | F56: =E56+0.05 -> 1.32 | G56: =F56+0.05 -> 1.37 | H56: =G56+0.05 -> 1.42 | I56: =H56+0.05 -> 1.47
A57: Mức lương tháng | B57: B.01 | C57: =C56*$F$5 -> 4694625 | D57: =D56*$F$5 -> 4895250 | E57: =E56*$F$5 -> 5095875 | F57: =F56*$F$5 -> 5296500 | G57: =G56*$F$5 -> 5497125 | H57: =H56*$F$5 -> 5697750 | I57: =I56*$F$5 -> 5898375
A58: Mức lương ngày | C58: =C57/26 -> 180562.5 | D58: =D57/26 -> 188278.85 | E58: =E57/26 -> 195995.19 | F58: =F57/26 -> 203711.54 | G58: =G57/26 -> 211427.88 | H58: =H57/26 -> 219144.23 | I58: =I57/26 -> 226860.58
A59: 02- TÀI XẾ XE CƠ GIỚI, CÔNG NHÂN KT
A60: Hệ số | C60: 1.1 | D60: =C60+0.07 -> 1.17 | E60: =D60+0.07 -> 1.24 | F60: =E60+0.07 -> 1.31 | G60: =F60+0.07 -> 1.38 | H60: =G60+0.07 -> 1.45 | I60: =H60+0.07 -> 1.52
A61: Mức lương tháng | B61: B.02 | C61: =C60*$F$5 -> 4413750 | D61: =D60*$F$5 -> 4694625 | E61: =E60*$F$5 -> 4975500 | F61: =F60*$F$5 -> 5256375 | G61: =G60*$F$5 -> 5537250 | H61: =H60*$F$5 -> 5818125 | I61: =I60*$F$5 -> 6099000
A62: Mức lương ngày | C62: =C61/26 -> 169759.62 | D62: =D61/26 -> 180562.5 | E62: =E61/26 -> 191365.38 | F62: =F61/26 -> 202168.27 | G62: =G61/26 -> 212971.15 | H62: =H61/26 -> 223774.04 | I62: =I61/26 -> 234576.92
A63: 03- TÀI XẾ PHUC VU KINH DOANH
A64: Hệ số | C64: 1.2 | D64: =C64+0.1 -> 1.3 | E64: =D64+0.1 -> 1.4 | F64: =E64+0.1 -> 1.5 | G64: =F64+0.1 -> 1.6 | H64: =G64+0.1 -> 1.7 | I64: =H64+0.1 -> 1.8
A65: Mức lương tháng | B65: B.03 | C65: =C64*$F$5 -> 4815000 | D65: =D64*$F$5 -> 5216250 | E65: =E64*$F$5 -> 5617500 | F65: =F64*$F$5 -> 6018750 | G65: =G64*$F$5 -> 6420000 | H65: =H64*$F$5 -> 6821250 | I65: =I64*$F$5 -> 7222500
A66: Mức lương ngày | C66: =C65/26 -> 185192.31 | D66: =D65/26 -> 200625 | E66: =E65/26 -> 216057.69 | F66: =F65/26 -> 231490.38 | G66: =G65/26 -> 246923.08 | H66: =H65/26 -> 262355.77 | I66: =I65/26 -> 277788.46
A67: 04- PHỤ XE CÓ TAY NGHỀ (Lái xe được)
A68: Hệ số | C68: 1.05 | D68: =C68+0.05 -> 1.1 | E68: =D68+0.05 -> 1.15 | F68: =E68+0.05 -> 1.2 | G68: =F68+0.05 -> 1.25 | H68: =G68+0.05 -> 1.3 | I68: =H68+0.05 -> 1.35
A69: Mức lương tháng | B69: B.04 | C69: =C68*$F$5 -> 4213125 | D69: =D68*$F$5 -> 4413750 | E69: =E68*$F$5 -> 4614375 | F69: =F68*$F$5 -> 4815000 | G69: =G68*$F$5 -> 5015625 | H69: =H68*$F$5 -> 5216250 | I69: =I68*$F$5 -> 5416875
A70: Mức lương ngày | C70: =C69/26 -> 162043.27 | D70: =D69/26 -> 169759.62 | E70: =E69/26 -> 177475.96 | F70: =F69/26 -> 185192.31 | G70: =G69/26 -> 192908.65 | H70: =H69/26 -> 200625 | I70: =I69/26 -> 208341.35
A71: 05- TẠP VỤ, BẢO VỆ; CÔNG NHÂN SX
A72: Hệ số | C72: 1.05 | D72: =C72+0.07 -> 1.12 | E72: =D72+0.07 -> 1.19 | F72: =E72+0.07 -> 1.26 | G72: =F72+0.07 -> 1.33 | H72: =G72+0.07 -> 1.4 | I72: =H72+0.07 -> 1.47
A73: Mức lương tháng | B73: B.05 | C73: =C72*$F$5 -> 4213125 | D73: =D72*$F$5 -> 4494000 | E73: =E72*$F$5 -> 4774875 | F73: =F72*$F$5 -> 5055750 | G73: =G72*$F$5 -> 5336625 | H73: =H72*$F$5 -> 5617500 | I73: =I72*$F$5 -> 5898375
A74: Mức lương ngày | C74: =C73/26 -> 162043.27 | D74: =D73/26 -> 172846.15 | E74: =E73/26 -> 183649.04 | F74: =F73/26 -> 194451.92 | G74: =G73/26 -> 205254.81 | H74: =H73/26 -> 216057.69 | I74: =I73/26 -> 226860.58
A75: 06- BỐC XẾP, PHỤ XE KINH DOANH
A76: Hệ số | C76: 1 | D76: =C76+0.05 -> 1.05 | E76: =D76+0.05 -> 1.1 | F76: =E76+0.05 -> 1.15 | G76: =F76+0.05 -> 1.2 | H76: =G76+0.05 -> 1.25 | I76: =H76+0.05 -> 1.3
A77: Mức lương tháng | B77: B.06 | C77: =C76*$F$5 -> 4012500 | D77: =D76*$F$5 -> 4213125 | E77: =E76*$F$5 -> 4413750 | F77: =F76*$F$5 -> 4614375 | G77: =G76*$F$5 -> 4815000 | H77: =H76*$F$5 -> 5015625 | I77: =I76*$F$5 -> 5216250
A78: Mức lương ngày | C78: =C77/26 -> 154326.92 | D78: =D77/26 -> 162043.27 | E78: =E77/26 -> 169759.62 | F78: =F77/26 -> 177475.96 | G78: =G77/26 -> 185192.31 | H78: =H77/26 -> 192908.65 | I78: =I77/26 -> 200625

Sheet Bang luong (chaun)
A1: CÔNG TY TNHH CÔNG NGHỆ SINH HỌC SÀI GÒN XANH
A2: Nhà máy Xử lý Bùn thải Sài Gòn Xanh | J2: BẢNG LƯƠNG THÁNG 02 /2016 | K2: BẢNG LƯƠNG THÁNG 02 /2016 | T2: 42429 | AC2: Tỷ lệ đóng BH | AH2: 0.105
G3: =3500000*107% -> 3745000 | M3: 26 | V3: 1 | W3: 300000
A4: STT | B4: Mã Nhân viên | C4: Họ và Tên | D4: Chức vụ | E4: Ngày vào làm việc | F4: Số năm vào làm | G4: Lương tối thiểu | H4: Ngạch lương | I4: hệ số lương | J4: lương CB hệ số | K4: lương CB hệ số | M4: Ngày công lv | N4: Lương Định mức | O4: Ngày phép năm | P4: Giờ tăng ca | Q4: Giờ làm việc CN | R4: Ngày nghỉ lễ tết | S4: Ngày LV lễ tết | T4: Thành tiền lương CB | U4: lương vượt định mức | V4: Phụ Cấp thâm niên | W4: Phụ cấp chuyên cần | X4: Phụ cấp | Y4: Phụ cấp | Z4: Phụ cấp khác | AA4: Phụ cấp | AB4: PHỤ CẤP | AC4: Tổng thu nhập | AD4: =AE6-AD6 -> 1203750 | AF4: VALUE | AG4: Trừ tạm ứng | AH4: Trừ BHXH | AI4: Thực lãnh | AJ4: Thực lãnh | AK4: Ký Nhận | AM4: Tièn lương dóng BH
A5: G | C5: QUẢN LÝ SẢN XUẤT | AC5: =SUM(AC6:AC11) -> #N/A | AG5: =SUM(AG6:AG11) -> #REF! | AH5: =SUM(AH6:AH11) -> 1125600 | AI5: =SUM(AI6:AI11) -> #N/A | AJ5: =SUM(AJ6:AJ11) -> #N/A
A6: 1 | B6: NV44 | C6: Lê Quốc Chương | D6: Giám Đốc Nhà máy | E6: 42339 | F6: =IF(E6=0,0,INT((NOW()-E6)/365)) -> 3 | G6: =$G$3 -> 3745000 | H6: C.03 | I6: 3 | J6: 16852500 | K6: =VLOOKUP(H6,'thang luong moi'!B:I,'Bang luong (chaun)'!I6+1,0) -> 18056250 | L6: =(K6-J6)/K6 -> 0.066666667 | M6: =VLOOKUP(C6,CC!$C$5:$AJ$67,34,0) -> #N/A | N6: =K6/26*M6 -> #N/A | O6: =VLOOKUP(C6,CC!$C$5:$AM$67,36,0) -> #N/A | P6: =VLOOKUP(C6,CC!$C$5:$BS$67,69,0) -> #N/A | Q6: =VLOOKUP(C6,CC!$C$5:$BT$67,70,0) -> #N/A | R6: =VLOOKUP(C6,CC!$C$5:$AM$67,37,0) -> #N/A | S6: =VLOOKUP(C6,CC!$C$5:$AM$67,35,0) -> #N/A | T6: =((K6/26)*M6)+(O6*(K6/26))+((P6/8)*1.5*(K6/26))+((Q6/8)*2*K6/26)+(S6*3*(K6/26)+(K6/26)*R6) -> #N/A | V6: =IF((F6-$V$3)>0,F6%*K6,0) -> 541687.5 | Z6: 8148000 | AB6: =8148000-1872500 -> 6275500 | AC6: =T6+V6+W6+Z6+U6 -> #N/A | AD6: =J6+AB6 -> 23128000 | AE6: =K6+AB6 -> 24331750 | AF6: 25000000 | AG6: ='ung luong'!#REF! -> #REF! | AH6: =AM6*$AH$2 -> 0 | AI6: =AC6-AG6-AH6 -> #N/A | AJ6: =ROUND(AI6,-3) -> #N/A
A7: =A6+1 -> 2 | B7: NV45 | C7: Nguyễn Đình Huệ | D7: Quản đốc SX | E7: 38078 | F7: =IF(E7=0,0,INT((NOW()-E7)/365)) -> 15 | G7: =$G$3 -> 3745000 | H7: D.02 | I7: 2 | J7: 6366500 | K7: =VLOOKUP(H7,'thang luong moi'!B:I,'Bang luong (chaun)'!I7+1,0) -> 7222500 | L7: =(K7-J7)/K7 -> 0.11851852 | M7: =VLOOKUP(C7,CC!$C$5:$AJ$67,34,0) -> #N/A | N7: =K7/26*M7 -> #N/A | O7: =VLOOKUP(C7,CC!$C$5:$AM$67,36,0) -> #N/A | P7: =VLOOKUP(C7,CC!$C$5:$BS$67,69,0) -> #N/A | Q7: =VLOOKUP(C7,CC!$C$5:$BT$67,70,0) -> #N/A | R7: =VLOOKUP(C7,CC!$C$5:$AM$67,37,0) -> #N/A | S7: =VLOOKUP(C7,CC!$C$5:$AM$67,35,0) -> #N/A | T7: =((K7/26)*M7)+(O7*(K7/26))+((P7/8)*1.5*(K7/26))+((Q7/8)*2*K7/26)+(S7*3*(K7/26)+(K7/26)*R7) -> #N/A | V7: =IF((F7-$V$3)>0,F7%*K7,0) -> 1083375 | W7: =(100%-SUMIF('chuyên cần'!$C$6:$AP$31,'Bang luong (chaun)'!C7,'chuyên cần'!$AP$7:$AP$31))*$W$3 -> 300000 | Z7: 2999685 | AB7: 4000000 | AC7: =T7+V7+W7+Z7+U7 -> #N/A | AD7: =J7+AB7 -> 10366500 | AE7: =K7+AB7 -> 11222500 | AF7: 10741000 | AG7: ='ung luong'!#REF! -> #REF! | AH7: =AM7*$AH$2 -> 422100 | AI7: =AC7-AG7-AH7 -> #N/A | AJ7: =ROUND(AI7,-3) -> #N/A | AM7: 4020000
A8: =A7+1 -> 3 | B8: NV46 | C8: Nguyễn Văn Thanh | D8: Trợ lý SX | E8: 40868 | F8: =IF(E8=0,0,INT((NOW()-E8)/365)) -> 7 | G8: =$G$3 -> 3745000 | H8: D.02 | I8: 2 | J8: 6366500 | K8: =VLOOKUP(H8,'thang luong moi'!B:I,'Bang luong (chaun)'!I8+1,0) -> 7222500 | L8: =(K8-J8)/K8 -> 0.11851852 | M8: =VLOOKUP(C8,CC!$C$5:$AJ$67,34,0) -> #N/A | N8: =K8/26*M8 -> #N/A | O8: =VLOOKUP(C8,CC!$C$5:$AM$67,36,0) -> #N/A | P8: =VLOOKUP(C8,CC!$C$5:$BS$67,69,0) -> #N/A | Q8: =VLOOKUP(C8,CC!$C$5:$BT$67,70,0) -> #N/A | R8: =VLOOKUP(C8,CC!$C$5:$AM$67,37,0) -> #N/A | S8: =VLOOKUP(C8,CC!$C$5:$AM$67,35,0) -> #N/A | T8: =((K8/26)*M8)+(O8*(K8/26))+((P8/8)*1.5*(K8/26))+((Q8/8)*2*K8/26)+(S8*3*(K8/26)+(K8/26)*R8) -> #N/A | V8: =IF((F8-$V$3)>0,F8%*K8,0) -> 505575 | W8: =(100%-SUMIF('chuyên cần'!$C$6:$AP$31,'Bang luong (chaun)'!C8,'chuyên cần'!$AP$7:$AP$31))*$W$3 -> 300000 | Z8: 1845340 | AB8: 2400000 | AC8: =T8+V8+W8+Z8+U8 -> #N/A | AD8: =J8+AB8 -> 8766500 | AE8: =K8+AB8 -> 9622500 | AF8: 9141000 | AG8: ='ung luong'!#REF! -> #REF! | AH8: =AM8*$AH$2 -> 351750 | AI8: =AC8-AG8-AH8 -> #N/A | AJ8: =ROUND(AI8,-3) -> #N/A | AM8: 3350000
A9: =A8+1 -> 4 | B9: NV47 | C9: Chề A Sắt | D9: Giám Sát | E9: 41715 | F9: =IF(E9=0,0,INT((NOW()-E9)/365)) -> 5 | G9: =$G$3 -> 3745000 | H9: B.01 | I9: 3 | J9: 4868500 | K9: =VLOOKUP(H9,'thang luong moi'!B:I,'Bang luong (chaun)'!I9+1,0) -> 5095875 | L9: =(K9-J9)/K9 -> 0.044619423 | M9: =VLOOKUP(C9,CC!$C$5:$AJ$67,34,0) -> #N/A | N9: =K9/26*M9 -> #N/A | O9: =VLOOKUP(C9,CC!$C$5:$AM$67,36,0) -> #N/A | P9: =VLOOKUP(C9,CC!$C$5:$BS$67,69,0) -> #N/A | Q9: =VLOOKUP(C9,CC!$C$5:$BT$67,70,0) -> #N/A | R9: =VLOOKUP(C9,CC!$C$5:$AM$67,37,0) -> #N/A | S9: =VLOOKUP(C9,CC!$C$5:$AM$67,35,0) -> #N/A | T9: =((K9/26)*M9)+(O9*(K9/26))+((P9/8)*1.5*(K9/26))+((Q9/8)*2*K9/26)+(S9*3*(K9/26)+(K9/26)*R9) -> #N/A | V9: =IF((F9-$V$3)>0,F9%*K9,0) -> 254793.75 | W9: =(100%-SUMIF('chuyên cần'!$C$6:$AP$31,'Bang luong (chaun)'!C9,'chuyên cần'!$AP$7:$AP$31))*$W$3 -> 300000 | Z9: 800000 | AB9: 1197370 | AC9: =T9+V9+W9+Z9+U9 -> #N/A | AD9: =J9+AB9 -> 6065870 | AE9: =K9+AB9 -> 6293245 | AF9: 5953520 | AG9: ='ung luong'!#REF! -> #REF! | AH9: =AM9*$AH$2 -> 351750 | AI9: =AC9-AG9-AH9 -> #N/A | AJ9: =ROUND(AI9,-3) -> #N/A | AM9: 3350000
A10: =A9+1 -> 5 | B10: NV48 | C10: Ngô Đình Chung | D10: NV trạm cân | E10: 42086 | F10: =IF(E10=0,0,INT((NOW()-E10)/365)) -> 4 | G10: =$G$3 -> 3745000 | H10: B.01 | I10: 1 | J10: 3745000 | K10: =VLOOKUP(H10,'thang luong moi'!B:I,'Bang luong (chaun)'!I10+1,0) -> 4694625 | L10: =(K10-J10)/K10 -> 0.2022792 | M10: =VLOOKUP(C10,CC!$C$5:$AJ$67,34,0) -> 27 | N10: =K10/26*M10 -> 4875187.5 | O10: =VLOOKUP(C10,CC!$C$5:$AM$67,36,0) -> 0 | P10: =VLOOKUP(C10,CC!$C$5:$BS$67,69,0) -> 0 | Q10: =VLOOKUP(C10,CC!$C$5:$BT$67,70,0) -> 0 | R10: =VLOOKUP(C10,CC!$C$5:$AM$67,37,0) -> 0 | S10: =VLOOKUP(C10,CC!$C$5:$AM$67,35,0) -> 0 | T10: =((K10/26)*M10)+(O10*(K10/26))+((P10/8)*1.5*(K10/26))+((Q10/8)*2*K10/26)+(S10*3*(K10/26)+(K10/26)*R10) -> 4875187.5 | V10: =IF((F10-$V$3)>0,F10%*K10,0) -> 187785 | W10: =(100%-SUMIF('chuyên cần'!$C$6:$AP$31,'Bang luong (chaun)'!C10,'chuyên cần'!$AP$7:$AP$31))*$W$3 -> 300000 | Z10: 800001 | AB10: 800001 | AC10: =T10+V10+W10+Z10+U10 -> 6162973.5 | AD10: =J10+AB10 -> 4545001 | AE10: =K10+AB10 -> 5494626 | AF10: 5181651 | AG10: ='ung luong'!#REF! -> #REF! | AH10: =AM10*$AH$2 -> 0 | AI10: =AC10-AG10-AH10 -> #REF! | AJ10: =ROUND(AI10,-3) -> #REF!
A11: =A10+1 -> 6 | B11: NV92 | C11: Nguyễn Huỳnh Luân | D11: KT Cơ Khí | E11: 42008 | F11: =IF(E11=0,0,INT((NOW()-E11)/365)) -> 4 | G11: =$G$3 -> 3745000 | H11: D.02 | I11: 3 | J11: 7490000 | K11: =VLOOKUP(H11,'thang luong moi'!B:I,'Bang luong (chaun)'!I11+1,0) -> 8025000 | L11: =(K11-J11)/K11 -> 0.066666667 | M11: =VLOOKUP(C11,CC!$C$5:$AJ$67,34,0) -> #N/A | N11: =K11/26*M11 -> #N/A | O11: =VLOOKUP(C11,CC!$C$5:$AM$67,36,0) -> #N/A | P11: =VLOOKUP(C11,CC!$C$5:$BS$67,69,0) -> #N/A | Q11: =VLOOKUP(C11,CC!$C$5:$BT$67,70,0) -> #N/A | R11: =VLOOKUP(C11,CC!$C$5:$AM$67,37,0) -> #N/A | S11: =VLOOKUP(C11,CC!$C$5:$AM$67,35,0) -> #N/A | T11: =((K11/26)*M11)+(O11*(K11/26))+((P11/8)*1.5*(K11/26))+((Q11/8)*2*K11/26)+(S11*3*(K11/26)+(K11/26)*R11) -> #N/A | V11: =IF((F11-$V$3)>0,F11%*K11,0) -> 321000 | W11: =(100%-SUMIF('chuyên cần'!$C$6:$AP$31,'Bang luong (chaun)'!C11,'chuyên cần'!$AP$7:$AP$31))*$W$3 -> 300000 | Z11: 2500000 | AB11: 2500000 | AC11: =T11+V11+W11+Z11+U11 -> #N/A | AD11: =J11+AB11 -> 9990000 | AE11: =K11+AB11 -> 10525000 | AF11: 9990000 | AG11: ='ung luong'!#REF! -> #REF! | AH11: =AM11*$AH$2 -> 0 | AI11: =AC11-AG11-AH11 -> #N/A | AJ11: =ROUND(AI11,-3) -> #N/A
C12: KHO | Z12: 0 | AC12: =SUM(AC13:AC14) -> #N/A | AG12: =SUM(AG13:AG14) -> #REF! | AH12: =SUM(AH13:AH14) -> 422100 | AI12: =SUM(AI13:AI14) -> #N/A | AJ12: =SUM(AJ13:AJ14) -> #N/A
A13: =A11+1 -> 7 | B13: NV49 | C13: Đồng Anh Tuấn | D13: Thủ kho | E13: 40651 | F13: =IF(E13=0,0,INT((NOW()-E13)/365)) -> 8 | G13: =$G$3 -> 3745000 | H13: D.02 | I13: 3 | J13: 7115500 | K13: =VLOOKUP(H13,'thang luong moi'!B:I,'Bang luong (chaun)'!I13+1,0) -> 8025000 | L13: =(K13-J13)/K13 -> 0.11333333 | M13: =VLOOKUP(C13,CC!$C$5:$AJ$67,34,0) -> #N/A | N13: =K13/26*M13 -> #N/A | O13: =VLOOKUP(C13,CC!$C$5:$AM$67,36,0) -> #N/A | P13: =VLOOKUP(C13,CC!$C$5:$BS$67,69,0) -> #N/A | Q13: =VLOOKUP(C13,CC!$C$5:$BT$67,70,0) -> #N/A | R13: =VLOOKUP(C13,CC!$C$5:$AM$67,37,0) -> #N/A | S13: =VLOOKUP(C13,CC!$C$5:$AM$67,35,0) -> #N/A | T13: =((K13/26)*M13)+(O13*(K13/26))+((P13/8)*1.5*(K13/26))+((Q13/8)*2*K13/26)+(S13*3*(K13/26)+(K13/26)*R13) -> #N/A | V13: =IF((F13-$V$3)>0,F13%*K13,0) -> 642000 | W13: =(100%-SUMIF('chuyên cần'!$C$6:$AP$31,'Bang luong (chaun)'!C13,'chuyên cần'!$AP$7:$AP$31))*$W$3 -> 300000 | Z13: 1715380 | AB13: 2300000 | AC13: =T13+V13+W13+Z13+U13 -> #N/A | AD13: =J13+AB13 -> 9415500 | AE13: =K13+AB13 -> 10325000 | AF13: 9790000 | AG13: ='ung luong'!#REF! -> #REF! | AH13: =AM13*$AH$2 -> 422100 | AI13: =AC13-AG13-AH13 -> #N/A | AJ13: =ROUND(AI13,-3) -> #N/A | AM13: 4020000
A14: =A13+1 -> 8 | B14: NV50 | C14: Nguyễn Trường Thạch | D14: NV kho | F14: =IF(E14=0,0,INT((NOW()-E14)/365)) -> 0 | G14: =$G$3 -> 3745000 | H14: B.01 | I14: 1 | J14: 3745000 | K14: =VLOOKUP(H14,'thang luong moi'!B:I,'Bang luong (chaun)'!I14+1,0) -> 4694625 | L14: =(K14-J14)/K14 -> 0.2022792 | M14: =VLOOKUP(C14,CC!$C$5:$AJ$67,34,0) -> #N/A | N14: =K14/26*M14 -> #N/A | O14: =VLOOKUP(C14,CC!$C$5:$AM$67,36,0) -> #N/A | P14: =VLOOKUP(C14,CC!$C$5:$BS$67,69,0) -> #N/A | Q14: =VLOOKUP(C14,CC!$C$5:$BT$67,70,0) -> #N/A | R14: =VLOOKUP(C14,CC!$C$5:$AM$67,37,0) -> #N/A | S14: =VLOOKUP(C14,CC!$C$5:$AM$67,35,0) -> #N/A | T14: =((K14/26)*M14)+(O14*(K14/26))+((P14/8)*1.5*(K14/26))+((Q14/8)*2*K14/26)+(S14*3*(K14/26)+(K14/26)*R14) -> #N/A | V14: =IF((F14-$V$3)>0,F14%*K14,0) -> 0 | W14: =(100%-SUMIF('chuyên cần'!$C$6:$AP$31,'Bang luong (chaun)'!C14,'chuyên cần'!$AP$7:$AP$31))*$W$3 -> 300000 | Z14: 1300000 | AB14: 1300000 | AC14: =T14+V14+W14+Z14+U14 -> #N/A | AD14: =J14+AB14 -> 5045000 | AE14: =K14+AB14 -> 5994625 | AF14: 5681650 | AG14: ='ung luong'!#REF! -> #REF! | AH14: =AM14*$AH$2 -> 0 | AI14: =AC14-AG14-AH14 -> #N/A | AJ14: =ROUND(AI14,-3) -> #N/A
A15: H | C15: CHUYÊN VIÊN KỸ THUẬT | Z15: 0 | AC15: =SUM(AC16:AC23) -> #N/A | AG15: =SUM(AG16:AG23) -> #REF! | AH15: =SUM(AH16:AH23) -> 348285 | AI15: =SUM(AI16:AI23) -> #N/A | AJ15: =SUM(AJ16:AJ23) -> #N/A
A16: =A14+1 -> 9 | B16: NV51 | C16: Lê Công Nhất Trung | D16: KS Môi trường | E16: 41487 | F16: =IF(E16=0,0,INT(($T$2-E16)/365)) -> 2 | G16: =$G$3 -> 3745000 | H16: D.02 | I16: 3 | J16: 7115500 | K16: =VLOOKUP(H16,'thang luong moi'!B:I,'Bang luong (chaun)'!I16+1,0) -> 8025000 | L16: =(K16-J16)/K16 -> 0.11333333 | M16: =VLOOKUP(C16,CC!$C$5:$AJ$67,34,0) -> #N/A | N16: =K16/26*M16 -> #N/A | O16: =VLOOKUP(C16,CC!$C$5:$AM$67,36,0) -> #N/A | P16: =VLOOKUP(C16,CC!$C$5:$BS$67,69,0) -> #N/A | Q16: =VLOOKUP(C16,CC!$C$5:$BT$67,70,0) -> #N/A | R16: =VLOOKUP(C16,CC!$C$5:$AM$67,37,0) -> #N/A | S16: =VLOOKUP(C16,CC!$C$5:$AM$67,35,0) -> #N/A | T16: =((K16/26)*M16)+(O16*(K16/26))+((P16/8)*1.5*(K16/26))+((Q16/8)*2*K16/26)+(S16*3*(K16/26)+(K16/26)*R16) -> #N/A | V16: =IF((F16-$V$3)>0,F16%*K16,0) -> 160500 | W16: =(100%-SUMIF('chuyên cần'!$C$6:$AP$31,'Bang luong (chaun)'!C16,'chuyên cần'!$AP$7:$AP$31))*$W$3 -> 300000 | Z16: 1107690 | AB16: 1250000 | AC16: =T16+V16+W16+Z16+U16 -> #N/A | AD16: =J16+AB16 -> 8365500 | AE16: =K16+AB16 -> 9275000 | AF16: 8740000 | AG16: ='ung luong'!#REF! -> #REF! | AH16: =AM16*$AH$2 -> 348285 | AI16: =AC16-AG16-AH16 -> #N/A | AJ16: =ROUND(AI16,-3) -> #N/A | AM16: 3317000
A17: =A16+1 -> 10 | B17: NV52 | C17: Hồ Phan Thiết Toàn | D17: KS Nông nghiệp | E17: 42114 | F17: =IF(E17=0,0,INT(($T$2-E17)/365)) -> 0 | G17: =$G$3 -> 3745000 | H17: D.02 | I17: 3 | J17: 7115500 | K17: =VLOOKUP(H17,'thang luong moi'!B:I,'Bang luong (chaun)'!I17+1,0) -> 8025000 | L17: =(K17-J17)/K17 -> 0.11333333 | M17: =VLOOKUP(C17,CC!$C$5:$AJ$67,34,0) -> #N/A | N17: =K17/26*M17 -> #N/A | O17: =VLOOKUP(C17,CC!$C$5:$AM$67,36,0) -> #N/A | P17: =VLOOKUP(C17,CC!$C$5:$BS$67,69,0) -> #N/A | Q17: =VLOOKUP(C17,CC!$C$5:$BT$67,70,0) -> #N/A | R17: =VLOOKUP(C17,CC!$C$5:$AM$67,37,0) -> #N/A | S17: =VLOOKUP(C17,CC!$C$5:$AM$67,35,0) -> #N/A | T17: =((K17/26)*M17)+(O17*(K17/26))+((P17/8)*1.5*(K17/26))+((Q17/8)*2*K17/26)+(S17*3*(K17/26)+(K17/26)*R17) -> #N/A | V17: =IF((F17-$V$3)>0,F17%*K17,0) -> 0 | W17: =(100%-SUMIF('chuyên cần'!$C$6:$AP$31,'Bang luong (chaun)'!C17,'chuyên cần'!$AP$7:$AP$31))*$W$3 -> 300000 | Z17: 1200000 | AB17: 1275000 | AC17: =T17+V17+W17+Z17+U17 -> #N/A | AD17: =J17+AB17 -> 8390500 | AE17: =K17+AB17 -> 9300000 | AF17: 8765000 | AG17: ='ung luong'!#REF! -> #REF! | AH17: =AM17*$AH$2 -> 0 | AI17: =AC17-AG17-AH17 -> #N/A | AJ17: =ROUND(AI17,-3) -> #N/A
A18: =A17+1 -> 11 | B18: NV89 | C18: Trần Văn Hà | D18: KTV Môi trường | E18: 42248 | F18: =IF(E18=0,0,INT(($T$2-E18)/365)) -> 0 | G18: =$G$3 -> 3745000 | H18: D.03 | I18: 1 | J18: 3745000 | K18: =VLOOKUP(H18,'thang luong moi'!B:I,'Bang luong (chaun)'!I18+1,0) -> 5216250 | L18: =(K18-J18)/K18 -> 0.28205128 | M18: =VLOOKUP(C18,CC!$C$5:$AJ$67,34,0) -> #N/A | N18: =K18/26*M18 -> #N/A | O18: =VLOOKUP(C18,CC!$C$5:$AM$67,36,0) -> #N/A | P18: =VLOOKUP(C18,CC!$C$5:$BS$67,69,0) -> #N/A | Q18: =VLOOKUP(C18,CC!$C$5:$BT$67,70,0) -> #N/A | R18: =VLOOKUP(C18,CC!$C$5:$AM$67,37,0) -> #N/A | S18: =VLOOKUP(C18,CC!$C$5:$AM$67,35,0) -> #N/A | T18: =((K18/26)*M18)+(O18*(K18/26))+((P18/8)*1.5*(K18/26))+((Q18/8)*2*K18/26)+(S18*3*(K18/26)+(K18/26)*R18) -> #N/A | V18: =IF((F18-$V$3)>0,F18%*K18,0) -> 0 | W18: =(100%-SUMIF('chuyên cần'!$C$6:$AP$31,'Bang luong (chaun)'!C18,'chuyên cần'!$AP$7:$AP$31))*$W$3 -> 300000 | Z18: 1200001 | AB18: 1200001 | AC18: =T18+V18+W18+Z18+U18 -> #N/A | AD18: =J18+AB18 -> 4945001 | AE18: =K18+AB18 -> 6416251 | AF18: 6068501 | AG18: ='ung luong'!#REF! -> #REF! | AH18: =AM18*$AH$2 -> 0 | AI18: =AC18-AG18-AH18 -> #N/A | AJ18: =ROUND(AI18,-3) -> #N/A
A19: =A18+1 -> 12 | B19: NV94 | C19: Trần Minh Trung | D19: NV Nông nghiệp | E19: 42380 | F19: =IF(E19=0,0,INT(($T$2-E19)/365)) -> 0 | G19: =$G$3 -> 3745000 | H19: D.03 | I19: 1 | J19: 3745000 | K19: =VLOOKUP(H19,'thang luong moi'!B:I,'Bang luong (chaun)'!I19+1,0) -> 5216250 | L19: =(K19-J19)/K19 -> 0.28205128 | M19: =VLOOKUP(C19,CC!$C$5:$AJ$67,34,0) -> #N/A | N19: =K19/26*M19 -> #N/A | O19: =VLOOKUP(C19,CC!$C$5:$AM$67,36,0) -> #N/A | P19: =VLOOKUP(C19,CC!$C$5:$BS$67,69,0) -> #N/A | Q19: =VLOOKUP(C19,CC!$C$5:$BT$67,70,0) -> #N/A | R19: =VLOOKUP(C19,CC!$C$5:$AM$67,37,0) -> #N/A | S19: =VLOOKUP(C19,CC!$C$5:$AM$67,35,0) -> #N/A | T19: =((K19/26)*M19)+(O19*(K19/26))+((P19/8)*1.5*(K19/26))+((Q19/8)*2*K19/26)+(S19*3*(K19/26)+(K19/26)*R19) -> #N/A | V19: =IF((F19-$V$3)>0,F19%*K19,0) -> 0 | W19: =(100%-SUMIF('chuyên cần'!$C$6:$AP$31,'Bang luong (chaun)'!C19,'chuyên cần'!$AP$7:$AP$31))*$W$3 -> 300000 | Z19: 2255000 | AB19: 2255000 | AC19: =T19+V19+W19+Z19+U19 -> #N/A | AD19: =J19+AB19 -> 6000000 | AE19: =K19+AB19 -> 7471250 | AF19: 7123500 | AG19: ='ung luong'!#REF! -> #REF! | AH19: =AM19*$AH$2 -> 0 | AI19: =AC19-AG19-AH19 -> #N/A | AJ19: =ROUND(AI19,-3)*0.85 -> #N/A
A20: =A19+1 -> 13 | B20: NV99 | C20: Nguyễn Thị Thúy Diễm | D20: NV Nông nghiệp | E20: 42387 | F20: =IF(E20=0,0,INT(($T$2-E20)/365)) -> 0 | G20: =$G$3 -> 3745000 | H20: D.03 | I20: 1 | J20: 3745000 | K20: =VLOOKUP(H20,'thang luong moi'!B:I,'Bang luong (chaun)'!I20+1,0) -> 5216250 | L20: =(K20-J20)/K20 -> 0.28205128 | M20: =VLOOKUP(C20,CC!$C$5:$AJ$67,34,0) -> #N/A | N20: =K20/26*M20 -> #N/A | O20: =VLOOKUP(C20,CC!$C$5:$AM$67,36,0) -> #N/A | P20: =VLOOKUP(C20,CC!$C$5:$BS$67,69,0) -> #N/A | Q20: =VLOOKUP(C20,CC!$C$5:$BT$67,70,0) -> #N/A | R20: =VLOOKUP(C20,CC!$C$5:$AM$67,37,0) -> #N/A | S20: =VLOOKUP(C20,CC!$C$5:$AM$67,35,0) -> #N/A | T20: =((K20/26)*M20)+(O20*(K20/26))+((P20/8)*1.5*(K20/26))+((Q20/8)*2*K20/26)+(S20*3*(K20/26)+(K20/26)*R20) -> #N/A | V20: =IF((F20-$V$3)>0,F20%*K20,0) -> 0 | W20: =(100%-SUMIF('chuyên cần'!$C$6:$AP$31,'Bang luong (chaun)'!C20,'chuyên cần'!$AP$7:$AP$31))*$W$3 -> 300000 | Z20: 1255000 | AB20: 1255000 | AC20: =T20+V20+W20+Z20+U20 -> #N/A | AD20: =J20+AB20 -> 5000000 | AE20: =K20+AB20 -> 6471250 | AF20: 6123500 | AG20: ='ung luong'!#REF! -> #REF! | AH20: =AM20*$AH$2 -> 0 | AI20: =AC20-AG20-AH20 -> #N/A | AJ20: =ROUND(AI20,-3) -> #N/A
A21: =A20+1 -> 14 | B21: NV100 | C21: Vũ Thị loan | D21: NV Nông nghiệp | E21: 42387 | F21: =IF(E21=0,0,INT(($T$2-E21)/365)) -> 0 | G21: =$G$3 -> 3745000 | H21: D.03 | I21: 1 | J21: 3745000 | K21: =VLOOKUP(H21,'thang luong moi'!B:I,'Bang luong (chaun)'!I21+1,0) -> 5216250 | L21: =(K21-J21)/K21 -> 0.28205128 | M21: =VLOOKUP(C21,CC!$C$5:$AJ$67,34,0) -> #N/A | N21: =K21/26*M21 -> #N/A | O21: =VLOOKUP(C21,CC!$C$5:$AM$67,36,0) -> #N/A | P21: =VLOOKUP(C21,CC!$C$5:$BS$67,69,0) -> #N/A | Q21: =VLOOKUP(C21,CC!$C$5:$BT$67,70,0) -> #N/A | R21: =VLOOKUP(C21,CC!$C$5:$AM$67,37,0) -> #N/A | S21: =VLOOKUP(C21,CC!$C$5:$AM$67,35,0) -> #N/A | T21: =((K21/26)*M21)+(O21*(K21/26))+((P21/8)*1.5*(K21/26))+((Q21/8)*2*K21/26)+(S21*3*(K21/26)+(K21/26)*R21) -> #N/A | V21: =IF((F21-$V$3)>0,F21%*K21,0) -> 0 | W21: =(100%-SUMIF('chuyên cần'!$C$6:$AP$31,'Bang luong (chaun)'!C21,'chuyên cần'!$AP$7:$AP$31))*$W$3 -> 300000 | Z21: 1255000 | AB21: 1255000 | AC21: =T21+V21+W21+Z21+U21 -> #N/A | AD21: =J21+AB21 -> 5000000 | AE21: =K21+AB21 -> 6471250 | AF21: 6123500 | AG21: ='ung luong'!#REF! -> #REF! | AH21: =AM21*$AH$2 -> 0 | AI21: =AC21-AG21-AH21 -> #N/A | AJ21: =ROUND(AI21,-3) -> #N/A
A22: =A21+1 -> 15 | B22: NV101 | C22: Trần Duy Cương | D22: NV Thống kê | E22: 42388 | F22: =IF(E22=0,0,INT(($T$2-E22)/365)) -> 0 | G22: =$G$3 -> 3745000 | H22: B.01 | I22: 1 | J22: 3745000 | K22: =VLOOKUP(H22,'thang luong moi'!B:I,'Bang luong (chaun)'!I22+1,0) -> 4694625 | L22: =(K22-J22)/K22 -> 0.2022792 | M22: =VLOOKUP(C22,CC!$C$5:$AJ$67,34,0) -> #N/A | N22: =K22/26*M22 -> #N/A | O22: =VLOOKUP(C22,CC!$C$5:$AM$67,36,0) -> #N/A | P22: =VLOOKUP(C22,CC!$C$5:$BS$67,69,0) -> #N/A | Q22: =VLOOKUP(C22,CC!$C$5:$BT$67,70,0) -> #N/A | R22: =VLOOKUP(C22,CC!$C$5:$AM$67,37,0) -> #N/A | S22: =VLOOKUP(C22,CC!$C$5:$AM$67,35,0) -> #N/A | T22: =((K22/26)*M22)+(O22*(K22/26))+((P22/8)*1.5*(K22/26))+((Q22/8)*2*K22/26)+(S22*3*(K22/26)+(K22/26)*R22) -> #N/A | V22: =IF((F22-$V$3)>0,F22%*K22,0) -> 0 | W22: =(100%-SUMIF('chuyên cần'!$C$6:$AP$31,'Bang luong (chaun)'!C22,'chuyên cần'!$AP$7:$AP$31))*$W$3 -> 300000 | Z22: 1255000 | AB22: 1255000 | AC22: =T22+V22+W22+Z22+U22 -> #N/A | AD22: =J22+AB22 -> 5000000 | AE22: =K22+AB22 -> 5949625 | AF22: 5636650 | AG22: ='ung luong'!#REF! -> #REF! | AH22: =AM22*$AH$2 -> 0 | AI22: =AC22-AG22-AH22 -> #N/A | AJ22: =ROUND(AI22,-3) -> #N/A
A23: =A22+1 -> 16 | B23: NV102 | C23: Châu Tấn Phát | D23: NV Thống kê | E23: 42389 | F23: =IF(E23=0,0,INT(($T$2-E23)/365)) -> 0 | G23: =$G$3 -> 3745000 | H23: D.03 | I23: 1 | J23: 3745000 | K23: =VLOOKUP(H23,'thang luong moi'!B:I,'Bang luong (chaun)'!I23+1,0) -> 5216250 | L23: =(K23-J23)/K23 -> 0.28205128 | M23: =VLOOKUP(C23,CC!$C$5:$AJ$67,34,0) -> #N/A | N23: =K23/26*M23 -> #N/A | O23: =VLOOKUP(C23,CC!$C$5:$AM$67,36,0) -> #N/A | P23: =VLOOKUP(C23,CC!$C$5:$BS$67,69,0) -> #N/A | Q23: =VLOOKUP(C23,CC!$C$5:$BT$67,70,0) -> #N/A | R23: =VLOOKUP(C23,CC!$C$5:$AM$67,37,0) -> #N/A | S23: =VLOOKUP(C23,CC!$C$5:$AM$67,35,0) -> #N/A | T23: =((K23/26)*M23)+(O23*(K23/26))+((P23/8)*1.5*(K23/26))+((Q23/8)*2*K23/26)+(S23*3*(K23/26)+(K23/26)*R23) -> #N/A | V23: =IF((F23-$V$3)>0,F23%*K23,0) -> 0 | W23: =(100%-SUMIF('chuyên cần'!$C$6:$AP$31,'Bang luong (chaun)'!C23,'chuyên cần'!$AP$7:$AP$31))*$W$3 -> 300000 | Z23: 1955000 | AB23: 1955000 | AC23: =T23+V23+W23+Z23+U23 -> #N/A | AD23: =J23+AB23 -> 5700000 | AE23: =K23+AB23 -> 7171250 | AF23: 6823500 | AG23: ='ung luong'!F98 -> 4000000 | AH23: =AM23*$AH$2 -> 0 | AI23: =AC23-AG23-AH23 -> #N/A | AJ23: =ROUND(AI23,-3) -> #N/A
A24: J | C24: CÔNG NHÂN KỸ THUẬT | Z24: 0 | AC24: =SUM(AC25:AC40) -> #N/A | AG24: =SUM(AG25:AG40) -> #REF! | AH24: =SUM(AH25:AH40) -> 3155070 | AI24: =SUM(AI25:AI40) -> #N/A | AJ24: =SUM(AJ25:AJ40) -> #N/A
A25: =A23+1 -> 17 | B25: NV53 | C25: Trần Ngọc Minh | D25: NV bảo trì | E25: 41108 | F25: =IF(E25=0,0,INT(($T$2-E25)/365)) -> 3 | G25: =$G$3 -> 3745000 | H25: D.03 | I25: 1 | J25: 3745000 | K25: =VLOOKUP(H25,'thang luong moi'!B:I,'Bang luong (chaun)'!I25+1,0) -> 5216250 | L25: =(K25-J25)/K25 -> 0.28205128 | M25: =VLOOKUP(C25,CC!$C$5:$AJ$67,34,0) -> #N/A | N25: =K25/26*M25 -> #N/A | O25: =VLOOKUP(C25,CC!$C$5:$AM$67,36,0) -> #N/A | P25: =VLOOKUP(C25,CC!$C$5:$BS$67,69,0) -> #N/A | Q25: =VLOOKUP(C25,CC!$C$5:$BT$67,70,0) -> #N/A | R25: =VLOOKUP(C25,CC!$C$5:$AM$67,37,0) -> #N/A | S25: =VLOOKUP(C25,CC!$C$5:$AM$67,35,0) -> #N/A | T25: =((K25/26)*M25)+(O25*(K25/26))+((P25/8)*1.5*(K25/26))+((Q25/8)*2*K25/26)+(S25*3*(K25/26)+(K25/26)*R25) -> #N/A | U25: =VLOOKUP(C25,'Công tổng'!$C$53:$BY$67,66,0)-N25 -> #N/A | V25: =IF((F25-$V$3)>0,F25%*K25,0) -> 156487.5 | W25: =(100%-SUMIF('chuyên cần'!$C$6:$AP$31,'Bang luong (chaun)'!C25,'chuyên cần'!$AP$7:$AP$31))*$W$3 -> 300000 | Z25: 687650 | AB25: 1100000 | AC25: =T25+V25+W25+Z25+U25 -> #N/A | AD25: =J25+AB25 -> 4845000 | AE25: =K25+AB25 -> 6316250 | AF25: 5968500 | AG25: ='ung luong'!F127 -> 0 | AH25: =AM25*$AH$2 -> 351750 | AI25: =AC25-AG25-AH25 -> #N/A | AJ25: =ROUND(AI25,-3) -> #N/A | AM25: 3350000
A26: =A25+1 -> 18 | B26: NV54 | C26: Đào Công Thắng | D26: QL xe cơ giới | E26: 41611 | F26: =IF(E26=0,0,INT(($T$2-E26)/365)) -> 2 | G26: =$G$3 -> 3745000 | H26: D.02 | I26: 3 | J26: 7115500 | K26: =VLOOKUP(H26,'thang luong moi'!B:I,'Bang luong (chaun)'!I26+1,0) -> 8025000 | L26: =(K26-J26)/K26 -> 0.11333333 | M26: =VLOOKUP(C26,CC!$C$5:$AJ$67,34,0) -> #N/A | N26: =K26/26*M26 -> #N/A | O26: =VLOOKUP(C26,CC!$C$5:$AM$67,36,0) -> #N/A | P26: =VLOOKUP(C26,CC!$C$5:$BS$67,69,0) -> #N/A | Q26: =VLOOKUP(C26,CC!$C$5:$BT$67,70,0) -> #N/A | R26: =VLOOKUP(C26,CC!$C$5:$AM$67,37,0) -> #N/A | S26: =VLOOKUP(C26,CC!$C$5:$AM$67,35,0) -> #N/A | T26: =((K26/26)*M26)+(O26*(K26/26))+((P26/8)*1.5*(K26/26))+((Q26/8)*2*K26/26)+(S26*3*(K26/26)+(K26/26)*R26) -> #N/A | V26: =IF((F26-$V$3)>0,F26%*K26,0) -> 160500 | W26: =(100%-SUMIF('chuyên cần'!$C$6:$AP$31,'Bang luong (chaun)'!C26,'chuyên cần'!$AP$7:$AP$31))*$W$3 -> 300000 | Z26: 1307690 | AB26: 1750000 | AC26: =T26+V26+W26+Z26+U26 -> #N/A | AD26: =J26+AB26 -> 8865500 | AE26: =K26+AB26 -> 9775000 | AF26: 9240000 | AG26: ='ung luong'!#REF! -> #REF! | AH26: =AM26*$AH$2 -> 351750 | AI26: =AC26-AG26-AH26 -> #N/A | AJ26: =ROUND(AI26,-3) -> #N/A | AM26: 3350000
A27: =A26+1 -> 19 | B27: NV56 | C27: Chung Văn Hiệp | D27: Lái xe cơ giới | E27: 41739 | F27: =IF(E27=0,0,INT(($T$2-E27)/365)) -> 1 | G27: =$G$3 -> 3745000 | H27: B.02 | I27: 2 | J27: 3745000 | K27: =VLOOKUP(H27,'thang luong moi'!B:I,'Bang luong (chaun)'!I27+1,0) -> 4694625 | L27: =(K27-J27)/K27 -> 0.2022792 | M27: =VLOOKUP(C27,CC!$C$5:$AJ$67,34,0) -> #N/A | N27: =K27/26*M27 -> #N/A | O27: =VLOOKUP(C27,CC!$C$5:$AM$67,36,0) -> #N/A | P27: =VLOOKUP(C27,CC!$C$5:$BS$67,69,0) -> #N/A | Q27: =VLOOKUP(C27,CC!$C$5:$BT$67,70,0) -> #N/A | R27: =VLOOKUP(C27,CC!$C$5:$AM$67,37,0) -> #N/A | S27: =VLOOKUP(C27,CC!$C$5:$AM$67,35,0) -> #N/A | T27: =((K27/26)*M27)+(O27*(K27/26))+((P27/8)*1.5*(K27/26))+((Q27/8)*2*K27/26)+(S27*3*(K27/26)+(K27/26)*R27) -> #N/A | U27: =VLOOKUP(C27,'Công tổng'!$C$53:$BY$67,66,0)-N27 -> #N/A | V27: =IF((F27-$V$3)>0,F27%*K27,0) -> 0 | W27: =(100%-SUMIF('chuyên cần'!$C$6:$AP$31,'Bang luong (chaun)'!C27,'chuyên cần'!$AP$7:$AP$31))*$W$3 -> 300000 | Z27: 0 | AB27: 75000 | AC27: =T27+V27+W27+Z27+U27 -> #N/A | AD27: =J27+AB27 -> 3820000 | AE27: =K27+AB27 -> 4769625 | AF27: 4456650 | AG27: ='ung luong'!#REF! -> #REF! | AH27: =AM27*$AH$2 -> 351750 | AI27: =AC27-AG27-AH27 -> #N/A | AJ27: =ROUND(AI27,-3) -> #N/A | AM27: 3350000
A28: =A27+1 -> 20 | B28: NV57 | C28: Lê Tấn Phát | D28: Lái xe cơ giới | E28: 37257 | F28: =IF(E28=0,0,INT(($T$2-E28)/365)) -> 14 | G28: =$G$3 -> 3745000 | H28: B.02 | I28: 2 | J28: 4119500 | K28: =VLOOKUP(H28,'thang luong moi'!B:I,'Bang luong (chaun)'!I28+1,0) -> 4694625 | L28: =(K28-J28)/K28 -> 0.12250712 | M28: =VLOOKUP(C28,CC!$C$5:$AJ$67,34,0) -> 27 | N28: =K28/26*M28 -> 4875187.5 | O28: =VLOOKUP(C28,CC!$C$5:$AM$67,36,0) -> 0 | P28: =VLOOKUP(C28,CC!$C$5:$BS$67,69,0) -> 0 | Q28: =VLOOKUP(C28,CC!$C$5:$BT$67,70,0) -> 0 | R28: =VLOOKUP(C28,CC!$C$5:$AM$67,37,0) -> 0 | S28: =VLOOKUP(C28,CC!$C$5:$AM$67,35,0) -> 0 | T28: =((K28/26)*M28)+(O28*(K28/26))+((P28/8)*1.5*(K28/26))+((Q28/8)*2*K28/26)+(S28*3*(K28/26)+(K28/26)*R28) -> 4875187.5 | U28: =VLOOKUP(C28,'Công tổng'!$C$53:$BY$67,66,0)-N28 -> #N/A | V28: =IF((F28-$V$3)>0,F28%*K28,0) -> 657247.5 | W28: =(100%-SUMIF('chuyên cần'!$C$6:$AP$31,'Bang luong (chaun)'!C28,'chuyên cần'!$AP$7:$AP$31))*$W$3 -> 300000 | AB28: 726730 | AC28: =T28+V28+W28+Z28+U28 -> #N/A | AD28: =J28+AB28 -> 4846230 | AE28: =K28+AB28 -> 5421355 | AF28: 5108380 | AG28: ='ung luong'!#REF! -> #REF! | AH28: =AM28*$AH$2 -> 351750 | AI28: =AC28-AG28-AH28 -> #N/A | AJ28: =ROUND(AI28,-3) -> #N/A | AM28: 3350000
A29: =A28+1 -> 21 | B29: NV58 | C29: Triệu Minh Tú | D29: Lái xe cơ giới | E29: 37622 | F29: =IF(E29=0,0,INT(($T$2-E29)/365)) -> 13 | G29: =$G$3 -> 3745000 | H29: B.02 | I29: 2 | J29: 4119500 | K29: =VLOOKUP(H29,'thang luong moi'!B:I,'Bang luong (chaun)'!I29+1,0) -> 4694625 | L29: =(K29-J29)/K29 -> 0.12250712 | M29: =VLOOKUP(C29,CC!$C$5:$AJ$67,34,0) -> #N/A | N29: =K29/26*M29 -> #N/A | O29: =VLOOKUP(C29,CC!$C$5:$AM$67,36,0) -> #N/A | P29: =VLOOKUP(C29,CC!$C$5:$BS$67,69,0) -> #N/A | Q29: =VLOOKUP(C29,CC!$C$5:$BT$67,70,0) -> #N/A | R29: =VLOOKUP(C29,CC!$C$5:$AM$67,37,0) -> #N/A | S29: =VLOOKUP(C29,CC!$C$5:$AM$67,35,0) -> #N/A | T29: =((K29/26)*M29)+(O29*(K29/26))+((P29/8)*1.5*(K29/26))+((Q29/8)*2*K29/26)+(S29*3*(K29/26)+(K29/26)*R29) -> #N/A | U29: =VLOOKUP(C29,'Công tổng'!$C$53:$BY$67,66,0)-N29 -> #N/A | V29: =IF((F29-$V$3)>0,F29%*K29,0) -> 610301.25 | W29: =(100%-SUMIF('chuyên cần'!$C$6:$AP$31,'Bang luong (chaun)'!C29,'chuyên cần'!$AP$7:$AP$31))*$W$3 -> 300000 | AB29: 610535 | AC29: =T29+V29+W29+Z29+U29 -> #N/A | AD29: =J29+AB29 -> 4730035 | AE29: =K29+AB29 -> 5305160 | AF29: 4992185 | AG29: ='ung luong'!F82 -> 3000000 | AH29: =AM29*$AH$2 -> 351750 | AI29: =AC29-AG29-AH29 -> #N/A | AJ29: =ROUND(AI29,-3) -> #N/A | AM29: 3350000
A30: =A29+1 -> 22 | B30: NV59 | C30: Triệu Minh Thắng | D30: Lái xe cơ giới | E30: 40596 | F30: =IF(E30=0,0,INT(($T$2-E30)/365)) -> 5 | G30: =$G$3 -> 3745000 | H30: B.02 | I30: 1 | J30: 3745000 | K30: =VLOOKUP(H30,'thang luong moi'!B:I,'Bang luong (chaun)'!I30+1,0) -> 4413750 | L30: =(K30-J30)/K30 -> 0.15151515 | M30: =VLOOKUP(C30,CC!$C$5:$AJ$67,34,0) -> #N/A | N30: =K30/26*M30 -> #N/A | O30: =VLOOKUP(C30,CC!$C$5:$AM$67,36,0) -> #N/A | P30: =VLOOKUP(C30,CC!$C$5:$BS$67,69,0) -> #N/A | Q30: =VLOOKUP(C30,CC!$C$5:$BT$67,70,0) -> #N/A | R30: =VLOOKUP(C30,CC!$C$5:$AM$67,37,0) -> #N/A | S30: =VLOOKUP(C30,CC!$C$5:$AM$67,35,0) -> #N/A | T30: =((K30/26)*M30)+(O30*(K30/26))+((P30/8)*1.5*(K30/26))+((Q30/8)*2*K30/26)+(S30*3*(K30/26)+(K30/26)*R30) -> #N/A | U30: =VLOOKUP(C30,'Công tổng'!$C$53:$BY$67,66,0)-N30 -> #N/A | V30: =IF((F30-$V$3)>0,F30%*K30,0) -> 220687.5 | W30: =(100%-SUMIF('chuyên cần'!$C$6:$AP$31,'Bang luong (chaun)'!C30,'chuyên cần'!$AP$7:$AP$31))*$W$3 -> 300000 | AB30: 487250 | AC30: =T30+V30+W30+Z30+U30 -> #N/A | AD30: =J30+AB30 -> 4232250 | AE30: =K30+AB30 -> 4901000 | AF30: 4606750 | AG30: ='ung luong'!#REF! -> #REF! | AH30: =AM30*$AH$2 -> 348285 | AI30: =AC30-AG30-AH30 -> #N/A | AJ30: =ROUND(AI30,-3) -> #N/A | AM30: 3317000
A31: =A30+1 -> 23 | B31: NV60 | C31: Thạch Giàu | D31: Lái xe cơ giới | E31: 41321 | F31: =IF(E31=0,0,INT(($T$2-E31)/365)) -> 3 | G31: =$G$3 -> 3745000 | H31: B.02 | I31: 1 | J31: 3745000 | K31: =VLOOKUP(H31,'thang luong moi'!B:I,'Bang luong (chaun)'!I31+1,0) -> 4413750 | L31: =(K31-J31)/K31 -> 0.15151515 | M31: =VLOOKUP(C31,CC!$C$5:$AJ$67,34,0) -> 27 | N31: =K31/26*M31 -> 4583509.6 | O31: =VLOOKUP(C31,CC!$C$5:$AM$67,36,0) -> 0 | P31: =VLOOKUP(C31,CC!$C$5:$BS$67,69,0) -> 0 | Q31: =VLOOKUP(C31,CC!$C$5:$BT$67,70,0) -> 0 | R31: =VLOOKUP(C31,CC!$C$5:$AM$67,37,0) -> 0 | S31: =VLOOKUP(C31,CC!$C$5:$AM$67,35,0) -> 0 | T31: =((K31/26)*M31)+(O31*(K31/26))+((P31/8)*1.5*(K31/26))+((Q31/8)*2*K31/26)+(S31*3*(K31/26)+(K31/26)*R31) -> 4583509.6 | U31: =VLOOKUP(C31,'Công tổng'!$C$53:$BY$67,66,0)-N31 -> #N/A | V31: =IF((F31-$V$3)>0,F31%*K31,0) -> 132412.5 | W31: =(100%-SUMIF('chuyên cần'!$C$6:$AP$31,'Bang luong (chaun)'!C31,'chuyên cần'!$AP$7:$AP$31))*$W$3 -> 300000 | AB31: 412350 | AC31: =T31+V31+W31+Z31+U31 -> #N/A | AD31: =J31+AB31 -> 4157350 | AE31: =K31+AB31 -> 4826100 | AF31: 4531850 | AG31: ='ung luong'!#REF! -> #REF! | AH31: 348000 | AI31: =AC31-AG31-AH31 -> #N/A | AJ31: =ROUND(AI31,-3) -> #N/A | AM31: 3317000
A32: =A31+1 -> 24 | B32: NV61 | C32: Nguyễn Quốc Việt | D32: Lái xe cơ giới | E32: 41589 | F32: =IF(E32=0,0,INT(($T$2-E32)/365)) -> 2 | G32: =$G$3 -> 3745000 | H32: B.02 | I32: 1 | J32: 3745000 | K32: =VLOOKUP(H32,'thang luong moi'!B:I,'Bang luong (chaun)'!I32+1,0) -> 4413750 | L32: =(K32-J32)/K32 -> 0.15151515 | M32: =VLOOKUP(C32,CC!$C$5:$AJ$67,34,0) -> #N/A | N32: =K32/26*M32 -> #N/A | O32: =VLOOKUP(C32,CC!$C$5:$AM$67,36,0) -> #N/A | P32: =VLOOKUP(C32,CC!$C$5:$BS$67,69,0) -> #N/A | Q32: =VLOOKUP(C32,CC!$C$5:$BT$67,70,0) -> #N/A | R32: =VLOOKUP(C32,CC!$C$5:$AM$67,37,0) -> #N/A | S32: =VLOOKUP(C32,CC!$C$5:$AM$67,35,0) -> #N/A | T32: =((K32/26)*M32)+(O32*(K32/26))+((P32/8)*1.5*(K32/26))+((Q32/8)*2*K32/26)+(S32*3*(K32/26)+(K32/26)*R32) -> #N/A | U32: =VLOOKUP(C32,'Công tổng'!$C$53:$BY$67,66,0)-N32 -> #N/A | V32: =IF((F32-$V$3)>0,F32%*K32,0) -> 88275 | W32: =(100%-SUMIF('chuyên cần'!$C$6:$AP$31,'Bang luong (chaun)'!C32,'chuyên cần'!$AP$7:$AP$31))*$W$3 -> 300000 | AB32: 149900 | AC32: =T32+V32+W32+Z32+U32 -> #N/A | AD32: =J32+AB32 -> 3894900 | AE32: =K32+AB32 -> 4563650 | AF32: 4269400 | AG32: ='ung luong'!#REF! -> #REF! | AH32: =AM32*$AH$2 -> 348285 | AI32: =AC32-AG32-AH32 -> #N/A | AJ32: =ROUND(AI32,-3) -> #N/A | AM32: 3317000
A33: =A32+1 -> 25 | B33: NV62 | C33: Nguyễn Trọng Minh | D33: Lái xe cơ giới | E33: 38838 | F33: =IF(E33=0,0,INT(($T$2-E33)/365)) -> 9 | G33: =$G$3 -> 3745000 | H33: B.01 | I33: 5 | J33: 4868500 | K33: =VLOOKUP(H33,'thang luong moi'!B:I,'Bang luong (chaun)'!I33+1,0) -> 5497125 | L33: =(K33-J33)/K33 -> 0.11435523 | M33: =VLOOKUP(C33,CC!$C$5:$AJ$67,34,0) -> 27 | N33: =K33/26*M33 -> 5708552.9 | O33: =VLOOKUP(C33,CC!$C$5:$AM$67,36,0) -> 0 | P33: =VLOOKUP(C33,CC!$C$5:$BS$67,69,0) -> 0 | Q33: =VLOOKUP(C33,CC!$C$5:$BT$67,70,0) -> 0 | R33: =VLOOKUP(C33,CC!$C$5:$AM$67,37,0) -> 0 | S33: =VLOOKUP(C33,CC!$C$5:$AM$67,35,0) -> 0 | T33: =((K33/26)*M33)+(O33*(K33/26))+((P33/8)*1.5*(K33/26))+((Q33/8)*2*K33/26)+(S33*3*(K33/26)+(K33/26)*R33) -> 5708552.9 | V33: =IF((F33-$V$3)>0,F33%*K33,0) -> 494741.25 | W33: =(100%-SUMIF('chuyên cần'!$C$6:$AP$31,'Bang luong (chaun)'!C33,'chuyên cần'!$AP$7:$AP$31))*$W$3 -> 300000 | Z33: 200000 | AB33: 938165 | AC33: =T33+V33+W33+Z33+U33 -> 6703294.1 | AD33: =J33+AB33 -> 5806665 | AE33: =K33+AB33 -> 6435290 | AF33: 6068815 | AG33: ='ung luong'!#REF! -> #REF! | AH33: =AM33*$AH$2 -> 351750 | AI33: =AC33-AG33-AH33 -> #REF! | AJ33: =ROUND(AI33,-3) -> #REF! | AM33: 3350000
A34: =A33+1 -> 26 | B34: NV63 | C34: Trần Thanh Hậu | D34: Lái xe cơ giới | E34: 41852 | F34: =IF(E34=0,0,INT(($T$2-E34)/365)) -> 1 | G34: =$G$3 -> 3745000 | H34: B.02 | I34: 1 | J34: 3745000 | K34: =VLOOKUP(H34,'thang luong moi'!B:I,'Bang luong (chaun)'!I34+1,0) -> 4413750 | L34: =(K34-J34)/K34 -> 0.15151515 | M34: =VLOOKUP(C34,CC!$C$5:$AJ$67,34,0) -> 27 | N34: =K34/26*M34 -> 4583509.6 | O34: =VLOOKUP(C34,CC!$C$5:$AM$67,36,0) -> 0 | P34: =VLOOKUP(C34,CC!$C$5:$BS$67,69,0) -> 0 | Q34: =VLOOKUP(C34,CC!$C$5:$BT$67,70,0) -> 0 | R34: =VLOOKUP(C34,CC!$C$5:$AM$67,37,0) -> 0 | S34: =VLOOKUP(C34,CC!$C$5:$AM$67,35,0) -> 0 | T34: =((K34/26)*M34)+(O34*(K34/26))+((P34/8)*1.5*(K34/26))+((Q34/8)*2*K34/26)+(S34*3*(K34/26)+(K34/26)*R34) -> 4583509.6 | U34: =VLOOKUP(C34,'Công tổng'!$C$53:$BY$67,66,0)-N34 -> #N/A | V34: =IF((F34-$V$3)>0,F34%*K34,0) -> 0 | W34: =(100%-SUMIF('chuyên cần'!$C$6:$AP$31,'Bang luong (chaun)'!C34,'chuyên cần'!$AP$7:$AP$31))*$W$3 -> 300000 | Z34: 0 | AB34: 0 | AC34: =T34+V34+W34+Z34+U34 -> #N/A | AD34: =J34+AB34 -> 3745000 | AE34: =K34+AB34 -> 4413750 | AF34: 4119500 | AG34: ='ung luong'!F107 -> 4000000 | AH34: =AM34*$AH$2 -> 0 | AI34: =AC34-AG34-AH34 -> #N/A | AJ34: =ROUND(AI34,-3) -> #N/A
A35: =A34+1 -> 27 | B35: NV64 | C35: Phan Văn Bạn | D35: Lái xe cơ giới | E35: 41640 | F35: =IF(E35=0,0,INT(($T$2-E35)/365)) -> 2 | G35: =$G$3 -> 3745000 | H35: B.02 | I35: 1 | J35: 3745000 | K35: =VLOOKUP(H35,'thang luong moi'!B:I,'Bang luong (chaun)'!I35+1,0) -> 4413750 | L35: =(K35-J35)/K35 -> 0.15151515 | M35: =VLOOKUP(C35,CC!$C$5:$AJ$67,34,0) -> #N/A | N35: =K35/26*M35 -> #N/A | O35: =VLOOKUP(C35,CC!$C$5:$AM$67,36,0) -> #N/A | P35: =VLOOKUP(C35,CC!$C$5:$BS$67,69,0) -> #N/A | Q35: =VLOOKUP(C35,CC!$C$5:$BT$67,70,0) -> #N/A | R35: =VLOOKUP(C35,CC!$C$5:$AM$67,37,0) -> #N/A | S35: =VLOOKUP(C35,CC!$C$5:$AM$67,35,0) -> #N/A | T35: =((K35/26)*M35)+(O35*(K35/26))+((P35/8)*1.5*(K35/26))+((Q35/8)*2*K35/26)+(S35*3*(K35/26)+(K35/26)*R35) -> #N/A | U35: =VLOOKUP(C35,'Công tổng'!$C$53:$BY$67,66,0)-N35 -> #N/A | V35: =IF((F35-$V$3)>0,F35%*K35,0) -> 88275 | W35: =(100%-SUMIF('chuyên cần'!$C$6:$AP$31,'Bang luong (chaun)'!C35,'chuyên cần'!$AP$7:$AP$31))*$W$3 -> 300000 | Z35: 0 | AB35: 374900 | AC35: =T35+V35+W35+Z35+U35 -> #N/A | AD35: =J35+AB35 -> 4119900 | AE35: =K35+AB35 -> 4788650 | AF35: 4494400 | AG35: ='ung luong'!#REF! -> #REF! | AH35: =AM35*$AH$2 -> 0 | AI35: =AC35-AG35-AH35 -> #N/A | AJ35: =ROUND(AI35,-3) -> #N/A
A36: =A35+1 -> 28 | B36: NV65 | C36: Châu Thành Nhân | D36: Lái xe cơ giới | E36: 41997 | F36: =IF(E36=0,0,INT(($T$2-E36)/365)) -> 1 | G36: =$G$3 -> 3745000 | H36: B.02 | I36: 1 | J36: 3745000 | K36: =VLOOKUP(H36,'thang luong moi'!B:I,'Bang luong (chaun)'!I36+1,0) -> 4413750 | L36: =(K36-J36)/K36 -> 0.15151515 | M36: =VLOOKUP(C36,CC!$C$5:$AJ$67,34,0) -> 27 | N36: =K36/26*M36 -> 4583509.6 | O36: =VLOOKUP(C36,CC!$C$5:$AM$67,36,0) -> 0 | P36: =VLOOKUP(C36,CC!$C$5:$BS$67,69,0) -> 0 | Q36: =VLOOKUP(C36,CC!$C$5:$BT$67,70,0) -> 0 | R36: =VLOOKUP(C36,CC!$C$5:$AM$67,37,0) -> 0 | S36: =VLOOKUP(C36,CC!$C$5:$AM$67,35,0) -> 0 | T36: =((K36/26)*M36)+(O36*(K36/26))+((P36/8)*1.5*(K36/26))+((Q36/8)*2*K36/26)+(S36*3*(K36/26)+(K36/26)*R36) -> 4583509.6 | U36: =VLOOKUP(C36,'Công tổng'!$C$53:$BY$67,66,0)-N36 -> -4583509.6 | V36: =IF((F36-$V$3)>0,F36%*K36,0) -> 0 | W36: =(100%-SUMIF('chuyên cần'!$C$6:$AP$31,'Bang luong (chaun)'!C36,'chuyên cần'!$AP$7:$AP$31))*$W$3 -> 300000 | Z36: 0 | AB36: 75000 | AC36: =T36+V36+W36+Z36+U36 -> 300000 | AD36: =J36+AB36 -> 3820000 | AE36: =K36+AB36 -> 4488750 | AF36: 4194500 | AG36: ='ung luong'!F103 -> 0 | AH36: =AM36*$AH$2 -> 0 | AI36: =AC36-AG36-AH36 -> 300000 | AJ36: =ROUND(AI36,-3) -> 300000
A37: =A36+1 -> 29 | B37: NV66 | C37: Nguyễn Văn Chạy | D37: Lái xe cơ giới | E37: 41786 | F37: =IF(E37=0,0,INT(($T$2-E37)/365)) -> 1 | G37: =$G$3 -> 3745000 | H37: B.02 | I37: 1 | J37: 3745000 | K37: =VLOOKUP(H37,'thang luong moi'!B:I,'Bang luong (chaun)'!I37+1,0) -> 4413750 | L37: =(K37-J37)/K37 -> 0.15151515 | M37: =VLOOKUP(C37,CC!$C$5:$AJ$67,34,0) -> 27 | N37: =K37/26*M37 -> 4583509.6 | O37: =VLOOKUP(C37,CC!$C$5:$AM$67,36,0) -> 0 | P37: =VLOOKUP(C37,CC!$C$5:$BS$67,69,0) -> 0 | Q37: =VLOOKUP(C37,CC!$C$5:$BT$67,70,0) -> 0 | R37: =VLOOKUP(C37,CC!$C$5:$AM$67,37,0) -> 0 | S37: =VLOOKUP(C37,CC!$C$5:$AM$67,35,0) -> 0 | T37: =((K37/26)*M37)+(O37*(K37/26))+((P37/8)*1.5*(K37/26))+((Q37/8)*2*K37/26)+(S37*3*(K37/26)+(K37/26)*R37) -> 4583509.6 | U37: =VLOOKUP(C37,'Công tổng'!$C$53:$BY$67,66,0)-N37 -> -4583509.6 | V37: =IF((F37-$V$3)>0,F37%*K37,0) -> 0 | W37: =(100%-SUMIF('chuyên cần'!$C$6:$AP$31,'Bang luong (chaun)'!C37,'chuyên cần'!$AP$7:$AP$31))*$W$3 -> 300000 | Z37: 0 | AB37: 300000 | AC37: =T37+V37+W37+Z37+U37 -> 300000 | AD37: =J37+AB37 -> 4045000 | AE37: =K37+AB37 -> 4713750 | AF37: 4419500 | AG37: ='ung luong'!F99 -> 4000000 | AH37: =AM37*$AH$2 -> 0 | AI37: =AC37-AG37-AH37 -> -3700000 | AJ37: =ROUND(AI37,-3) -> -3700000
A38: =A37+1 -> 30 | B38: NV67 | C38: Hà Hoàng Hùng | D38: Lái xe cơ giới | E38: 41876 | F38: =IF(E38=0,0,INT(($T$2-E38)/365)) -> 1 | G38: =$G$3 -> 3745000 | H38: B.02 | I38: 1 | J38: 3745000 | K38: =VLOOKUP(H38,'thang luong moi'!B:I,'Bang luong (chaun)'!I38+1,0) -> 4413750 | L38: =(K38-J38)/K38 -> 0.15151515 | M38: =VLOOKUP(C38,CC!$C$5:$AJ$67,34,0) -> 27 | N38: =K38/26*M38 -> 4583509.6 | O38: =VLOOKUP(C38,CC!$C$5:$AM$67,36,0) -> 0 | P38: =VLOOKUP(C38,CC!$C$5:$BS$67,69,0) -> 0 | Q38: =VLOOKUP(C38,CC!$C$5:$BT$67,70,0) -> 0 | R38: =VLOOKUP(C38,CC!$C$5:$AM$67,37,0) -> 0 | S38: =VLOOKUP(C38,CC!$C$5:$AM$67,35,0) -> 0 | T38: =((K38/26)*M38)+(O38*(K38/26))+((P38/8)*1.5*(K38/26))+((Q38/8)*2*K38/26)+(S38*3*(K38/26)+(K38/26)*R38) -> 4583509.6 | U38: =VLOOKUP(C38,'Công tổng'!$C$53:$BY$67,66,0)-N38 -> -4583509.6 | V38: =IF((F38-$V$3)>0,F38%*K38,0) -> 0 | W38: =(100%-SUMIF('chuyên cần'!$C$6:$AP$31,'Bang luong (chaun)'!C38,'chuyên cần'!$AP$7:$AP$31))*$W$3 -> 300000 | Z38: 0 | AB38: 300000 | AC38: =T38+V38+W38+Z38+U38 -> 300000 | AD38: =J38+AB38 -> 4045000 | AE38: =K38+AB38 -> 4713750 | AF38: 4419500 | AG38: ='ung luong'!F100 -> 3500000 | AH38: =AM38*$AH$2 -> 0 | AI38: =AC38-AG38-AH38 -> -3200000 | AJ38: =ROUND(AI38,-3) -> -3200000
A39: =A38+1 -> 31 | B39: NV68 | C39: Nguyễn Thanh Nhàn | D39: Lái xe cơ giới | E39: 42201 | F39: =IF(E39=0,0,INT(($T$2-E39)/365)) -> 0 | G39: =$G$3 -> 3745000 | H39: B.02 | I39: 1 | J39: 3745000 | K39: =VLOOKUP(H39,'thang luong moi'!B:I,'Bang luong (chaun)'!I39+1,0) -> 4413750 | L39: =(K39-J39)/K39 -> 0.15151515 | M39: =VLOOKUP(C39,CC!$C$5:$AJ$67,34,0) -> #N/A | N39: =K39/26*M39 -> #N/A | O39: =VLOOKUP(C39,CC!$C$5:$AM$67,36,0) -> #N/A | P39: =VLOOKUP(C39,CC!$C$5:$BS$67,69,0) -> #N/A | Q39: =VLOOKUP(C39,CC!$C$5:$BT$67,70,0) -> #N/A | R39: =VLOOKUP(C39,CC!$C$5:$AM$67,37,0) -> #N/A | S39: =VLOOKUP(C39,CC!$C$5:$AM$67,35,0) -> #N/A | T39: =((K39/26)*M39)+(O39*(K39/26))+((P39/8)*1.5*(K39/26))+((Q39/8)*2*K39/26)+(S39*3*(K39/26)+(K39/26)*R39) -> #N/A | U39: =VLOOKUP(C39,'Công tổng'!$C$53:$BY$67,66,0)-N39 -> #N/A | V39: =IF((F39-$V$3)>0,F39%*K39,0) -> 0 | W39: =(100%-SUMIF('chuyên cần'!$C$6:$AP$31,'Bang luong (chaun)'!C39,'chuyên cần'!$AP$7:$AP$31))*$W$3 -> 300000 | Z39: 0 | AB39: 150000 | AC39: =T39+V39+W39+Z39+U39 -> #N/A | AD39: =J39+AB39 -> 3895000 | AE39: =K39+AB39 -> 4563750 | AF39: 4269500 | AG39: ='ung luong'!#REF! -> #REF! | AH39: =AM39*$AH$2 -> 0 | AI39: =AC39-AG39-AH39 -> #N/A | AJ39: =ROUND(AI39,-3) -> #N/A
A40: =A39+1 -> 32 | B40: NV93 | C40: Châu Văn Phước | D40: Lái xe cơ giới | E40: 42371 | F40: =IF(E40=0,0,INT(($T$2-E40)/365)) -> 0 | G40: =$G$3 -> 3745000 | H40: B.02 | I40: 1 | J40: 3745000 | K40: =VLOOKUP(H40,'thang luong moi'!B:I,'Bang luong (chaun)'!I40+1,0) -> 4413750 | L40: =(K40-J40)/K40 -> 0.15151515 | M40: =VLOOKUP(C40,CC!$C$5:$AJ$67,34,0) -> 27 | N40: =K40/26*M40 -> 4583509.6 | O40: =VLOOKUP(C40,CC!$C$5:$AM$67,36,0) -> 0 | P40: =VLOOKUP(C40,CC!$C$5:$BS$67,69,0) -> 0 | Q40: =VLOOKUP(C40,CC!$C$5:$BT$67,70,0) -> 0 | R40: =VLOOKUP(C40,CC!$C$5:$AM$67,37,0) -> 0 | S40: =VLOOKUP(C40,CC!$C$5:$AM$67,35,0) -> 0 | T40: =((K40/26)*M40)+(O40*(K40/26))+((P40/8)*1.5*(K40/26))+((Q40/8)*2*K40/26)+(S40*3*(K40/26)+(K40/26)*R40) -> 4583509.6 | U40: =VLOOKUP(C40,'Công tổng'!$C$53:$BY$67,66,0)-N40 -> #N/A | V40: =IF((F40-$V$3)>0,F40%*K40,0) -> 0 | W40: =(100%-SUMIF('chuyên cần'!$C$6:$AP$31,'Bang luong (chaun)'!C40,'chuyên cần'!$AP$7:$AP$31))*$W$3 -> 300000 | Z40: 0 | AB40: 300000 | AC40: =T40+V40+W40+Z40+U40 -> #N/A | AD40: =J40+AB40 -> 4045000 | AE40: =K40+AB40 -> 4713750 | AF40: 4419500 | AG40: ='ung luong'!#REF! -> #REF! | AH40: =AM40*$AH$2 -> 0 | AI40: =AC40-AG40-AH40 -> #N/A | AJ40: =ROUND(AI40,-3) -> #N/A
Z41: 0 | AC41: =SUM(AC42:AC79) -> #N/A | AG41: =SUM(AG42:AG79) -> #REF! | AH41: =SUM(AH42:AH79) -> 1393140 | AI41: =SUM(AI42:AI79) -> #N/A | AJ41: =SUM(AJ42:AJ79) -> #N/A
A42: =A40+1 -> 33 | B42: NV69 | C42: Lâm Ban | D42: Công nhân | E42: 40462 | F42: =IF(E42=0,0,INT(($T$2-E42)/365)) -> 5 | G42: =$G$3 -> 3745000 | H42: B.05 | I42: 1 | J42: 3745000 | K42: =VLOOKUP(H42,'thang luong moi'!B:I,'Bang luong (chaun)'!I42+1,0) -> 4213125 | L42: =(K42-J42)/K42 -> 0.11111111 | M42: =VLOOKUP(C42,CC!$C$5:$AJ$67,34,0) -> #N/A | N42: =K42/26*M42 -> #N/A | O42: =VLOOKUP(C42,CC!$C$5:$AM$67,36,0) -> #N/A | P42: =VLOOKUP(C42,CC!$C$5:$BS$67,69,0) -> #N/A | Q42: =VLOOKUP(C42,CC!$C$5:$BT$67,70,0) -> #N/A | R42: =VLOOKUP(C42,CC!$C$5:$AM$67,37,0) -> #N/A | S42: =VLOOKUP(C42,CC!$C$5:$AM$67,35,0) -> #N/A | T42: =((K42/26)*M42)+(O42*(K42/26))+((P42/8)*1.5*(K42/26))+((Q42/8)*2*K42/26)+(S42*3*(K42/26)+(K42/26)*R42) -> #N/A | U42: =VLOOKUP(C42,'Công tổng'!$C$53:$BY$67,66,0)-N42 -> #N/A | V42: =IF((F42-$V$3)>0,F42%*K42,0) -> 210656.25 | W42: =(100%-SUMIF('chuyên cần'!$C$6:$AP$31,'Bang luong (chaun)'!C42,'chuyên cần'!$AP$7:$AP$31))*$W$3 -> 300000 | AB42: 187250 | AC42: =T42+V42+W42+Z42+U42 -> #N/A | AD42: =J42+AB42 -> 3932250 | AE42: =K42+AB42 -> 4400375 | AF42: 4119500 | AG42: ='ung luong'!#REF! -> #REF! | AH42: =AM42*$AH$2 -> 348285 | AI42: =AC42-AG42-AH42 -> #N/A | AJ42: =ROUND(AI42,-3) -> #N/A | AM42: 3317000
A43: =A42+1 -> 34 | B43: NV70 | C43: Ngô Văn Thanh | D43: Công nhân | E43: 40596 | F43: =IF(E43=0,0,INT(($T$2-E43)/365)) -> 5 | G43: =$G$3 -> 3745000 | H43: B.05 | I43: 1 | J43: 3745000 | K43: =VLOOKUP(H43,'thang luong moi'!B:I,'Bang luong (chaun)'!I43+1,0) -> 4213125 | L43: =(K43-J43)/K43 -> 0.11111111 | M43: =VLOOKUP(C43,CC!$C$5:$AJ$67,34,0) -> #N/A | N43: =K43/26*M43 -> #N/A | O43: =VLOOKUP(C43,CC!$C$5:$AM$67,36,0) -> #N/A | P43: =VLOOKUP(C43,CC!$C$5:$BS$67,69,0) -> #N/A | Q43: =VLOOKUP(C43,CC!$C$5:$BT$67,70,0) -> #N/A | R43: =VLOOKUP(C43,CC!$C$5:$AM$67,37,0) -> #N/A | S43: =VLOOKUP(C43,CC!$C$5:$AM$67,35,0) -> #N/A | T43: =((K43/26)*M43)+(O43*(K43/26))+((P43/8)*1.5*(K43/26))+((Q43/8)*2*K43/26)+(S43*3*(K43/26)+(K43/26)*R43) -> #N/A | U43: =VLOOKUP(C43,'Công tổng'!$C$53:$BY$67,66,0)-N43 -> #N/A | V43: =IF((F43-$V$3)>0,F43%*K43,0) -> 210656.25 | W43: =(100%-SUMIF('chuyên cần'!$C$6:$AP$31,'Bang luong (chaun)'!C43,'chuyên cần'!$AP$7:$AP$31))*$W$3 -> 300000 | AB43: 487250 | AC43: =T43+V43+W43+Z43+U43 -> #N/A | AD43: =J43+AB43 -> 4232250 | AE43: =K43+AB43 -> 4700375 | AF43: 4419500 | AG43: ='ung luong'!#REF! -> #REF! | AH43: =AM43*$AH$2 -> 348285 | AI43: =AC43-AG43-AH43 -> #N/A | AJ43: =ROUND(AI43,-3) -> #N/A | AM43: 3317000
A44: =A43+1 -> 35 | B44: NV71 | C44: Triệu Quốc Minh | D44: Công nhân | E44: 41682 | F44: =IF(E44=0,0,INT(($T$2-E44)/365)) -> 2 | G44: =$G$3 -> 3745000 | H44: B.05 | I44: 1 | J44: 3745000 | K44: =VLOOKUP(H44,'thang luong moi'!B:I,'Bang luong (chaun)'!I44+1,0) -> 4213125 | L44: =(K44-J44)/K44 -> 0.11111111 | M44: =VLOOKUP(C44,CC!$C$5:$AJ$67,34,0) -> #N/A | N44: =K44/26*M44 -> #N/A | O44: =VLOOKUP(C44,CC!$C$5:$AM$67,36,0) -> #N/A | P44: =VLOOKUP(C44,CC!$C$5:$BS$67,69,0) -> #N/A | Q44: =VLOOKUP(C44,CC!$C$5:$BT$67,70,0) -> #N/A | R44: =VLOOKUP(C44,CC!$C$5:$AM$67,37,0) -> #N/A | S44: =VLOOKUP(C44,CC!$C$5:$AM$67,35,0) -> #N/A | T44: =((K44/26)*M44)+(O44*(K44/26))+((P44/8)*1.5*(K44/26))+((Q44/8)*2*K44/26)+(S44*3*(K44/26)+(K44/26)*R44) -> #N/A | U44: =VLOOKUP(C44,'Công tổng'!$C$53:$BY$67,66,0)-N44 -> #N/A | V44: =IF((F44-$V$3)>0,F44%*K44,0) -> 84262.5 | W44: =(100%-SUMIF('chuyên cần'!$C$6:$AP$31,'Bang luong (chaun)'!C44,'chuyên cần'!$AP$7:$AP$31))*$W$3 -> 300000 | AB44: 374900 | AC44: =T44+V44+W44+Z44+U44 -> #N/A | AD44: =J44+AB44 -> 4119900 | AE44: =K44+AB44 -> 4588025 | AF44: 4307150 | AG44: ='ung luong'!#REF! -> #REF! | AH44: =AM44*$AH$2 -> 0 | AI44: =AC44-AG44-AH44 -> #N/A | AJ44: =ROUND(AI44,-3) -> #N/A
A45: =A44+1 -> 36 | B45: NV72 | C45: Triệu Minh Tuấn | D45: Công nhân | E45: 41706 | F45: =IF(E45=0,0,INT(($T$2-E45)/365)) -> 1 | G45: =$G$3 -> 3745000 | H45: B.05 | I45: 1 | J45: 3745000 | K45: =VLOOKUP(H45,'thang luong moi'!B:I,'Bang luong (chaun)'!I45+1,0) -> 4213125 | L45: =(K45-J45)/K45 -> 0.11111111 | M45: =VLOOKUP(C45,CC!$C$5:$AJ$67,34,0) -> 27 | N45: =K45/26*M45 -> 4375168.3 | O45: =VLOOKUP(C45,CC!$C$5:$AM$67,36,0) -> 0 | P45: =VLOOKUP(C45,CC!$C$5:$BS$67,69,0) -> 0 | Q45: =VLOOKUP(C45,CC!$C$5:$BT$67,70,0) -> 0 | R45: =VLOOKUP(C45,CC!$C$5:$AM$67,37,0) -> 0 | S45: =VLOOKUP(C45,CC!$C$5:$AM$67,35,0) -> 0 | T45: =((K45/26)*M45)+(O45*(K45/26))+((P45/8)*1.5*(K45/26))+((Q45/8)*2*K45/26)+(S45*3*(K45/26)+(K45/26)*R45) -> 4375168.3 | U45: =VLOOKUP(C45,'Công tổng'!$C$53:$BY$67,66,0)-N45 -> #N/A | V45: =IF((F45-$V$3)>0,F45%*K45,0) -> 0 | W45: =(100%-SUMIF('chuyên cần'!$C$6:$AP$31,'Bang luong (chaun)'!C45,'chuyên cần'!$AP$7:$AP$31))*$W$3 -> 300000 | AB45: 300000 | AC45: =T45+V45+W45+Z45+U45 -> #N/A | AD45: =J45+AB45 -> 4045000 | AE45: =K45+AB45 -> 4513125 | AF45: 4232250 | AG45: ='ung luong'!F125 -> 3000000 | AH45: =AM45*$AH$2 -> 0 | AI45: =AC45-AG45-AH45 -> #N/A | AJ45: =ROUND(AI45,-3) -> #N/A
A46: =A45+1 -> 37 | B46: NV73 | C46: Nguyễn Văn Phụng | D46: Công nhân | E46: 41786 | F46: =IF(E46=0,0,INT(($T$2-E46)/365)) -> 1 | G46: =$G$3 -> 3745000 | H46: B.05 | I46: 1 | J46: 3745000 | K46: =VLOOKUP(H46,'thang luong moi'!B:I,'Bang luong (chaun)'!I46+1,0) -> 4213125 | L46: =(K46-J46)/K46 -> 0.11111111 | M46: =VLOOKUP(C46,CC!$C$5:$AJ$67,34,0) -> 27 | N46: =K46/26*M46 -> 4375168.3 | O46: =VLOOKUP(C46,CC!$C$5:$AM$67,36,0) -> 0.5 | P46: =VLOOKUP(C46,CC!$C$5:$BS$67,69,0) -> 0 | Q46: =VLOOKUP(C46,CC!$C$5:$BT$67,70,0) -> 0 | R46: =VLOOKUP(C46,CC!$C$5:$AM$67,37,0) -> 0 | S46: =VLOOKUP(C46,CC!$C$5:$AM$67,35,0) -> 0 | T46: =((K46/26)*M46)+(O46*(K46/26))+((P46/8)*1.5*(K46/26))+((Q46/8)*2*K46/26)+(S46*3*(K46/26)+(K46/26)*R46) -> 4456189.9 | U46: =VLOOKUP(C46,'Công tổng'!$C$53:$BY$67,66,0)-N46 -> #N/A | V46: =IF((F46-$V$3)>0,F46%*K46,0) -> 0 | W46: =(100%-SUMIF('chuyên cần'!$C$6:$AP$31,'Bang luong (chaun)'!C46,'chuyên cần'!$AP$7:$AP$31))*$W$3 -> 300000 | AB46: 150000 | AC46: =T46+V46+W46+Z46+U46 -> #N/A | AD46: =J46+AB46 -> 3895000 | AE46: =K46+AB46 -> 4363125 | AF46: 4082250 | AG46: ='ung luong'!#REF! -> #REF! | AH46: =AM46*$AH$2 -> 0 | AI46: =AC46-AG46-AH46 -> #N/A | AJ46: =ROUND(AI46,-3) -> #N/A
A47: =A46+1 -> 38 | B47: NV74 | C47: Nguyễn Văn Lâm | D47: Công nhân | E47: 41956 | F47: =IF(E47=0,0,INT(($T$2-E47)/365)) -> 1 | G47: =$G$3 -> 3745000 | H47: B.05 | I47: 1 | J47: 3745000 | K47: =VLOOKUP(H47,'thang luong moi'!B:I,'Bang luong (chaun)'!I47+1,0) -> 4213125 | L47: =(K47-J47)/K47 -> 0.11111111 | M47: =VLOOKUP(C47,CC!$C$5:$AJ$67,34,0) -> #N/A | N47: =K47/26*M47 -> #N/A | O47: =VLOOKUP(C47,CC!$C$5:$AM$67,36,0) -> #N/A | P47: =VLOOKUP(C47,CC!$C$5:$BS$67,69,0) -> #N/A | Q47: =VLOOKUP(C47,CC!$C$5:$BT$67,70,0) -> #N/A | R47: =VLOOKUP(C47,CC!$C$5:$AM$67,37,0) -> #N/A | S47: =VLOOKUP(C47,CC!$C$5:$AM$67,35,0) -> #N/A | T47: =((K47/26)*M47)+(O47*(K47/26))+((P47/8)*1.5*(K47/26))+((Q47/8)*2*K47/26)+(S47*3*(K47/26)+(K47/26)*R47) -> #N/A | U47: =VLOOKUP(C47,'Công tổng'!$C$53:$BY$67,66,0)-N47 -> #N/A | V47: =IF((F47-$V$3)>0,F47%*K47,0) -> 0 | W47: =(100%-SUMIF('chuyên cần'!$C$6:$AP$31,'Bang luong (chaun)'!C47,'chuyên cần'!$AP$7:$AP$31))*$W$3 -> 300000 | AB47: 75000 | AC47: =T47+V47+W47+Z47+U47 -> #N/A | AD47: =J47+AB47 -> 3820000 | AE47: =K47+AB47 -> 4288125 | AF47: 4007250 | AG47: ='ung luong'!#REF! -> #REF! | AH47: =AM47*$AH$2 -> 0 | AI47: =AC47-AG47-AH47 -> #N/A | AJ47: =ROUND(AI47,-3) -> #N/A
A48: =A47+1 -> 39 | B48: NV75 | C48: Nguyễn Minh Tuấn | D48: Công nhân | E48: 41967 | F48: =IF(E48=0,0,INT(($T$2-E48)/365)) -> 1 | G48: =$G$3 -> 3745000 | H48: B.05 | I48: 1 | J48: 3745000 | K48: =VLOOKUP(H48,'thang luong moi'!B:I,'Bang luong (chaun)'!I48+1,0) -> 4213125 | L48: =(K48-J48)/K48 -> 0.11111111 | M48: =VLOOKUP(C48,CC!$C$5:$AJ$67,34,0) -> 27 | N48: =K48/26*M48 -> 4375168.3 | O48: =VLOOKUP(C48,CC!$C$5:$AM$67,36,0) -> 0 | P48: =VLOOKUP(C48,CC!$C$5:$BS$67,69,0) -> 0 | Q48: =VLOOKUP(C48,CC!$C$5:$BT$67,70,0) -> 0 | R48: =VLOOKUP(C48,CC!$C$5:$AM$67,37,0) -> 0 | S48: =VLOOKUP(C48,CC!$C$5:$AM$67,35,0) -> 0 | T48: =((K48/26)*M48)+(O48*(K48/26))+((P48/8)*1.5*(K48/26))+((Q48/8)*2*K48/26)+(S48*3*(K48/26)+(K48/26)*R48) -> 4375168.3 | U48: =VLOOKUP(C48,'Công tổng'!$C$53:$BY$67,66,0)-N48 -> -4375168.3 | V48: =IF((F48-$V$3)>0,F48%*K48,0) -> 0 | W48: =(100%-SUMIF('chuyên cần'!$C$6:$AP$31,'Bang luong (chaun)'!C48,'chuyên cần'!$AP$7:$AP$31))*$W$3 -> 300000 | AB48: 150000 | AC48: =T48+V48+W48+Z48+U48 -> 300000 | AD48: =J48+AB48 -> 3895000 | AE48: =K48+AB48 -> 4363125 | AF48: 4082250 | AG48: ='ung luong'!F91 -> 3000000 | AH48: =AM48*$AH$2 -> 0 | AI48: =AC48-AG48-AH48 -> -2700000 | AJ48: =ROUND(AI48,-3) -> -2700000
A49: =A48+1 -> 40 | B49: NV77 | C49: Nguyễn Thanh Lâm | D49: Công nhân | E49: 42065 | F49: =IF(E49=0,0,INT(($T$2-E49)/365)) -> 0 | G49: =$G$3 -> 3745000 | H49: B.05 | I49: 1 | J49: 3745000 | K49: =VLOOKUP(H49,'thang luong moi'!B:I,'Bang luong (chaun)'!I49+1,0) -> 4213125 | L49: =(K49-J49)/K49 -> 0.11111111 | M49: =VLOOKUP(C49,CC!$C$5:$AJ$67,34,0) -> #N/A | N49: =K49/26*M49 -> #N/A | O49: =VLOOKUP(C49,CC!$C$5:$AM$67,36,0) -> #N/A | P49: =VLOOKUP(C49,CC!$C$5:$BS$67,69,0) -> #N/A | Q49: =VLOOKUP(C49,CC!$C$5:$BT$67,70,0) -> #N/A | R49: =VLOOKUP(C49,CC!$C$5:$AM$67,37,0) -> #N/A | S49: =VLOOKUP(C49,CC!$C$5:$AM$67,35,0) -> #N/A | T49: =((K49/26)*M49)+(O49*(K49/26))+((P49/8)*1.5*(K49/26))+((Q49/8)*2*K49/26)+(S49*3*(K49/26)+(K49/26)*R49) -> #N/A | U49: =VLOOKUP(C49,'Công tổng'!$C$53:$BY$67,66,0)-N49 -> #N/A | V49: =IF((F49-$V$3)>0,F49%*K49,0) -> 0 | W49: =(100%-SUMIF('chuyên cần'!$C$6:$AP$31,'Bang luong (chaun)'!C49,'chuyên cần'!$AP$7:$AP$31))*$W$3 -> 300000 | AB49: 150000 | AC49: =T49+V49+W49+Z49+U49 -> #N/A | AD49: =J49+AB49 -> 3895000 | AE49: =K49+AB49 -> 4363125 | AF49: 4082250 | AG49: ='ung luong'!F74 -> 4000000 | AH49: =AM49*$AH$2 -> 0 | AI49: =AC49-AG49-AH49 -> #N/A | AJ49: =ROUND(AI49,-3) -> #N/A
A50: =A49+1 -> 41 | B50: NV78 | C50: Triệu Bô Na | D50: Công nhân | E50: 42066 | F50: =IF(E50=0,0,INT(($T$2-E50)/365)) -> 0 | G50: =$G$3 -> 3745000 | H50: B.05 | I50: 1 | J50: 3745000 | K50: =VLOOKUP(H50,'thang luong moi'!B:I,'Bang luong (chaun)'!I50+1,0) -> 4213125 | L50: =(K50-J50)/K50 -> 0.11111111 | M50: =VLOOKUP(C50,CC!$C$5:$AJ$67,34,0) -> 27 | N50: =K50/26*M50 -> 4375168.3 | O50: =VLOOKUP(C50,CC!$C$5:$AM$67,36,0) -> 0 | P50: =VLOOKUP(C50,CC!$C$5:$BS$67,69,0) -> 0 | Q50: =VLOOKUP(C50,CC!$C$5:$BT$67,70,0) -> 0 | R50: =VLOOKUP(C50,CC!$C$5:$AM$67,37,0) -> 0 | S50: =VLOOKUP(C50,CC!$C$5:$AM$67,35,0) -> 0 | T50: =((K50/26)*M50)+(O50*(K50/26))+((P50/8)*1.5*(K50/26))+((Q50/8)*2*K50/26)+(S50*3*(K50/26)+(K50/26)*R50) -> 4375168.3 | U50: =VLOOKUP(C50,'Công tổng'!$C$53:$BY$67,66,0)-N50 -> -4375168.3 | V50: =IF((F50-$V$3)>0,F50%*K50,0) -> 0 | W50: =(100%-SUMIF('chuyên cần'!$C$6:$AP$31,'Bang luong (chaun)'!C50,'chuyên cần'!$AP$7:$AP$31))*$W$3 -> 300000 | AB50: 300000 | AC50: =T50+V50+W50+Z50+U50 -> 300000 | AD50: =J50+AB50 -> 4045000 | AE50: =K50+AB50 -> 4513125 | AF50: 4232250 | AG50: ='ung luong'!#REF! -> #REF! | AH50: =AM50*$AH$2 -> 0 | AI50: =AC50-AG50-AH50 -> #REF! | AJ50: =ROUND(AI50,-3) -> #REF!
A51: =A50+1 -> 42 | B51: NV79 | C51: Trần Văn Thứ | D51: Công nhân | E51: 42066 | F51: =IF(E51=0,0,INT(($T$2-E51)/365)) -> 0 | G51: =$G$3 -> 3745000 | H51: B.05 | I51: 1 | J51: 3745000 | K51: =VLOOKUP(H51,'thang luong moi'!B:I,'Bang luong (chaun)'!I51+1,0) -> 4213125 | L51: =(K51-J51)/K51 -> 0.11111111 | M51: =VLOOKUP(C51,CC!$C$5:$AJ$67,34,0) -> 27 | N51: =K51/26*M51 -> 4375168.3 | O51: =VLOOKUP(C51,CC!$C$5:$AM$67,36,0) -> 0 | P51: =VLOOKUP(C51,CC!$C$5:$BS$67,69,0) -> 0 | Q51: =VLOOKUP(C51,CC!$C$5:$BT$67,70,0) -> 0 | R51: =VLOOKUP(C51,CC!$C$5:$AM$67,37,0) -> 0 | S51: =VLOOKUP(C51,CC!$C$5:$AM$67,35,0) -> 0 | T51: =((K51/26)*M51)+(O51*(K51/26))+((P51/8)*1.5*(K51/26))+((Q51/8)*2*K51/26)+(S51*3*(K51/26)+(K51/26)*R51) -> 4375168.3 | U51: =VLOOKUP(C51,'Công tổng'!$C$53:$BY$67,66,0)-N51 -> #N/A | V51: =IF((F51-$V$3)>0,F51%*K51,0) -> 0 | W51: =(100%-SUMIF('chuyên cần'!$C$6:$AP$31,'Bang luong (chaun)'!C51,'chuyên cần'!$AP$7:$AP$31))*$W$3 -> 300000 | AB51: 75000 | AC51: =T51+V51+W51+Z51+U51 -> #N/A | AD51: =J51+AB51 -> 3820000 | AE51: =K51+AB51 -> 4288125 | AF51: 4007250 | AG51: ='ung luong'!F95 -> 4000000 | AH51: =AM51*$AH$2 -> 0 | AI51: =AC51-AG51-AH51 -> #N/A | AJ51: =ROUND(AI51,-3) -> #N/A
A52: =A51+1 -> 43 | B52: NV80 | C52: Quách Văn Chánh | D52: Công nhân | E52: 42078 | F52: =IF(E52=0,0,INT(($T$2-E52)/365)) -> 0 | G52: =$G$3 -> 3745000 | H52: B.05 | I52: 1 | J52: 3745000 | K52: =VLOOKUP(H52,'thang luong moi'!B:I,'Bang luong (chaun)'!I52+1,0) -> 4213125 | L52: =(K52-J52)/K52 -> 0.11111111 | M52: =VLOOKUP(C52,CC!$C$5:$AJ$67,34,0) -> 27 | N52: =K52/26*M52 -> 4375168.3 | O52: =VLOOKUP(C52,CC!$C$5:$AM$67,36,0) -> 0 | P52: =VLOOKUP(C52,CC!$C$5:$BS$67,69,0) -> 0 | Q52: =VLOOKUP(C52,CC!$C$5:$BT$67,70,0) -> 0 | R52: =VLOOKUP(C52,CC!$C$5:$AM$67,37,0) -> 0 | S52: =VLOOKUP(C52,CC!$C$5:$AM$67,35,0) -> 0 | T52: =((K52/26)*M52)+(O52*(K52/26))+((P52/8)*1.5*(K52/26))+((Q52/8)*2*K52/26)+(S52*3*(K52/26)+(K52/26)*R52) -> 4375168.3 | U52: =VLOOKUP(C52,'Công tổng'!$C$53:$BY$67,66,0)-N52 -> #N/A | V52: =IF((F52-$V$3)>0,F52%*K52,0) -> 0 | W52: =(100%-SUMIF('chuyên cần'!$C$6:$AP$31,'Bang luong (chaun)'!C52,'chuyên cần'!$AP$7:$AP$31))*$W$3 -> 300000 | AB52: 300000 | AC52: =T52+V52+W52+Z52+U52 -> #N/A | AD52: =J52+AB52 -> 4045000 | AE52: =K52+AB52 -> 4513125 | AF52: 4232250 | AG52: ='ung luong'!F109 -> 4000000 | AH52: =AM52*$AH$2 -> 0 | AI52: =AC52-AG52-AH52 -> #N/A | AJ52: =ROUND(AI52,-3) -> #N/A
A53: =A52+1 -> 44 | B53: NV81 | C53: Nguyễn Tấn Kiệt | D53: Công nhân | E53: 40869 | F53: =IF(E53=0,0,INT(($T$2-E53)/365)) -> 4 | G53: =$G$3 -> 3745000 | H53: B.05 | I53: 1 | J53: 3745000 | K53: =VLOOKUP(H53,'thang luong moi'!B:I,'Bang luong (chaun)'!I53+1,0) -> 4213125 | L53: =(K53-J53)/K53 -> 0.11111111 | M53: =VLOOKUP(C53,CC!$C$5:$AJ$67,34,0) -> 27 | N53: =K53/26*M53 -> 4375168.3 | O53: =VLOOKUP(C53,CC!$C$5:$AM$67,36,0) -> 0 | P53: =VLOOKUP(C53,CC!$C$5:$BS$67,69,0) -> 0 | Q53: =VLOOKUP(C53,CC!$C$5:$BT$67,70,0) -> 0 | R53: =VLOOKUP(C53,CC!$C$5:$AM$67,37,0) -> 0 | S53: =VLOOKUP(C53,CC!$C$5:$AM$67,35,0) -> 0 | T53: =((K53/26)*M53)+(O53*(K53/26))+((P53/8)*1.5*(K53/26))+((Q53/8)*2*K53/26)+(S53*3*(K53/26)+(K53/26)*R53) -> 4375168.3 | U53: =VLOOKUP(C53,'Công tổng'!$C$53:$BY$67,66,0)-N53 -> #N/A | V53: =IF((F53-$V$3)>0,F53%*K53,0) -> 168525 | W53: =(100%-SUMIF('chuyên cần'!$C$6:$AP$31,'Bang luong (chaun)'!C53,'chuyên cần'!$AP$7:$AP$31))*$W$3 -> 300000 | AB53: 449800 | AC53: =T53+V53+W53+Z53+U53 -> #N/A | AD53: =J53+AB53 -> 4194800 | AE53: =K53+AB53 -> 4662925 | AF53: 4382050 | AG53: ='ung luong'!#REF! -> #REF! | AH53: =AM53*$AH$2 -> 348285 | AI53: =AC53-AG53-AH53 -> #N/A | AJ53: =ROUND(AI53,-3) -> #N/A | AM53: 3317000
A54: =A53+1 -> 45 | B54: NV82 | C54: Lê Tấn Hùng | D54: Công nhân | E54: 42201 | F54: =IF(E54=0,0,INT(($T$2-E54)/365)) -> 0 | G54: =$G$3 -> 3745000 | H54: B.05 | I54: 1 | J54: 3745000 | K54: =VLOOKUP(H54,'thang luong moi'!B:I,'Bang luong (chaun)'!I54+1,0) -> 4213125 | L54: =(K54-J54)/K54 -> 0.11111111 | M54: =VLOOKUP(C54,CC!$C$5:$AJ$67,34,0) -> #N/A | N54: =K54/26*M54 -> #N/A | O54: =VLOOKUP(C54,CC!$C$5:$AM$67,36,0) -> #N/A | P54: =VLOOKUP(C54,CC!$C$5:$BS$67,69,0) -> #N/A | Q54: =VLOOKUP(C54,CC!$C$5:$BT$67,70,0) -> #N/A | R54: =VLOOKUP(C54,CC!$C$5:$AM$67,37,0) -> #N/A | S54: =VLOOKUP(C54,CC!$C$5:$AM$67,35,0) -> #N/A | T54: =((K54/26)*M54)+(O54*(K54/26))+((P54/8)*1.5*(K54/26))+((Q54/8)*2*K54/26)+(S54*3*(K54/26)+(K54/26)*R54) -> #N/A | U54: =VLOOKUP(C54,'Công tổng'!$C$53:$BY$67,66,0)-N54 -> #N/A | V54: =IF((F54-$V$3)>0,F54%*K54,0) -> 0 | W54: =(100%-SUMIF('chuyên cần'!$C$6:$AP$31,'Bang luong (chaun)'!C54,'chuyên cần'!$AP$7:$AP$31))*$W$3 -> 300000 | AB54: 300000 | AC54: =T54+V54+W54+Z54+U54 -> #N/A | AD54: =J54+AB54 -> 4045000 | AE54: =K54+AB54 -> 4513125 | AF54: 4232250 | AG54: ='ung luong'!F94 -> 2000000 | AH54: =AM54*$AH$2 -> 0 | AI54: =AC54-AG54-AH54 -> #N/A | AJ54: =ROUND(AI54,-3) -> #N/A
A55: =A54+1 -> 46 | B55: NV83 | C55: Nguyễn Văn Hoàng | D55: Công nhân | E55: 41232 | F55: =IF(E55=0,0,INT(($T$2-E55)/365)) -> 3 | G55: =$G$3 -> 3745000 | H55: B.05 | I55: 1 | J55: 3745000 | K55: =VLOOKUP(H55,'thang luong moi'!B:I,'Bang luong (chaun)'!I55+1,0) -> 4213125 | L55: =(K55-J55)/K55 -> 0.11111111 | M55: =VLOOKUP(C55,CC!$C$5:$AJ$67,34,0) -> #N/A | N55: =K55/26*M55 -> #N/A | O55: =VLOOKUP(C55,CC!$C$5:$AM$67,36,0) -> #N/A | P55: =VLOOKUP(C55,CC!$C$5:$BS$67,69,0) -> #N/A | Q55: =VLOOKUP(C55,CC!$C$5:$BT$67,70,0) -> #N/A | R55: =VLOOKUP(C55,CC!$C$5:$AM$67,37,0) -> #N/A | S55: =VLOOKUP(C55,CC!$C$5:$AM$67,35,0) -> #N/A | T55: =((K55/26)*M55)+(O55*(K55/26))+((P55/8)*1.5*(K55/26))+((Q55/8)*2*K55/26)+(S55*3*(K55/26)+(K55/26)*R55) -> #N/A | U55: =VLOOKUP(C55,'Công tổng'!$C$53:$BY$67,66,0)-N55 -> #N/A | V55: =IF((F55-$V$3)>0,F55%*K55,0) -> 126393.75 | W55: =(100%-SUMIF('chuyên cần'!$C$6:$AP$31,'Bang luong (chaun)'!C55,'chuyên cần'!$AP$7:$AP$31))*$W$3 -> 300000 | AB55: 112350 | AC55: =T55+V55+W55+Z55+U55 -> #N/A | AD55: =J55+AB55 -> 3857350 | AE55: =K55+AB55 -> 4325475 | AF55: 4044600 | AG55: ='ung luong'!#REF! -> #REF! | AH55: =AM55*$AH$2 -> 348285 | AI55: =AC55-AG55-AH55 -> #N/A | AJ55: =ROUND(AI55,-3) -> #N/A | AM55: 3317000
A56: =A55+1 -> 47 | B56: NV90 | C56: Ngô Hoàng Phong | D56: Công nhân | E56: 42362 | F56: =IF(E56=0,0,INT(($T$2-E56)/365)) -> 0 | G56: =$G$3 -> 3745000 | H56: B.05 | I56: 1 | J56: 3745000 | K56: =VLOOKUP(H56,'thang luong moi'!B:I,'Bang luong (chaun)'!I56+1,0) -> 4213125 | L56: =(K56-J56)/K56 -> 0.11111111 | M56: =VLOOKUP(C56,CC!$C$5:$AJ$67,34,0) -> #N/A | N56: =K56/26*M56 -> #N/A | O56: =VLOOKUP(C56,CC!$C$5:$AM$67,36,0) -> #N/A | P56: =VLOOKUP(C56,CC!$C$5:$BS$67,69,0) -> #N/A | Q56: =VLOOKUP(C56,CC!$C$5:$BT$67,70,0) -> #N/A | R56: =VLOOKUP(C56,CC!$C$5:$AM$67,37,0) -> #N/A | S56: =VLOOKUP(C56,CC!$C$5:$AM$67,35,0) -> #N/A | T56: =((K56/26)*M56)+(O56*(K56/26))+((P56/8)*1.5*(K56/26))+((Q56/8)*2*K56/26)+(S56*3*(K56/26)+(K56/26)*R56) -> #N/A | U56: =VLOOKUP(C56,'Công tổng'!$C$53:$BY$67,66,0)-N56 -> #N/A | V56: =IF((F56-$V$3)>0,F56%*K56,0) -> 0 | W56: =(100%-SUMIF('chuyên cần'!$C$6:$AP$31,'Bang luong (chaun)'!C56,'chuyên cần'!$AP$7:$AP$31))*$W$3 -> 300000 | AB56: 0 | AC56: =T56+V56+W56+Z56+U56 -> #N/A | AD56: =J56+AB56 -> 3745000 | AE56: =K56+AB56 -> 4213125 | AF56: 3932250 | AG56: ='ung luong'!#REF! -> #REF! | AH56: =AM56*$AH$2 -> 0 | AI56: =AC56-AG56-AH56 -> #N/A | AJ56: =ROUND(AI56,-3) -> #N/A
A57: =A56+1 -> 48 | B57: NV91 | C57: Nguyễn Ngọc Châu | D57: Công nhân | E57: 42376 | F57: =IF(E57=0,0,INT(($T$2-E57)/365)) -> 0 | G57: =$G$3 -> 3745000 | H57: B.05 | I57: 1 | J57: 3745000 | K57: =VLOOKUP(H57,'thang luong moi'!B:I,'Bang luong (chaun)'!I57+1,0) -> 4213125 | L57: =(K57-J57)/K57 -> 0.11111111 | M57: =VLOOKUP(C57,CC!$C$5:$AJ$67,34,0) -> #N/A | N57: =K57/26*M57 -> #N/A | O57: =VLOOKUP(C57,CC!$C$5:$AM$67,36,0) -> #N/A | P57: =VLOOKUP(C57,CC!$C$5:$BS$67,69,0) -> #N/A | Q57: =VLOOKUP(C57,CC!$C$5:$BT$67,70,0) -> #N/A | R57: =VLOOKUP(C57,CC!$C$5:$AM$67,37,0) -> #N/A | S57: =VLOOKUP(C57,CC!$C$5:$AM$67,35,0) -> #N/A | T57: =((K57/26)*M57)+(O57*(K57/26))+((P57/8)*1.5*(K57/26))+((Q57/8)*2*K57/26)+(S57*3*(K57/26)+(K57/26)*R57) -> #N/A | U57: =VLOOKUP(C57,'Công tổng'!$C$53:$BY$67,66,0)-N57 -> #N/A | V57: =IF((F57-$V$3)>0,F57%*K57,0) -> 0 | W57: =(100%-SUMIF('chuyên cần'!$C$6:$AP$31,'Bang luong (chaun)'!C57,'chuyên cần'!$AP$7:$AP$31))*$W$3 -> 300000 | AB57: 300000 | AC57: =T57+V57+W57+Z57+U57 -> #N/A | AD57: =J57+AB57 -> 4045000 | AE57: =K57+AB57 -> 4513125 | AF57: 4232250 | AG57: ='ung luong'!#REF! -> #REF! | AH57: =AM57*$AH$2 -> 0 | AI57: =AC57-AG57-AH57 -> #N/A | AJ57: =ROUND(AI57,-3) -> #N/A
A58: =A57+1 -> 49 | B58: NV97 | C58: Nguyễn Văn Chiến | D58: Công nhân | E58: 42387 | F58: =IF(E58=0,0,INT(($T$2-E58)/365)) -> 0 | G58: =$G$3 -> 3745000 | H58: B.05 | I58: 1 | J58: 3745000 | K58: =VLOOKUP(H58,'thang luong moi'!B:I,'Bang luong (chaun)'!I58+1,0) -> 4213125 | L58: =(K58-J58)/K58 -> 0.11111111 | M58: =VLOOKUP(C58,CC!$C$5:$AJ$67,34,0) -> #N/A | N58: =K58/26*M58 -> #N/A | O58: =VLOOKUP(C58,CC!$C$5:$AM$67,36,0) -> #N/A | P58: =VLOOKUP(C58,CC!$C$5:$BS$67,69,0) -> #N/A | Q58: =VLOOKUP(C58,CC!$C$5:$BT$67,70,0) -> #N/A | R58: =VLOOKUP(C58,CC!$C$5:$AM$67,37,0) -> #N/A | S58: =VLOOKUP(C58,CC!$C$5:$AM$67,35,0) -> #N/A | T58: =((K58/26)*M58)+(O58*(K58/26))+((P58/8)*1.5*(K58/26))+((Q58/8)*2*K58/26)+(S58*3*(K58/26)+(K58/26)*R58) -> #N/A | U58: =VLOOKUP(C58,'Công tổng'!$C$53:$BY$67,66,0)-N58 -> #N/A | V58: =IF((F58-$V$3)>0,F58%*K58,0) -> 0 | W58: =(100%-SUMIF('chuyên cần'!$C$6:$AP$31,'Bang luong (chaun)'!C58,'chuyên cần'!$AP$7:$AP$31))*$W$3 -> 300000 | AB58: 0 | AC58: =T58+V58+W58+Z58+U58 -> #N/A | AD58: =J58+AB58 -> 3745000 | AE58: =K58+AB58 -> 4213125 | AF58: 3932250 | AG58: ='ung luong'!#REF! -> #REF! | AH58: =AM58*$AH$2 -> 0 | AI58: =AC58-AG58-AH58 -> #N/A | AJ58: =ROUND(AI58,-3) -> #N/A
A59: =A58+1 -> 50 | B59: NV103 | C59: Kim Em | D59: Công nhân | E59: 42413 | F59: =IF(E59=0,0,INT(($T$2-E59)/365)) -> 0 | G59: =$G$3 -> 3745000 | H59: B.05 | I59: 1 | J59: 3745000 | K59: =VLOOKUP(H59,'thang luong moi'!B:I,'Bang luong (chaun)'!I59+1,0) -> 4213125 | L59: =(K59-J59)/K59 -> 0.11111111 | M59: =VLOOKUP(C59,CC!$C$5:$AJ$67,34,0) -> 27 | N59: =K59/26*M59 -> 4375168.3 | O59: =VLOOKUP(C59,CC!$C$5:$AM$67,36,0) -> 0 | P59: =VLOOKUP(C59,CC!$C$5:$BS$67,69,0) -> 0 | Q59: =VLOOKUP(C59,CC!$C$5:$BT$67,70,0) -> 0 | R59: =VLOOKUP(C59,CC!$C$5:$AM$67,37,0) -> 0 | S59: =VLOOKUP(C59,CC!$C$5:$AM$67,35,0) -> 0 | T59: =((K59/26)*M59)+(O59*(K59/26))+((P59/8)*1.5*(K59/26))+((Q59/8)*2*K59/26)+(S59*3*(K59/26)+(K59/26)*R59) -> 4375168.3 | U59: =VLOOKUP(C59,'Công tổng'!$C$53:$BY$67,66,0)-N59 -> #N/A | V59: =IF((F59-$V$3)>0,F59%*K59,0) -> 0 | W59: =(100%-SUMIF('chuyên cần'!$C$6:$AP$31,'Bang luong (chaun)'!C59,'chuyên cần'!$AP$7:$AP$31))*$W$3 -> 300000 | AB59: 0 | AC59: =T59+V59+W59+Z59+U59 -> #N/A | AD59: =J59+AB59 -> 3745000 | AE59: =K59+AB59 -> 4213125 | AF59: 3932250 | AG59: ='ung luong'!F126 -> 3000000 | AH59: =AM59*$AH$2 -> 0 | AI59: =AC59-AG59-AH59 -> #N/A | AJ59: =ROUND(AI59,-3) -> #N/A
A60: =A59+1 -> 51 | B60: NV104 | C60: Nguyễn Thành Vân | D60: Công nhân | E60: 42415 | F60: =IF(E60=0,0,INT(($T$2-E60)/365)) -> 0 | G60: =$G$3 -> 3745000 | H60: B.05 | I60: 1 | J60: 3745000 | K60: =VLOOKUP(H60,'thang luong moi'!B:I,'Bang luong (chaun)'!I60+1,0) -> 4213125 | L60: =(K60-J60)/K60 -> 0.11111111 | M60: =VLOOKUP(C60,CC!$C$5:$AJ$67,34,0) -> 27 | N60: =K60/26*M60 -> 4375168.3 | O60: =VLOOKUP(C60,CC!$C$5:$AM$67,36,0) -> 0 | P60: =VLOOKUP(C60,CC!$C$5:$BS$67,69,0) -> 0 | Q60: =VLOOKUP(C60,CC!$C$5:$BT$67,70,0) -> 0 | R60: =VLOOKUP(C60,CC!$C$5:$AM$67,37,0) -> 0 | S60: =VLOOKUP(C60,CC!$C$5:$AM$67,35,0) -> 0 | T60: =((K60/26)*M60)+(O60*(K60/26))+((P60/8)*1.5*(K60/26))+((Q60/8)*2*K60/26)+(S60*3*(K60/26)+(K60/26)*R60) -> 4375168.3 | U60: =VLOOKUP(C60,'Công tổng'!$C$53:$BY$67,66,0)-N60 -> -4375168.3 | V60: =IF((F60-$V$3)>0,F60%*K60,0) -> 0 | W60: =(100%-SUMIF('chuyên cần'!$C$6:$AP$31,'Bang luong (chaun)'!C60,'chuyên cần'!$AP$7:$AP$31))*$W$3 -> 300000 | AB60: 0 | AC60: =T60+V60+W60+Z60+U60 -> 300000 | AD60: =J60+AB60 -> 3745000 | AE60: =K60+AB60 -> 4213125 | AF60: 3932250 | AG60: ='ung luong'!#REF! -> #REF! | AH60: =AM60*$AH$2 -> 0 | AI60: =AC60-AG60-AH60 -> #REF! | AJ60: =ROUND(AI60,-3) -> #REF!
A61: =A60+1 -> 52 | B61: NV105 | C61: Nguyễn Thành Tài | D61: Công nhân | E61: 42415 | F61: =IF(E61=0,0,INT(($T$2-E61)/365)) -> 0 | G61: =$G$3 -> 3745000 | H61: B.05 | I61: 1 | J61: 3745000 | K61: =VLOOKUP(H61,'thang luong moi'!B:I,'Bang luong (chaun)'!I61+1,0) -> 4213125 | L61: =(K61-J61)/K61 -> 0.11111111 | M61: =VLOOKUP(C61,CC!$C$5:$AJ$67,34,0) -> 27 | N61: =K61/26*M61 -> 4375168.3 | O61: =VLOOKUP(C61,CC!$C$5:$AM$67,36,0) -> 0 | P61: =VLOOKUP(C61,CC!$C$5:$BS$67,69,0) -> 0 | Q61: =VLOOKUP(C61,CC!$C$5:$BT$67,70,0) -> 0 | R61: =VLOOKUP(C61,CC!$C$5:$AM$67,37,0) -> 0 | S61: =VLOOKUP(C61,CC!$C$5:$AM$67,35,0) -> 0 | T61: =((K61/26)*M61)+(O61*(K61/26))+((P61/8)*1.5*(K61/26))+((Q61/8)*2*K61/26)+(S61*3*(K61/26)+(K61/26)*R61) -> 4375168.3 | U61: =VLOOKUP(C61,'Công tổng'!$C$53:$BY$67,66,0)-N61 -> #N/A | V61: =IF((F61-$V$3)>0,F61%*K61,0) -> 0 | W61: =(100%-SUMIF('chuyên cần'!$C$6:$AP$31,'Bang luong (chaun)'!C61,'chuyên cần'!$AP$7:$AP$31))*$W$3 -> 300000 | AB61: 0 | AC61: =T61+V61+W61+Z61+U61 -> #N/A | AD61: =J61+AB61 -> 3745000 | AE61: =K61+AB61 -> 4213125 | AF61: 3932250 | AG61: ='ung luong'!#REF! -> #REF! | AH61: =AM61*$AH$2 -> 0 | AI61: =AC61-AG61-AH61 -> #N/A | AJ61: =ROUND(AI61,-3) -> #N/A
A62: =A61+1 -> 53 | B62: NV106 | C62: Nguyễn Thành Long | D62: Công nhân | E62: 42415 | F62: =IF(E62=0,0,INT(($T$2-E62)/365)) -> 0 | G62: =$G$3 -> 3745000 | H62: B.05 | I62: 1 | J62: 3745000 | K62: =VLOOKUP(H62,'thang luong moi'!B:I,'Bang luong (chaun)'!I62+1,0) -> 4213125 | L62: =(K62-J62)/K62 -> 0.11111111 | M62: =VLOOKUP(C62,CC!$C$5:$AJ$67,34,0) -> #N/A | N62: =K62/26*M62 -> #N/A | O62: =VLOOKUP(C62,CC!$C$5:$AM$67,36,0) -> #N/A | P62: =VLOOKUP(C62,CC!$C$5:$BS$67,69,0) -> #N/A | Q62: =VLOOKUP(C62,CC!$C$5:$BT$67,70,0) -> #N/A | R62: =VLOOKUP(C62,CC!$C$5:$AM$67,37,0) -> #N/A | S62: =VLOOKUP(C62,CC!$C$5:$AM$67,35,0) -> #N/A | T62: =((K62/26)*M62)+(O62*(K62/26))+((P62/8)*1.5*(K62/26))+((Q62/8)*2*K62/26)+(S62*3*(K62/26)+(K62/26)*R62) -> #N/A | U62: =VLOOKUP(C62,'Công tổng'!$C$53:$BY$67,66,0)-N62 -> #N/A | V62: =IF((F62-$V$3)>0,F62%*K62,0) -> 0 | W62: =(100%-SUMIF('chuyên cần'!$C$6:$AP$31,'Bang luong (chaun)'!C62,'chuyên cần'!$AP$7:$AP$31))*$W$3 -> 300000 | AB62: 0 | AC62: =T62+V62+W62+Z62+U62 -> #N/A | AD62: =J62+AB62 -> 3745000 | AE62: =K62+AB62 -> 4213125 | AF62: 3932250 | AG62: ='ung luong'!#REF! -> #REF! | AH62: =AM62*$AH$2 -> 0 | AI62: =AC62-AG62-AH62 -> #N/A | AJ62: =ROUND(AI62,-3) -> #N/A
A63: =A62+1 -> 54 | B63: NV107 | C63: Võ Văn Giàu | D63: Công nhân | E63: 42415 | F63: =IF(E63=0,0,INT(($T$2-E63)/365)) -> 0 | G63: =$G$3 -> 3745000 | H63: B.05 | I63: 1 | J63: 3745000 | K63: =VLOOKUP(H63,'thang luong moi'!B:I,'Bang luong (chaun)'!I63+1,0) -> 4213125 | L63: =(K63-J63)/K63 -> 0.11111111 | M63: =VLOOKUP(C63,CC!$C$5:$AJ$67,34,0) -> #N/A | N63: =K63/26*M63 -> #N/A | O63: =VLOOKUP(C63,CC!$C$5:$AM$67,36,0) -> #N/A | P63: =VLOOKUP(C63,CC!$C$5:$BS$67,69,0) -> #N/A | Q63: =VLOOKUP(C63,CC!$C$5:$BT$67,70,0) -> #N/A | R63: =VLOOKUP(C63,CC!$C$5:$AM$67,37,0) -> #N/A | S63: =VLOOKUP(C63,CC!$C$5:$AM$67,35,0) -> #N/A | T63: =((K63/26)*M63)+(O63*(K63/26))+((P63/8)*1.5*(K63/26))+((Q63/8)*2*K63/26)+(S63*3*(K63/26)+(K63/26)*R63) -> #N/A | U63: =VLOOKUP(C63,'Công tổng'!$C$53:$BY$67,66,0)-N63 -> #N/A | V63: =IF((F63-$V$3)>0,F63%*K63,0) -> 0 | W63: =(100%-SUMIF('chuyên cần'!$C$6:$AP$31,'Bang luong (chaun)'!C63,'chuyên cần'!$AP$7:$AP$31))*$W$3 -> 300000 | AB63: 0 | AC63: =T63+V63+W63+Z63+U63 -> #N/A | AD63: =J63+AB63 -> 3745000 | AE63: =K63+AB63 -> 4213125 | AF63: 3932250 | AG63: ='ung luong'!#REF! -> #REF! | AH63: =AM63*$AH$2 -> 0 | AI63: =AC63-AG63-AH63 -> #N/A | AJ63: =ROUND(AI63,-3) -> #N/A
A64: =A63+1 -> 55 | B64: NV108 | C64: Lê Minh Trung | D64: Công nhân | E64: 42417 | F64: =IF(E64=0,0,INT(($T$2-E64)/365)) -> 0 | G64: =$G$3 -> 3745000 | H64: B.05 | I64: 1 | J64: 3745000 | K64: =VLOOKUP(H64,'thang luong moi'!B:I,'Bang luong (chaun)'!I64+1,0) -> 4213125 | L64: =(K64-J64)/K64 -> 0.11111111 | M64: =VLOOKUP(C64,CC!$C$5:$AJ$67,34,0) -> #N/A | N64: =K64/26*M64 -> #N/A | O64: =VLOOKUP(C64,CC!$C$5:$AM$67,36,0) -> #N/A | P64: =VLOOKUP(C64,CC!$C$5:$BS$67,69,0) -> #N/A | Q64: =VLOOKUP(C64,CC!$C$5:$BT$67,70,0) -> #N/A | R64: =VLOOKUP(C64,CC!$C$5:$AM$67,37,0) -> #N/A | S64: =VLOOKUP(C64,CC!$C$5:$AM$67,35,0) -> #N/A | T64: =((K64/26)*M64)+(O64*(K64/26))+((P64/8)*1.5*(K64/26))+((Q64/8)*2*K64/26)+(S64*3*(K64/26)+(K64/26)*R64) -> #N/A | U64: =VLOOKUP(C64,'Công tổng'!$C$53:$BY$67,66,0)-N64 -> #N/A | V64: =IF((F64-$V$3)>0,F64%*K64,0) -> 0 | W64: =(100%-SUMIF('chuyên cần'!$C$6:$AP$31,'Bang luong (chaun)'!C64,'chuyên cần'!$AP$7:$AP$31))*$W$3 -> 300000 | AB64: 0 | AC64: =T64+V64+W64+Z64+U64 -> #N/A | AD64: =J64+AB64 -> 3745000 | AE64: =K64+AB64 -> 4213125 | AF64: 3932250 | AG64: ='ung luong'!#REF! -> #REF! | AH64: =AM64*$AH$2 -> 0 | AI64: =AC64-AG64-AH64 -> #N/A | AJ64: =ROUND(AI64,-3) -> #N/A
A65: =A64+1 -> 56 | B65: NV109 | C65: Cao Chánh Dũng | D65: Công nhân | E65: 42417 | F65: =IF(E65=0,0,INT(($T$2-E65)/365)) -> 0 | G65: =$G$3 -> 3745000 | H65: B.05 | I65: 1 | J65: 3745000 | K65: =VLOOKUP(H65,'thang luong moi'!B:I,'Bang luong (chaun)'!I65+1,0) -> 4213125 | L65: =(K65-J65)/K65 -> 0.11111111 | M65: =VLOOKUP(C65,CC!$C$5:$AJ$67,34,0) -> #N/A | N65: =K65/26*M65 -> #N/A | O65: =VLOOKUP(C65,CC!$C$5:$AM$67,36,0) -> #N/A | P65: =VLOOKUP(C65,CC!$C$5:$BS$67,69,0) -> #N/A | Q65: =VLOOKUP(C65,CC!$C$5:$BT$67,70,0) -> #N/A | R65: =VLOOKUP(C65,CC!$C$5:$AM$67,37,0) -> #N/A | S65: =VLOOKUP(C65,CC!$C$5:$AM$67,35,0) -> #N/A | T65: =((K65/26)*M65)+(O65*(K65/26))+((P65/8)*1.5*(K65/26))+((Q65/8)*2*K65/26)+(S65*3*(K65/26)+(K65/26)*R65) -> #N/A | U65: =VLOOKUP(C65,'Công tổng'!$C$53:$BY$67,66,0)-N65 -> #N/A | V65: =IF((F65-$V$3)>0,F65%*K65,0) -> 0 | W65: =(100%-SUMIF('chuyên cần'!$C$6:$AP$31,'Bang luong (chaun)'!C65,'chuyên cần'!$AP$7:$AP$31))*$W$3 -> 300000 | AB65: 0 | AC65: =T65+V65+W65+Z65+U65 -> #N/A | AD65: =J65+AB65 -> 3745000 | AE65: =K65+AB65 -> 4213125 | AF65: 3932250 | AG65: ='ung luong'!#REF! -> #REF! | AH65: =AM65*$AH$2 -> 0 | AI65: =AC65-AG65-AH65 -> #N/A | AJ65: =ROUND(AI65,-3) -> #N/A
A66: =A65+1 -> 57 | B66: NV110 | C66: Lê Phi Thành | D66: Công nhân | E66: 42419 | F66: =IF(E66=0,0,INT(($T$2-E66)/365)) -> 0 | G66: =$G$3 -> 3745000 | H66: B.05 | I66: 1 | J66: 3745000 | K66: =VLOOKUP(H66,'thang luong moi'!B:I,'Bang luong (chaun)'!I66+1,0) -> 4213125 | L66: =(K66-J66)/K66 -> 0.11111111 | M66: =VLOOKUP(C66,CC!$C$5:$AJ$67,34,0) -> #N/A | N66: =K66/26*M66 -> #N/A | O66: =VLOOKUP(C66,CC!$C$5:$AM$67,36,0) -> #N/A | P66: =VLOOKUP(C66,CC!$C$5:$BS$67,69,0) -> #N/A | Q66: =VLOOKUP(C66,CC!$C$5:$BT$67,70,0) -> #N/A | R66: =VLOOKUP(C66,CC!$C$5:$AM$67,37,0) -> #N/A | S66: =VLOOKUP(C66,CC!$C$5:$AM$67,35,0) -> #N/A | T66: =((K66/26)*M66)+(O66*(K66/26))+((P66/8)*1.5*(K66/26))+((Q66/8)*2*K66/26)+(S66*3*(K66/26)+(K66/26)*R66) -> #N/A | U66: =VLOOKUP(C66,'Công tổng'!$C$53:$BY$67,66,0)-N66 -> #N/A | V66: =IF((F66-$V$3)>0,F66%*K66,0) -> 0 | W66: =(100%-SUMIF('chuyên cần'!$C$6:$AP$31,'Bang luong (chaun)'!C66,'chuyên cần'!$AP$7:$AP$31))*$W$3 -> 300000 | AB66: 0 | AC66: =T66+V66+W66+Z66+U66 -> #N/A | AD66: =J66+AB66 -> 3745000 | AE66: =K66+AB66 -> 4213125 | AF66: 3932250 | AG66: ='ung luong'!#REF! -> #REF! | AH66: =AM66*$AH$2 -> 0 | AI66: =AC66-AG66-AH66 -> #N/A | AJ66: =ROUND(AI66,-3) -> #N/A
A67: =A66+1 -> 58 | B67: NV111 | C67: Lê Phi Trung | D67: Công nhân | E67: 42419 | F67: =IF(E67=0,0,INT(($T$2-E67)/365)) -> 0 | G67: =$G$3 -> 3745000 | H67: B.05 | I67: 1 | J67: 3745000 | K67: =VLOOKUP(H67,'thang luong moi'!B:I,'Bang luong (chaun)'!I67+1,0) -> 4213125 | L67: =(K67-J67)/K67 -> 0.11111111 | M67: =VLOOKUP(C67,CC!$C$5:$AJ$67,34,0) -> #N/A | N67: =K67/26*M67 -> #N/A | O67: =VLOOKUP(C67,CC!$C$5:$AM$67,36,0) -> #N/A | P67: =VLOOKUP(C67,CC!$C$5:$BS$67,69,0) -> #N/A | Q67: =VLOOKUP(C67,CC!$C$5:$BT$67,70,0) -> #N/A | R67: =VLOOKUP(C67,CC!$C$5:$AM$67,37,0) -> #N/A | S67: =VLOOKUP(C67,CC!$C$5:$AM$67,35,0) -> #N/A | T67: =((K67/26)*M67)+(O67*(K67/26))+((P67/8)*1.5*(K67/26))+((Q67/8)*2*K67/26)+(S67*3*(K67/26)+(K67/26)*R67) -> #N/A | U67: =VLOOKUP(C67,'Công tổng'!$C$53:$BY$67,66,0)-N67 -> #N/A | V67: =IF((F67-$V$3)>0,F67%*K67,0) -> 0 | W67: =(100%-SUMIF('chuyên cần'!$C$6:$AP$31,'Bang luong (chaun)'!C67,'chuyên cần'!$AP$7:$AP$31))*$W$3 -> 300000 | AB67: 0 | AC67: =T67+V67+W67+Z67+U67 -> #N/A | AD67: =J67+AB67 -> 3745000 | AE67: =K67+AB67 -> 4213125 | AF67: 3932250 | AG67: ='ung luong'!#REF! -> #REF! | AH67: =AM67*$AH$2 -> 0 | AI67: =AC67-AG67-AH67 -> #N/A | AJ67: =ROUND(AI67,-3) -> #N/A
A68: =A67+1 -> 59 | B68: NV112 | C68: Huỳnh Văn Phương | D68: Công nhân | E68: 42419 | F68: =IF(E68=0,0,INT(($T$2-E68)/365)) -> 0 | G68: =$G$3 -> 3745000 | H68: B.05 | I68: 1 | J68: 3745000 | K68: =VLOOKUP(H68,'thang luong moi'!B:I,'Bang luong (chaun)'!I68+1,0) -> 4213125 | L68: =(K68-J68)/K68 -> 0.11111111 | M68: =VLOOKUP(C68,CC!$C$5:$AJ$67,34,0) -> #N/A | N68: =K68/26*M68 -> #N/A | O68: =VLOOKUP(C68,CC!$C$5:$AM$67,36,0) -> #N/A | P68: =VLOOKUP(C68,CC!$C$5:$BS$67,69,0) -> #N/A | Q68: =VLOOKUP(C68,CC!$C$5:$BT$67,70,0) -> #N/A | R68: =VLOOKUP(C68,CC!$C$5:$AM$67,37,0) -> #N/A | S68: =VLOOKUP(C68,CC!$C$5:$AM$67,35,0) -> #N/A | T68: =((K68/26)*M68)+(O68*(K68/26))+((P68/8)*1.5*(K68/26))+((Q68/8)*2*K68/26)+(S68*3*(K68/26)+(K68/26)*R68) -> #N/A | U68: =VLOOKUP(C68,'Công tổng'!$C$53:$BY$67,66,0)-N68 -> #N/A | V68: =IF((F68-$V$3)>0,F68%*K68,0) -> 0 | W68: =(100%-SUMIF('chuyên cần'!$C$6:$AP$31,'Bang luong (chaun)'!C68,'chuyên cần'!$AP$7:$AP$31))*$W$3 -> 300000 | AB68: 0 | AC68: =T68+V68+W68+Z68+U68 -> #N/A | AD68: =J68+AB68 -> 3745000 | AE68: =K68+AB68 -> 4213125 | AF68: 3932250 | AG68: ='ung luong'!#REF! -> #REF! | AH68: =AM68*$AH$2 -> 0 | AI68: =AC68-AG68-AH68 -> #N/A | AJ68: =ROUND(AI68,-3) -> #N/A
A69: =A68+1 -> 60 | B69: NV113 | C69: Lâm Văn Thương | D69: Công nhân | E69: 42420 | F69: =IF(E69=0,0,INT(($T$2-E69)/365)) -> 0 | G69: =$G$3 -> 3745000 | H69: B.05 | I69: 1 | J69: 3745000 | K69: =VLOOKUP(H69,'thang luong moi'!B:I,'Bang luong (chaun)'!I69+1,0) -> 4213125 | L69: =(K69-J69)/K69 -> 0.11111111 | M69: =VLOOKUP(C69,CC!$C$5:$AJ$67,34,0) -> #N/A | N69: =K69/26*M69 -> #N/A | O69: =VLOOKUP(C69,CC!$C$5:$AM$67,36,0) -> #N/A | P69: =VLOOKUP(C69,CC!$C$5:$BS$67,69,0) -> #N/A | Q69: =VLOOKUP(C69,CC!$C$5:$BT$67,70,0) -> #N/A | R69: =VLOOKUP(C69,CC!$C$5:$AM$67,37,0) -> #N/A | S69: =VLOOKUP(C69,CC!$C$5:$AM$67,35,0) -> #N/A | T69: =((K69/26)*M69)+(O69*(K69/26))+((P69/8)*1.5*(K69/26))+((Q69/8)*2*K69/26)+(S69*3*(K69/26)+(K69/26)*R69) -> #N/A | U69: =VLOOKUP(C69,'Công tổng'!$C$53:$BY$67,66,0)-N69 -> #N/A | V69: =IF((F69-$V$3)>0,F69%*K69,0) -> 0 | W69: =(100%-SUMIF('chuyên cần'!$C$6:$AP$31,'Bang luong (chaun)'!C69,'chuyên cần'!$AP$7:$AP$31))*$W$3 -> 300000 | AB69: 0 | AC69: =T69+V69+W69+Z69+U69 -> #N/A | AD69: =J69+AB69 -> 3745000 | AE69: =K69+AB69 -> 4213125 | AF69: 3932250 | AG69: ='ung luong'!#REF! -> #REF! | AH69: =AM69*$AH$2 -> 0 | AI69: =AC69-AG69-AH69 -> #N/A | AJ69: =ROUND(AI69,-3) -> #N/A
A70: =A69+1 -> 61 | B70: NV114 | C70: Trần Minh Hoàng | D70: Công nhân | E70: 42422 | F70: =IF(E70=0,0,INT(($T$2-E70)/365)) -> 0 | G70: =$G$3 -> 3745000 | H70: B.05 | I70: 1 | J70: 3745000 | K70: =VLOOKUP(H70,'thang luong moi'!B:I,'Bang luong (chaun)'!I70+1,0) -> 4213125 | L70: =(K70-J70)/K70 -> 0.11111111 | M70: =VLOOKUP(C70,CC!$C$5:$AJ$67,34,0) -> #N/A | N70: =K70/26*M70 -> #N/A | O70: =VLOOKUP(C70,CC!$C$5:$AM$67,36,0) -> #N/A | P70: =VLOOKUP(C70,CC!$C$5:$BS$67,69,0) -> #N/A | Q70: =VLOOKUP(C70,CC!$C$5:$BT$67,70,0) -> #N/A | R70: =VLOOKUP(C70,CC!$C$5:$AM$67,37,0) -> #N/A | S70: =VLOOKUP(C70,CC!$C$5:$AM$67,35,0) -> #N/A | T70: =((K70/26)*M70)+(O70*(K70/26))+((P70/8)*1.5*(K70/26))+((Q70/8)*2*K70/26)+(S70*3*(K70/26)+(K70/26)*R70) -> #N/A | U70: =VLOOKUP(C70,'Công tổng'!$C$53:$BY$67,66,0)-N70 -> #N/A | V70: =IF((F70-$V$3)>0,F70%*K70,0) -> 0 | W70: =(100%-SUMIF('chuyên cần'!$C$6:$AP$31,'Bang luong (chaun)'!C70,'chuyên cần'!$AP$7:$AP$31))*$W$3 -> 300000 | AB70: 0 | AC70: =T70+V70+W70+Z70+U70 -> #N/A | AD70: =J70+AB70 -> 3745000 | AE70: =K70+AB70 -> 4213125 | AF70: 3932250 | AG70: ='ung luong'!#REF! -> #REF! | AH70: =AM70*$AH$2 -> 0 | AI70: =AC70-AG70-AH70 -> #N/A | AJ70: =ROUND(AI70,-3) -> #N/A
A71: =A70+1 -> 62 | B71: NV115 | C71: Thạch Phương | D71: Công nhân | E71: 42422 | F71: =IF(E71=0,0,INT(($T$2-E71)/365)) -> 0 | G71: =$G$3 -> 3745000 | H71: B.05 | I71: 1 | J71: 3745000 | K71: =VLOOKUP(H71,'thang luong moi'!B:I,'Bang luong (chaun)'!I71+1,0) -> 4213125 | L71: =(K71-J71)/K71 -> 0.11111111 | M71: =VLOOKUP(C71,CC!$C$5:$AJ$67,34,0) -> #N/A | N71: =K71/26*M71 -> #N/A | O71: =VLOOKUP(C71,CC!$C$5:$AM$67,36,0) -> #N/A | P71: =VLOOKUP(C71,CC!$C$5:$BS$67,69,0) -> #N/A | Q71: =VLOOKUP(C71,CC!$C$5:$BT$67,70,0) -> #N/A | R71: =VLOOKUP(C71,CC!$C$5:$AM$67,37,0) -> #N/A | S71: =VLOOKUP(C71,CC!$C$5:$AM$67,35,0) -> #N/A | T71: =((K71/26)*M71)+(O71*(K71/26))+((P71/8)*1.5*(K71/26))+((Q71/8)*2*K71/26)+(S71*3*(K71/26)+(K71/26)*R71) -> #N/A | U71: =VLOOKUP(C71,'Công tổng'!$C$53:$BY$67,66,0)-N71 -> #N/A | V71: =IF((F71-$V$3)>0,F71%*K71,0) -> 0 | W71: =(100%-SUMIF('chuyên cần'!$C$6:$AP$31,'Bang luong (chaun)'!C71,'chuyên cần'!$AP$7:$AP$31))*$W$3 -> 300000 | AB71: 0 | AC71: =T71+V71+W71+Z71+U71 -> #N/A | AD71: =J71+AB71 -> 3745000 | AE71: =K71+AB71 -> 4213125 | AF71: 3932250 | AG71: ='ung luong'!#REF! -> #REF! | AH71: =AM71*$AH$2 -> 0 | AI71: =AC71-AG71-AH71 -> #N/A | AJ71: =ROUND(AI71,-3) -> #N/A
... A79: =A78+1 -> 70 | B79: NV123 | C79: Võ Minh Vũ | D79: Công nhân | E79: 42429 | F79: =IF(E79=0,0,INT(($T$2-E79)/365)) -> 0 | G79: =$G$3 -> 3745000 | H79: B.05 | I79: 1 | J79: 3745000 | K79: =VLOOKUP(H79,'thang luong moi'!B:I,'Bang luong (chaun)'!I79+1,0) -> 4213125 | L79: =(K79-J79)/K79 -> 0.11111111 | M79: =VLOOKUP(C79,CC!$C$5:$AJ$67,34,0) -> #N/A | N79: =K79/26*M79 -> #N/A | O79: =VLOOKUP(C79,CC!$C$5:$AM$67,36,0) -> #N/A | P79: =VLOOKUP(C79,CC!$C$5:$BS$67,69,0) -> #N/A | Q79: =VLOOKUP(C79,CC!$C$5:$BT$67,70,0) -> #N/A | R79: =VLOOKUP(C79,CC!$C$5:$AM$67,37,0) -> #N/A | S79: =VLOOKUP(C79,CC!$C$5:$AM$67,35,0) -> #N/A | T79: =((K79/26)*M79)+(O79*(K79/26))+((P79/8)*1.5*(K79/26))+((Q79/8)*2*K79/26)+(S79*3*(K79/26)+(K79/26)*R79) -> #N/A | U79: =VLOOKUP(C79,'Công tổng'!$C$53:$BY$67,66,0)-N79 -> #N/A | V79: =IF((F79-$V$3)>0,F79%*K79,0) -> 0 | W79: =(100%-SUMIF('chuyên cần'!$C$6:$AP$31,'Bang luong (chaun)'!C79,'chuyên cần'!$AP$7:$AP$31))*$W$3 -> 300000 | AB79: 0 | AC79: =T79+V79+W79+Z79+U79 -> #N/A | AD79: =J79+AB79 -> 3745000 | AE79: =K79+AB79 -> 4213125 | AF79: 3932250 | AG79: ='ung luong'!#REF! -> #REF! | AH79: =AM79*$AH$2 -> 0 | AI79: =AC79-AG79-AH79 -> #N/A | AJ79: =ROUND(AI79,-3) -> #N/A
C80: CỘNG | Z80: 0 | AC80: =AC41+AC24+AC15+AC12+AC5 -> #N/A | AG80: =AG41+AG24+AG15+AG12+AG5 -> #REF! | AH80: =AH41+AH24+AH15+AH12+AH5 -> 6444195 | AI80: =AI41+AI24+AI15+AI12+AI5 -> #N/A | AJ80: =AJ41+AJ24+AJ15+AJ12+AJ5 -> #N/A
J81: =SUBTOTAL(9,J5:J80) -> 300723500 | K81: =SUBTOTAL(9,K5:K80) -> 346920750
K82: =K81-J81 -> 46197250 | AA82: Người lập bảng lương
K83: =K82/70 -> 659960.71
B89: NGUYỄN VĂN THẢO | J89: Lê Quốc Chương | K89: Lê Quốc Chương | AA89: Nguyễn Văn Thanh | AC89: Nguyễn Văn Thanh

Sheet ung luong
A1: DANH SÁCH ỨNG LƯƠNG T08/2019
A2: STT | B2: Mã Nhân viên | C2: Họ và Tên | D2: Chức vụ | E2: Ứng lương | F2: Tổng cộng | G2: Ký nhận
A3: 1 | C3: Lê Thanh Huy | D3: P.TGĐ | E3: 20000000 | F3: =E3 -> 20000000
C4: KH - VT
A5: 2 | C5: Đào Ngọc Long | D5: Trưởng BP KHSX | E5: 2000000 | F5: =+E5 -> 2000000
A6: 3 | C6: Trần Văn Vị Toàn | D6: Chuyên viên thu mua | E6: 5000000 | F6: =+E6 -> 5000000
C7: XDCB
A8: 2 | C8: Nguyễn Trần Duy Anh | D8: Trưởng ban XDCB | E8: 10000000 | F8: =+E8 -> 10000000
A9: 3 | C9: Nguyễn Duy Long | D9: Trưởng BP Giám sát Kỹ thuật | E9: 5000000 | F9: =+E9 -> 5000000
A10: 4 | C10: Lê Minh Đức Thịnh | D10: Trưởng BP Thiết kế Kỹ thuật | E10: 5000000 | F10: =+E10 -> 5000000
A11: 5 | C11: Chau Ri Na | D11: Nhân viên thiết kế | E11: 5000000 | F11: =+E11 -> 5000000
A12: 6 | C12: Che Thanh Thân | D12: Nhân viên KCS | E12: 4000000 | F12: =+E12 -> 4000000
A13: 7 | C13: Lê Đình Tiến | D13: Chuyên viên GS Kỹ thuật | E13: 0 | F13: =+E13 -> 0
C14: QUẢN TRỊ SẢN XUẤT
A15: 1 | C15: Nguyễn Hữu Thái | D15: Trưởng phòng Quản trị sản xuất | E15: 15000000 | F15: =E15 -> 15000000
C16: THỐNG KÊ
C17: Phạm Thành Nhân | D17: Tr BP Thống kê | E17: 0 | F17: =E17 -> 0
A18: 2 | C18: Mai Thanh Điền | D18: Nhân viên thống kê | E18: 4000000 | F18: =E18 -> 4000000
A19: 3 | C19: Lê Thị Duyên | D19: Nhân viên thống kê | E19: 3000000 | F19: =E19 -> 3000000
A20: 4 | C20: Trần Minh Tâm | D20: Nhân viên thống kê | E20: 0 | F20: =E20 -> 0
C21: KHO
A22: 5 | C22: Nguyễn Tấn Lộc | D22: Thủ kho Thành phẩm | E22: 3000000 | F22: =E22 -> 3000000
A23: 6 | C23: Nguyễn Minh Hoàn | D23: Nhân viên kho | E23: 3000000 | F23: =E23 -> 3000000
A24: 7 | C24: Ngô Hoàng Oanh | D24: Phụ Kho | E24: 3000000 | F24: =E24 -> 3000000
A25: 8 | C25: Trần Văn Mơ | D25: Thống kê số liệu | E25: 4000000 | F25: =E25 -> 4000000
A26: 9 | C26: Lương Minh Hòa | D26: Nhân viên Kho | E26: 0 | F26: =E26 -> 0
A27: 10 | C27: Nguyễn Đức Hân | D27: Thủ kho NVL | E27: 4000000 | F27: =E27 -> 4000000
A28: 11 | C28: Nguyễn Hùng Dũng | D28: Nhân viên Trạm cân | E28: 3000000 | F28: =E28 -> 3000000
A29: 12 | C29: Danh Thủy | D29: Nhân viên Trạm cân | E29: 3000000 | F29: =E29 -> 3000000
A30: 13 | C30: Đỗ Sỹ Long | D30: Nhân viên Trạm cân | E30: 2000000 | F30: =E30 -> 2000000
A31: 14 | C31: Nguyễn Văn Thanh | D31: Thủ kho Bùn | E31: 0 | F31: =E31 -> 0
A32: 15 | C32: Nguyễn Hữu Tài | D32: Nhân viên kho | E32: 2000000 | F32: =E32 -> 2000000
A33: 16 | C33: Đỗ Hoàng Dũng | D33: Nhân viên điều phối đơn hàng | E33: 3000000 | F33: =E33 -> 3000000
C34: SẢN XUẤT
A35: 17 | C35: Nguyễn Ngọc Đông | D35: Trưởng BP Cơ giới | E35: 5000000 | F35: =+E35 -> 5000000
A36: 18 | C36: Nguyễn Thọ Ngọc | D36: Trưởng BP QC | E36: 10000000 | F36: =+E36 -> 10000000
A37: 19 | C37: Nguyễn Trung Hậu | D37: Nhân viên QC inline | E37: 3000000 | F37: =+E37 -> 3000000
A38: 20 | C38: Nguyễn Thành Long | D38: Nhân viên QC inline | E38: 0 | F38: =+E38 -> 0
A39: 21 | C39: Đồng Tấn Tài | D39: Tổ trưởng xe cơ giới | E39: 4000000 | F39: =+E39 -> 4000000
C40: AN NINH
A41: 20 | C41: Đặng Văn Thông | D41: Trưởng BP An Ninh | E41: 0 | F41: 0
C42: KỸ THUẬT
C43: CƠ GIỚI - CƠ KHÍ
A44: 21 | C44: Đào Công Thắng | D44: Tổ trưởng bảo trì cơ điện | E44: 3000000 | F44: =E44 -> 3000000
A45: 22 | C45: Nguyễn Thanh Nhàn | D45: Tổ phó bảo trì | E45: 3000000 | F45: =E45 -> 3000000
A46: 23 | C46: Nguyễn Thanh Lâm | D46: Nhân viên bảo trì cơ khí | E46: 4000000 | F46: =E46 -> 4000000
A47: 24 | C47: Trần Ngọc Minh | D47: Nhân viên bảo trì cơ khí | E47: 4000000 | F47: =E47 -> 4000000
A48: 25 | C48: Nguyễn Thành Luân | D48: CV bảo trì cơ khí, cơ giới | E48: 4000000 | F48: =E48 -> 4000000
A49: 26 | C49: Huỳnh Văn Phương | D49: Nhân viên Điện - Cơ điện | E49: 3000000 | F49: =E49 -> 3000000
A50: 27 | C50: Nguyễn Công Thuận | D50: Nhân viên Điện - Cơ điện | E50: 3000000 | F50: =E50 -> 3000000
C51: CẢI TIẾN - THIẾT KẾ MÁY
A52: 25 | C52: Đổng Ngọc Trung | D52: Tổ trưởng Điện - Cơ điện | E52: 3000000 | F52: =E52 -> 3000000
C53: Nguyễn Thành Khương | D53: Chuyên viên Kỹ thuật cải tiến | E53: 3000000 | F53: =E53 -> 3000000
C54: Nguyễn Duy Kha | D54: Nhân viên Thiết kế máy | E54: 0 | F54: =E54 -> 0
C55: VẬN HÀNH MÁY
A56: 29 | C56: Nguyễn Lê Tân | D56: Tổ trưởng VHM XLB | E56: 0 | F56: =E56 -> 0
A57: 30 | C57: Cao Chánh Dũng | D57: Đội trưởng VHM XLB | E57: 3000000 | F57: =E57 -> 3000000
A58: 31 | C58: Trần Quốc Nam | D58: VH máy ĐS & PB | E58: 4000000 | F58: =E58 -> 4000000
A59: 32 | C59: Trần Văn Phi | D59: VH máy duy tu | E59: 4000000 | F59: =E59 -> 4000000
A60: 33 | C60: Cao Văn Lượm | D60: Bình Hưng | E60: 2000000 | F60: =E60 -> 2000000
A61: 34 | C61: Nguyễn Văn Đức | D61: Bình Hưng | E61: 2000000 | F61: =E61 -> 2000000 | I61: Nhà máy | J61: =F114 -> 320500000
A62: 35 | C62: Nguyễn Đăng Khoa | D62: VH máy duy tu | E62: 3000000 | F62: =E62 -> 3000000 | I62: Đóng gói | J62: 70000000
A63: 36 | C63: Thạch Phương | D63: VH máy sàngTân Hóa | E63: 2000000 | F63: =E63 -> 2000000 | I63: NCUD | J63: 16000000
A64: 37 | C64: Thái Minh Tân | D64: VH máy duy tu | E64: 4000000 | F64: =E64 -> 4000000 | I64: HCNS | J64: 3000000
A65: 38 | C65: Lê Tấn Hùng | D65: VH máy duy tu | E65: 4000000 | F65: =E65 -> 4000000 | I65: NCKH | J65: 3000000
A66: 39 | C66: Lê Văn Triệu | D66: VHM | E66: 4000000 | F66: =E66 -> 4000000
A67: 40 | C67: Lâm Bal | D67: VH máy duy tu | E67: 4000000 | F67: =E67 -> 4000000 | J67: =SUM(J61:J66) -> 412500000
A68: 41 | C68: Thạch Phiên | D68: VH máy duy tu | E68: 3000000 | F68: =E68 -> 3000000
C69: Võ Quang Tuấn | D69: Biogas | E69: 3000000 | F69: =E69 -> 3000000
C70: Tạ Chí Thuận | D70: Biogas | E70: 2000000 | F70: =E70 -> 2000000
C71: ='BANG LUONG 1'!C5 -> KẾ HOẠCH XỬ LÝ
A72: ='BANG LUONG 1'!A6 -> 1 | B72: NV01 | C72: ='BANG LUONG 1'!C6 -> Nguyễn Trọng Minh | D72: Tổ trưởng CN Xổ bao bùn | E72: 4000000 | F72: =E72 -> 4000000
A73: ='BANG LUONG 1'!A7 -> 2 | B73: NV02 | C73: ='BANG LUONG 1'!C7 -> Nguyễn Minh Tuấn | D73: ='BANG LUONG 1'!D7 -> Công nhân | E73: 3000000 | F73: =E73 -> 3000000
A74: ='BANG LUONG 1'!A9 -> 7 | B74: NV07 | C74: ='BANG LUONG 1'!C9 -> Triệu Bô Na | D74: ='BANG LUONG 1'!D9 -> Công nhân | E74: 4000000 | F74: =E74 -> 4000000
A75: ='BANG LUONG 1'!A10 -> 9 | B75: NV09 | C75: ='BANG LUONG 1'!C10 -> Phan Lâm Thương | D75: ='BANG LUONG 1'!D10 -> Công nhân | E75: 3000000 | F75: =E75 -> 3000000
A76: ='BANG LUONG 1'!A11 -> 10 | B76: NV10 | C76: ='BANG LUONG 1'!C11 -> Nguyễn Bình Luận | D76: ='BANG LUONG 1'!D11 -> Công nhân | E76: 3000000 | F76: =E76 -> 3000000
A77: ='BANG LUONG 1'!A12 -> 11 | B77: NV11 | C77: ='BANG LUONG 1'!C12 -> Nguyễn Thế Lực | D77: ='BANG LUONG 1'!D12 -> Công nhân | E77: 4000000 | F77: =E77 -> 4000000
A78: ='BANG LUONG 1'!A13 -> 12 | B78: ='BANG LUONG 1'!B13 -> NV12 | C78: ='BANG LUONG 1'!C13 -> Nguyễn Thành Vân | D78: ='BANG LUONG 1'!D13 -> Công nhân | E78: 0 | F78: =E78 -> 0
A79: ='BANG LUONG 1'!A14 -> 0 | B79: ='BANG LUONG 1'!B14 -> NV46 | C79: ='BANG LUONG 1'!C14 -> Lương Trường Giang | D79: ='BANG LUONG 1'!D14 -> Công nhân | E79: 0 | F79: =E79 -> 0
A80: ='BANG LUONG 1'!A15 -> 0 | B80: ='BANG LUONG 1'!B15 -> NV47 | C80: ='BANG LUONG 1'!C15 -> Bùi Trọng Nghĩa | D80: ='BANG LUONG 1'!D15 -> Công nhân | E80: 4000000 | F80: =E80 -> 4000000
A81: ='BANG LUONG 1'!A16 -> 38 | B81: ='BANG LUONG 1'!B16 -> NV38 | C81: ='BANG LUONG 1'!C16 -> Nguyễn Văn Rắng | D81: ='BANG LUONG 1'!D16 -> Công nhân | E81: 4000000 | F81: =E81 -> 4000000
A82: ='BANG LUONG 1'!A17 -> 29 | B82: ='BANG LUONG 1'!B17 -> NV29 | C82: ='BANG LUONG 1'!C17 -> Phan Văn Bạn | D82: ='BANG LUONG 1'!D17 -> Lái xe cơ giới | E82: 3000000 | F82: =E82 -> 3000000
A83: ='BANG LUONG 1'!A18 -> J | C83: ='BANG LUONG 1'!C18 -> TÀI XẾ
A84: ='BANG LUONG 1'!A19 -> 13 | B84: ='BANG LUONG 1'!B19 -> NV13 | C84: ='BANG LUONG 1'!C19 -> Triệu Minh Tú | D84: ='BANG LUONG 1'!D19 -> Lái xe cơ giới | E84: 4000000 | F84: =E84 -> 4000000
A85: ='BANG LUONG 1'!A20 -> 14 | B85: ='BANG LUONG 1'!B20 -> NV14 | C85: ='BANG LUONG 1'!C20 -> Nguyễn Văn Chạy | D85: ='BANG LUONG 1'!D20 -> Lái xe cơ giới | E85: 3000000 | F85: =E85 -> 3000000
A86: ='BANG LUONG 1'!A21 -> 15 | B86: ='BANG LUONG 1'!B21 -> NV15 | C86: ='BANG LUONG 1'!C21 -> Hà Hoàng Hùng | D86: ='BANG LUONG 1'!D21 -> Lái xe cơ giới | E86: 0 | F86: =E86 -> 0
A87: ='BANG LUONG 1'!A22 -> 16 | B87: ='BANG LUONG 1'!B22 -> NV16 | C87: ='BANG LUONG 1'!C22 -> Châu Thành Nhân | D87: ='BANG LUONG 1'!D22 -> Lái xe cơ giới | E87: 4000000 | F87: =E87 -> 4000000
A88: ='BANG LUONG 1'!A23 -> 18 | B88: ='BANG LUONG 1'!B23 -> NV18 | C88: ='BANG LUONG 1'!C23 -> Châu Văn Phước | D88: ='BANG LUONG 1'!D23 -> Lái xe cơ giới | E88: 0 | F88: =E88 -> 0
A89: ='BANG LUONG 1'!A24 -> 19 | B89: ='BANG LUONG 1'!B24 -> NV19 | C89: ='BANG LUONG 1'!C24 -> Thạch Giàu | D89: ='BANG LUONG 1'!D24 -> Lái xe cơ giới | E89: 4000000 | F89: =E89 -> 4000000
A90: ='BANG LUONG 1'!A25 -> 20 | B90: ='BANG LUONG 1'!B25 -> NV20 | C90: ='BANG LUONG 1'!C25 -> Trần Thanh Hậu | D90: ='BANG LUONG 1'!D25 -> Lái xe cơ giới | E90: 3000000 | F90: =E90 -> 3000000
A91: ='BANG LUONG 1'!A26 -> 21 | B91: ='BANG LUONG 1'!B26 -> NV21 | C91: ='BANG LUONG 1'!C26 -> Trần Văn Thứ | D91: ='BANG LUONG 1'!D26 -> Lái xe cơ giới | E91: 3000000 | F91: =E91 -> 3000000
A92: ='BANG LUONG 1'!A27 -> 22 | B92: ='BANG LUONG 1'!B27 -> NV22 | C92: ='BANG LUONG 1'!C27 -> Lê Tấn Phát | D92: ='BANG LUONG 1'!D27 -> Lái xe cơ giới | E92: 0 | F92: =E92 -> 0
A93: ='BANG LUONG 1'!A28 -> 23 | B93: ='BANG LUONG 1'!B28 -> NV23 | C93: ='BANG LUONG 1'!C28 -> Quách Văn Chánh | D93: ='BANG LUONG 1'!D28 -> Công nhân | E93: 3000000 | F93: =E93 -> 3000000
A94: ='BANG LUONG 1'!A29 -> 24 | B94: ='BANG LUONG 1'!B29 -> NV24 | C94: ='BANG LUONG 1'!C29 -> Trần văn Nguyện | D94: ='BANG LUONG 1'!D29 -> Công nhân (TX ) | E94: 2000000 | F94: =E94 -> 2000000
A95: ='BANG LUONG 1'!A30 -> 25 | B95: ='BANG LUONG 1'!B30 -> NV25 | C95: ='BANG LUONG 1'!C30 -> Châu Văn Tâm | D95: ='BANG LUONG 1'!D30 -> Lái xe cơ giới | E95: 4000000 | F95: =E95 -> 4000000
... A102: ='BANG LUONG 1'!A37 -> 33 | B102: ='BANG LUONG 1'!B37 -> NV33 | C102: ='BANG LUONG 1'!C37 -> Nguyễn Thành Tài | D102: ='BANG LUONG 1'!D37 -> Lái xe nâng | E102: 0 | F102: =E102 -> 0
A103: ='BANG LUONG 1'!A38 -> G | C103: ='BANG LUONG 1'!C38 -> VỆ SINH - MÔI TRƯỜNG
C104: Trần Văn Hà | D104: Trường BP GS Môi trường | E104: 0 | F104: =E104 -> 0
C105: Đinh Thanh Trí | D105: Nhân viên VH Trạm XLNT | E105: 4000000 | F105: =E105 -> 4000000
C106: Phan Hồng Chương | D106: Tổ trưởng Vệ sinh | E106: 4000000 | F106: =E106 -> 4000000
...

Sheet So sánh - nhan xet
C1: tháng 1 | D1: tháng 1 | E1: tháng 2 | F1: tháng 2 | G1: tháng 3 | H1: tháng 3 | I1: tháng 4 | J1: tháng 4 | K1: tháng 5 | L1: tháng 5 | M1: tháng 6 | N1: tháng 6 | O1: tháng 7 | P1: tháng 7 | Q1: tháng 8 | R1: tháng 8 | S1: Thang 9 | T1: Thang 9 | U1: Thang 10 | V1: Thang 10
A2: BX-bao 3dm3 | B2: =1000/3 -> 333.33333 | C2: =10250+260 -> 10510 | D2: =C2/B2 -> 31.53 | E2: 5850 | F2: =E2/B2 -> 17.55 | G2: 11030 | H2: =G2/B2 -> 33.09 | I2: 10698 | J2: =I2/B2 -> 32.094 | K2: 5070 | L2: =K2/B2 -> 15.21 | M2: 2320 | N2: =M2/B2 -> 6.96 | O2: 4170 | P2: =O2/B2 -> 12.51 | Q2: 4104 | R2: =Q2/B2 -> 12.312 | S2: 4021 | T2: =S2/B2 -> 12.063 | U2: =SUM('Công tổng'!V6:V10) -> 0 | V2: =U2/B2 -> 0
A3: BX-bao 5dm3 | B3: =1000/5 -> 200 | C3: 24760 | D3: =C3/B3 -> 123.8 | E3: 12540 | F3: =E3/B3 -> 62.7 | G3: 24660 | H3: =G3/B3 -> 123.3 | I3: 17237 | J3: =I3/B3 -> 86.185 | K3: 16332 | L3: =K3/B3 -> 81.66 | M3: 8671 | N3: =M3/B3 -> 43.355 | O3: 9409 | P3: =O3/B3 -> 47.045 | Q3: 17657 | R3: =Q3/B3 -> 88.285 | S3: 14155 | T3: =S3/B3 -> 70.775 | U3: =SUM('Công tổng'!W6:W10) -> 0 | V3: =U3/B3 -> 0
A4: BX-bao 10dm3 | B4: =1000/10 -> 100 | C4: 9680 | D4: =C4/B4 -> 96.8 | E4: 5750 | F4: =E4/B4 -> 57.5 | G4: 15075 | H4: =G4/B4 -> 150.75 | I4: 7000 | J4: =I4/B4 -> 70 | K4: 6380 | L4: =K4/B4 -> 63.8 | M4: 2970 | N4: =M4/B4 -> 29.7 | O4: 3660 | P4: =O4/B4 -> 36.6 | Q4: 7261 | R4: =Q4/B4 -> 72.61 | S4: 4719 | T4: =S4/B4 -> 47.19 | U4: =SUM('Công tổng'!X6:X10) -> 0 | V4: =U4/B4 -> 0
A5: BX-bao 20dm3 | B5: =1000/20 -> 50 | C5: 53580 | D5: =C5/B5 -> 1071.6 | E5: 40670 | F5: =E5/B5 -> 813.4 | G5: 71399 | H5: =G5/B5 -> 1427.98 | I5: 33770 | J5: =I5/B5 -> 675.4 | K5: =32830+5150 -> 37980 | L5: =K5/B5 -> 759.6 | M5: =23980+1867 -> 25847 | N5: =M5/B5 -> 516.94 | O5: 36840 | P5: =O5/B5 -> 736.8 | Q5: 33800 | R5: =Q5/B5 -> 676 | S5: 35188 | T5: =S5/B5 -> 703.76 | U5: =SUM('Công tổng'!Y6:Y10) -> 0 | V5: =U5/B5 -> 0
A6: BX-bao 40dm3 | B6: =1000/40 -> 25 | C6: =1363+13*25 -> 1688 | D6: =C6/B6 -> 67.52 | E6: =900+23*25 -> 1475 | F6: =E6/B6 -> 59 | G6: =2050+11*25 -> 2325 | H6: =G6/B6 -> 93 | I6: =390+10*25 -> 640 | J6: =I6/B6 -> 25.6 | L6: =K6/B6 -> 0 | M6: =1450+2.5*25 -> 1512.5 | N6: =M6/B6 -> 60.5 | O6: =4190+125 -> 4315 | P6: =O6/B6 -> 172.6 | Q6: 3780 | R6: =Q6/B6 -> 151.2 | S6: =2300+8*25 -> 2500 | T6: =S6/B6 -> 100 | U6: =SUM('Công tổng'!Z6:Z10) -> 0 | V6: =U6/B6 -> 0
A7: BX-bao 50dm3 | B7: =1000/50 -> 20 | C7: 32210 | D7: =C7/B7 -> 1610.5 | E7: 24950 | F7: =E7/B7 -> 1247.5 | G7: 34730 | H7: =G7/B7 -> 1736.5 | I7: 20650 | J7: =I7/B7 -> 1032.5 | K7: 20400 | L7: =K7/B7 -> 1020 | M7: 12150 | N7: =M7/B7 -> 607.5 | O7: 19028 | P7: =O7/B7 -> 951.4 | Q7: 21500 | R7: =Q7/B7 -> 1075 | S7: 16800 | T7: =S7/B7 -> 840 | U7: =SUM('Công tổng'!AA6:AA10) -> 0 | V7: =U7/B7 -> 0
A8: BX-bao 100dm3 | B8: =1000/100 -> 10 | D8: =C8/B8 -> 0 | F8: =E8/B8 -> 0 | H8: =G8/B8 -> 0 | J8: =I8/B8 -> 0 | L8: =K8/B8 -> 0 | N8: =M8/B8 -> 0 | P8: =O8/B8 -> 0 | R8: =Q8/B8 -> 0 | T8: =S8/B8 -> 0 | U8: =SUM('Công tổng'!AB6:AB10) -> 0 | V8: =U8/B8 -> 0
A9: BX-bao 0,2kg | B9: =1000/0.2 -> 5000 | C9: 1680 | D9: =C9/B9 -> 0.336 | E9: 1440 | F9: =E9/B9 -> 0.288 | G9: 480 | H9: =G9/B9 -> 0.096 | J9: =I9/B9 -> 0 | L9: =K9/B9 -> 0 | N9: =M9/B9 -> 0 | P9: =O9/B9 -> 0 | Q9: 2000 | R9: =Q9/B9 -> 0.4 | T9: =S9/B9 -> 0 | U9: =SUM('Công tổng'!AC6:AC10) -> 0 | V9: =U9/B9 -> 0
A10: BX-bao 0,5 kg | B10: =1000/0.5 -> 2000 | C10: 9300 | D10: =C10/B10 -> 4.65 | E10: 6300 | F10: =E10/B10 -> 3.15 | G10: 18450 | H10: =G10/B10 -> 9.225 | I10: 5615 | J10: =I10/B10 -> 2.8075 | K10: 7100 | L10: =K10/B10 -> 3.55 | M10: 7778 | N10: =M10/B10 -> 3.889 | O10: 11050 | P10: =O10/B10 -> 5.525 | Q10: 9661 | R10: =Q10/B10 -> 4.8305 | S10: 11256 | T10: =S10/B10 -> 5.628 | U10: =SUM('Công tổng'!AD6:AD10) -> 0 | V10: =U10/B10 -> 0
A11: BX-bao 01kg | B11: =1000/1 -> 1000 | C11: 5115 | D11: =C11/B11 -> 5.115 | E11: 2755 | F11: =E11/B11 -> 2.755 | G11: 16260 | H11: =G11/B11 -> 16.26 | I11: 2508 | J11: =I11/B11 -> 2.508 | K11: 2365 | L11: =K11/B11 -> 2.365 | M11: 1650 | N11: =M11/B11 -> 1.65 | O11: 545 | P11: =O11/B11 -> 0.545 | Q11: 751 | R11: =Q11/B11 -> 0.751 | S11: 420 | T11: =S11/B11 -> 0.42 | U11: =SUM('Công tổng'!AE6:AE10) -> 0 | V11: =U11/B11 -> 0
A12: BX-bao 10kg | B12: =1000/10 -> 100 | C12: 836 | D12: =C12/B12 -> 8.36 | E12: =9719/10 -> 971.9 | F12: =E12/B12 -> 9.719 | G12: 300 | H12: =G12/B12 -> 3 | I12: 605 | J12: =I12/B12 -> 6.05 | L12: =K12/B12 -> 0 | M12: =7000/10 -> 700 | N12: =M12/B12 -> 7 | P12: =O12/B12 -> 0 | Q12: 250 | R12: =Q12/B12 -> 2.5 | S12: 200 | T12: =S12/B12 -> 2 | U12: =SUM('Công tổng'!AF6:AF10) -> 0 | V12: =U12/B12 -> 0
A13: BX-bao 25kg | B13: =1000/25 -> 40 | D13: =C13/B13 -> 0 | F13: =E13/B13 -> 0 | H13: =G13/B13 -> 0 | J13: =I13/B13 -> 0 | L13: =K13/B13 -> 0 | M13: 92 | N13: =M13/B13 -> 2.3 | P13: =O13/B13 -> 0 | Q13: 2 | R13: =Q13/B13 -> 0.05 | S13: 39 | T13: =S13/B13 -> 0.975 | U13: =SUM('Công tổng'!AG6:AG10) -> 0 | V13: =U13/B13 -> 0
A14: BX-bao 35kg | B14: =1000/35 -> 28.571429 | D14: =C14/B14 -> 0 | F14: =E14/B14 -> 0 | H14: =G14/B14 -> 0 | I14: 2000 | J14: =I14/B14 -> 70 | K14: 5000 | L14: =K14/B14 -> 175 | M14: 2185 | N14: =M14/B14 -> 76.475 | O14: 7850 | P14: =O14/B14 -> 274.75 | Q14: 1951 | R14: =Q14/B14 -> 68.285 | S14: 82 | T14: =S14/B14 -> 2.87 | U14: =SUM('Công tổng'!AH6:AH10) -> 0 | V14: =U14/B14 -> 0
A15: BX-bao 40kg | B15: =1000/40 -> 25 | C15: 882 | D15: =C15/B15 -> 35.28 | E15: 1080 | F15: =E15/B15 -> 43.2 | H15: =G15/B15 -> 0 | I15: 450 | J15: =I15/B15 -> 18 | K15: 200 | L15: =K15/B15 -> 8 | M15: 3495 | N15: =M15/B15 -> 139.8 | P15: =O15/B15 -> 0 | R15: =Q15/B15 -> 0 | S15: 660 | T15: =S15/B15 -> 26.4 | U15: =SUM('Công tổng'!AI6:AI10) -> 0 | V15: =U15/B15 -> 0
A16: BX-bao 50kg | B16: =1000/50 -> 20 | D16: =C16/B16 -> 0 | F16: =E16/B16 -> 0 | H16: =G16/B16 -> 0 | J16: =I16/B16 -> 0 | L16: =K16/B16 -> 0 | N16: =M16/B16 -> 0 | P16: =O16/B16 -> 0 | R16: =Q16/B16 -> 0 | T16: =S16/B16 -> 0 | U16: =SUM('Công tổng'!AJ6:AJ10) -> 0 | V16: =U16/B16 -> 0
A17: Tổng khối lượng sx | D17: =SUM(D2:D16) -> 3055.491 | F17: =SUM(F2:F16) -> 2316.762 | H17: =SUM(H2:H16) -> 3593.201 | I17: =SUM(I2:I16) -> 101173 | J17: =SUM(J2:J16) -> 2021.1445 | L17: =SUM(L2:L16) -> 2129.185 | N17: =SUM(N2:N16) -> 1496.069 | P17: =SUM(P2:P16) -> 2237.775 | R17: =SUM(R2:R16) -> 2152.2235 | T17: =SUM(T2:T16) -> 1812.081 | V17: =SUM(V2:V16) -> 0 | W17: =SUM(D17:V17)/10 -> 12198.693
A18: Tổng lương phải trả theo bảng lương cũ | D18: 246360000 | F18: 212577000 | H18: 254706000 | J18: 243656000 | L18: 246198000 | N18: 227096000 | P18: 240846000 | R18: 229558000 | T18: 211690000 | V18: 231477000 | W18: =SUM(D18:V18)/10 -> 234416400
A19: Lương trả theo bảng lương mới | V19: 2.3856765e+08
A20: Nhận xét
A21: Bảng lương mới có số bằng số trung bình cộng của 10 tháng trong năm 2015
A22: Một số đối tượng làm nhiều có mức lương tăng lên so với bảng lương cũ và so với các đối tượng làm chung
A23: So với sản xuất số lượng tương đương tháng trước thì giờ tăng ca ít hơn.

Sheet chuyên cần
C2: 1 | D2: 2 | E2: 3 | F2: 4 | G2: 5 | H2: 6 | I2: 7 | J2: 8 | K2: 9 | L2: 10 | M2: 11 | N2: 12 | O2: 13 | P2: 14 | Q2: 15 | R2: 16 | S2: 17 | T2: 18 | U2: 19 | V2: 20 | W2: 21 | X2: 22 | Y2: 23 | Z2: 24 | AA2: 25 | AB2: 26 | AC2: 27 | AD2: 28 | AE2: 29 | AF2: 30 | AG2: 31 | AH2: 32 | AI2: 33 | AJ2: 34 | AK2: 35 | AL2: 36 | AM2: 37 | AN2: 38 | AO2: 39 | AP2: 40
E3: NGÀY LÀM VIỆC TRONG THÁNG | AJ3: Nghỉ không phép | AK3: Nghỉ việc riêng | AL3: Nghỉ bệnh | AM3: Trừ không phép | AN3: Trừ nghỉ VR | AO3: Trừ nghỉ NB | AP3: Cộng
A4: STT | B4: MNV | C4: Họ và Tên | D4: Chức vụ | E4: 1 | F4: 2 | G4: CN | H4: 4 | I4: 5 | J4: 6 | K4: 7 | L4: 8 | M4: CN | N4: 9 | O4: 10 | P4: 11 | Q4: 12 | R4: 13 | S4: 14 | T4: CN | U4: 16 | V4: 17 | W4: 18 | X4: 19 | Y4: 20 | Z4: 21 | AA4: CN | AB4: 23 | AC4: 24 | AD4: 25 | AE4: 26 | AF4: 27 | AG4: 28 | AH4: 29 | AI4: 30
A6: 1 | C6: KẾ HOẠCH XỬ LÝ
A7: 2 | B7: NV01 | C7: Nguyễn Trọng Minh | D7: Đội trưởng XLB | AJ7: ='BANG LUONG 1'!$N$1-CC!AJ6-CC!AK6-CC!AL6-CC!AM6 -> -1 | AK7: ='BANG LUONG 1'!$N$1-CC!AJ6-CC!AK6-CC!AM6-1 -> -2 | AL7: =COUNTIF(E7:AI7,"NB") -> 0 | AM7: =IF(AJ7>=1,100%,0) -> 0 | AN7: =IF(AK7<1,0,IF(AK7=1,50%,IF(AK7<=2,75%,IF(AK7>2,100%,0)))) -> 0 | AO7: =IF(AL7<1,0,IF(AL7=1,25%,IF(AL7<=2,50%,IF(AL7<=3,75%,IF(AL7>=4,100%,0))))) -> 0 | AP7: =IF(SUM(AM7:AO7)<=100%,SUM(AM7:AO7),100%) -> 0
A8: 5 | B8: NV02 | C8: Nguyễn Minh Tuấn | D8: Công nhân | AJ8: ='BANG LUONG 1'!$N$1-CC!AJ7-CC!AK7-CC!AL7-CC!AM7 -> -1 | AK8: ='BANG LUONG 1'!$N$1-CC!AJ7-CC!AK7-CC!AM7-1 -> -2 | AL8: =COUNTIF(E8:AI8,"NB") -> 0 | AM8: =IF(AJ8>=1,100%,0) -> 0 | AN8: =IF(AK8<1,0,IF(AK8=1,50%,IF(AK8<=2,75%,IF(AK8>2,100%,0)))) -> 0 | AO8: =IF(AL8<1,0,IF(AL8=1,25%,IF(AL8<=2,50%,IF(AL8<=3,75%,IF(AL8>=4,100%,0))))) -> 0 | AP8: =IF(SUM(AM8:AO8)<=100%,SUM(AM8:AO8),100%) -> 0
A9: 7 | B9: NV05 | C9: Nguyễn Thanh Vạn | D9: Công nhân | AJ9: ='BANG LUONG 1'!$N$1-CC!AJ8-CC!AK8-CC!AL8-CC!AM8 -> -1 | AK9: ='BANG LUONG 1'!$N$1-CC!AJ8-CC!AK8-CC!AM8-1 -> -2 | AL9: =COUNTIF(E9:AI9,"NB") -> 0 | AM9: =IF(AJ9>=1,100%,0) -> 0 | AN9: =IF(AK9<1,0,IF(AK9=1,50%,IF(AK9<=2,75%,IF(AK9>2,100%,0)))) -> 0 | AO9: =IF(AL9<1,0,IF(AL9=1,25%,IF(AL9<=2,50%,IF(AL9<=3,75%,IF(AL9>=4,100%,0))))) -> 0 | AP9: =IF(SUM(AM9:AO9)<=100%,SUM(AM9:AO9),100%) -> 0
A10: 9 | B10: NV07 | C10: Triệu Bô Na | D10: Công nhân | AJ10: ='BANG LUONG 1'!$N$1-CC!AJ9-CC!AK9-CC!AL9-CC!AM9 -> -1 | AK10: ='BANG LUONG 1'!$N$1-CC!AJ9-CC!AK9-CC!AM9-1 -> -2 | AL10: =COUNTIF(E10:AI10,"NB") -> 0 | AM10: =IF(AJ10>=1,100%,0) -> 0 | AN10: =IF(AK10<1,0,IF(AK10=1,50%,IF(AK10<=2,75%,IF(AK10>2,100%,0)))) -> 0 | AO10: =IF(AL10<1,0,IF(AL10=1,25%,IF(AL10<=2,50%,IF(AL10<=3,75%,IF(AL10>=4,100%,0))))) -> 0 | AP10: =IF(SUM(AM10:AO10)<=100%,SUM(AM10:AO10),100%) -> 0
A11: 10 | B11: NV09 | C11: Phan Lâm Thương | D11: Công nhân | AJ11: ='BANG LUONG 1'!$N$1-CC!AJ10-CC!AK10-CC!AL10-CC!AM10 -> -1 | AK11: ='BANG LUONG 1'!$N$1-CC!AJ10-CC!AK10-CC!AM10-1 -> -2 | AL11: =COUNTIF(E11:AI11,"NB") -> 0 | AM11: =IF(AJ11>=1,100%,0) -> 0 | AN11: =IF(AK11<1,0,IF(AK11=1,50%,IF(AK11<=2,75%,IF(AK11>2,100%,0)))) -> 0 | AO11: =IF(AL11<1,0,IF(AL11=1,25%,IF(AL11<=2,50%,IF(AL11<=3,75%,IF(AL11>=4,100%,0))))) -> 0 | AP11: =IF(SUM(AM11:AO11)<=100%,SUM(AM11:AO11),100%) -> 0
A12: 11 | B12: NV10 | C12: Nguyễn Bình Luận | D12: Công nhân | AJ12: ='BANG LUONG 1'!$N$1-CC!AJ11-CC!AK11-CC!AL11-CC!AM11 -> -1 | AK12: ='BANG LUONG 1'!$N$1-CC!AJ11-CC!AK11-CC!AM11-1 -> -2 | AL12: =COUNTIF(E12:AI12,"NB") -> 0 | AM12: =IF(AJ12>=1,100%,0) -> 0 | AN12: =IF(AK12<1,0,IF(AK12=1,50%,IF(AK12<=2,75%,IF(AK12>2,100%,0)))) -> 0 | AO12: =IF(AL12<1,0,IF(AL12=1,25%,IF(AL12<=2,50%,IF(AL12<=3,75%,IF(AL12>=4,100%,0))))) -> 0 | AP12: =IF(SUM(AM12:AO12)<=100%,SUM(AM12:AO12),100%) -> 0
A13: 12 | B13: NV11 | C13: Nguyễn Thế Lực | D13: Công nhân | AJ13: ='BANG LUONG 1'!$N$1-CC!AJ12-CC!AK12-CC!AL12-CC!AM12 -> -1 | AK13: ='BANG LUONG 1'!$N$1-CC!AJ12-CC!AK12-CC!AM12-1 -> -2 | AL13: =COUNTIF(E13:AI13,"NB") -> 0 | AM13: =IF(AJ13>=1,100%,0) -> 0 | AN13: =IF(AK13<1,0,IF(AK13=1,50%,IF(AK13<=2,75%,IF(AK13>2,100%,0)))) -> 0 | AO13: =IF(AL13<1,0,IF(AL13=1,25%,IF(AL13<=2,50%,IF(AL13<=3,75%,IF(AL13>=4,100%,0))))) -> 0 | AP13: =IF(SUM(AM13:AO13)<=100%,SUM(AM13:AO13),100%) -> 0
B14: NV12 | C14: Nguyễn Thành Vân | D14: Công nhân | AJ14: ='BANG LUONG 1'!$N$1-CC!AJ13-CC!AK13-CC!AL13-CC!AM13 -> -1 | AK14: ='BANG LUONG 1'!$N$1-CC!AJ13-CC!AK13-CC!AM13-1 -> -2 | AL14: =COUNTIF(E14:AI14,"NB") -> 0 | AM14: =IF(AJ14>=1,100%,0) -> 0 | AN14: =IF(AK14<1,0,IF(AK14=1,50%,IF(AK14<=2,75%,IF(AK14>2,100%,0)))) -> 0 | AO14: =IF(AL14<1,0,IF(AL14=1,25%,IF(AL14<=2,50%,IF(AL14<=3,75%,IF(AL14>=4,100%,0))))) -> 0 | AP14: =IF(SUM(AM14:AO14)<=100%,SUM(AM14:AO14),100%) -> 0
B15: NV46 | C15: Lương Trường Giang | D15: Công nhân | AJ15: ='BANG LUONG 1'!$N$1-CC!AJ14-CC!AK14-CC!AL14-CC!AM14 -> -1 | AK15: ='BANG LUONG 1'!$N$1-CC!AJ14-CC!AK14-CC!AM14-1 -> -2 | AL15: =COUNTIF(E15:AI15,"NB") -> 0 | AM15: =IF(AJ15>=1,100%,0) -> 0 | AN15: =IF(AK15<1,0,IF(AK15=1,50%,IF(AK15<=2,75%,IF(AK15>2,100%,0)))) -> 0 | AO15: =IF(AL15<1,0,IF(AL15=1,25%,IF(AL15<=2,50%,IF(AL15<=3,75%,IF(AL15>=4,100%,0))))) -> 0 | AP15: =IF(SUM(AM15:AO15)<=100%,SUM(AM15:AO15),100%) -> 0
B16: NV47 | C16: Bùi Trọng Nghĩa | D16: Công nhân | AJ16: ='BANG LUONG 1'!$N$1-CC!AJ15-CC!AK15-CC!AL15-CC!AM15 -> -1 | AK16: ='BANG LUONG 1'!$N$1-CC!AJ15-CC!AK15-CC!AM15-1 -> -2 | AL16: =COUNTIF(E16:AI16,"NB") -> 0 | AM16: =IF(AJ16>=1,100%,0) -> 0 | AN16: =IF(AK16<1,0,IF(AK16=1,50%,IF(AK16<=2,75%,IF(AK16>2,100%,0)))) -> 0 | AO16: =IF(AL16<1,0,IF(AL16=1,25%,IF(AL16<=2,50%,IF(AL16<=3,75%,IF(AL16>=4,100%,0))))) -> 0 | AP16: =IF(SUM(AM16:AO16)<=100%,SUM(AM16:AO16),100%) -> 0
A17: 13 | C17: TÀI XẾ
A18: 14 | B18: NV13 | C18: Triệu Minh Tú | D18: Lái xe cơ giới | AJ18: ='BANG LUONG 1'!$N$1-CC!AJ19-CC!AK19-CC!AL19-CC!AM19 -> -1 | AK18: ='BANG LUONG 1'!$N$1-CC!AJ19-CC!AK19-CC!AM19-1 -> -2 | AL18: =COUNTIF(E18:AI18,"NB") -> 0 | AM18: =IF(AJ18>=1,100%,0) -> 0 | AN18: =IF(AK18<1,0,IF(AK18=1,50%,IF(AK18<=2,75%,IF(AK18>2,100%,0)))) -> 0 | AO18: =IF(AL18<1,0,IF(AL18=1,25%,IF(AL18<=2,50%,IF(AL18<=3,75%,IF(AL18>=4,100%,0))))) -> 0 | AP18: =IF(SUM(AM18:AO18)<=100%,SUM(AM18:AO18),100%) -> 0
A19: 15 | B19: NV14 | C19: Nguyễn Văn Chạy | D19: Lái xe cơ giới | AJ19: ='BANG LUONG 1'!$N$1-CC!AJ20-CC!AK20-CC!AL20-CC!AM20 -> -1 | AK19: ='BANG LUONG 1'!$N$1-CC!AJ20-CC!AK20-CC!AM20-1 -> -2 | AL19: =COUNTIF(E19:AI19,"NB") -> 0 | AM19: =IF(AJ19>=1,100%,0) -> 0 | AN19: =IF(AK19<1,0,IF(AK19=1,50%,IF(AK19<=2,75%,IF(AK19>2,100%,0)))) -> 0 | AO19: =IF(AL19<1,0,IF(AL19=1,25%,IF(AL19<=2,50%,IF(AL19<=3,75%,IF(AL19>=4,100%,0))))) -> 0 | AP19: =IF(SUM(AM19:AO19)<=100%,SUM(AM19:AO19),100%) -> 0
A20: 16 | B20: NV15 | C20: Hà Hoàng Hùng | D20: Lái xe cơ giới | AJ20: ='BANG LUONG 1'!$N$1-CC!AJ21-CC!AK21-CC!AL21-CC!AM21 -> -1 | AK20: ='BANG LUONG 1'!$N$1-CC!AJ21-CC!AK21-CC!AM21-1 -> -2 | AL20: =COUNTIF(E20:AI20,"NB") -> 0 | AM20: =IF(AJ20>=1,100%,0) -> 0 | AN20: =IF(AK20<1,0,IF(AK20=1,50%,IF(AK20<=2,75%,IF(AK20>2,100%,0)))) -> 0 | AO20: =IF(AL20<1,0,IF(AL20=1,25%,IF(AL20<=2,50%,IF(AL20<=3,75%,IF(AL20>=4,100%,0))))) -> 0 | AP20: =IF(SUM(AM20:AO20)<=100%,SUM(AM20:AO20),100%) -> 0
A21: 18 | B21: NV16 | C21: Châu Thành Nhân | D21: Lái xe cơ giới | AJ21: ='BANG LUONG 1'!$N$1-CC!AJ22-CC!AK22-CC!AL22-CC!AM22 -> -1 | AK21: ='BANG LUONG 1'!$N$1-CC!AJ22-CC!AK22-CC!AM22-1 -> -2 | AL21: =COUNTIF(E21:AI21,"NB") -> 0 | AM21: =IF(AJ21>=1,100%,0) -> 0 | AN21: =IF(AK21<1,0,IF(AK21=1,50%,IF(AK21<=2,75%,IF(AK21>2,100%,0)))) -> 0 | AO21: =IF(AL21<1,0,IF(AL21=1,25%,IF(AL21<=2,50%,IF(AL21<=3,75%,IF(AL21>=4,100%,0))))) -> 0 | AP21: =IF(SUM(AM21:AO21)<=100%,SUM(AM21:AO21),100%) -> 0
A22: 19 | B22: NV18 | C22: Châu Văn Phước | D22: Lái xe cơ giới | AJ22: ='BANG LUONG 1'!$N$1-CC!AJ23-CC!AK23-CC!AL23-CC!AM23 -> -1 | AK22: ='BANG LUONG 1'!$N$1-CC!AJ23-CC!AK23-CC!AM23-1 -> -2 | AL22: =COUNTIF(E22:AI22,"NB") -> 0 | AM22: =IF(AJ22>=1,100%,0) -> 0 | AN22: =IF(AK22<1,0,IF(AK22=1,50%,IF(AK22<=2,75%,IF(AK22>2,100%,0)))) -> 0 | AO22: =IF(AL22<1,0,IF(AL22=1,25%,IF(AL22<=2,50%,IF(AL22<=3,75%,IF(AL22>=4,100%,0))))) -> 0 | AP22: =IF(SUM(AM22:AO22)<=100%,SUM(AM22:AO22),100%) -> 0
A23: 20 | B23: NV19 | C23: Thạch Giàu | D23: Lái xe cơ giới | AJ23: ='BANG LUONG 1'!$N$1-CC!AJ24-CC!AK24-CC!AL24-CC!AM24 -> -1 | AK23: ='BANG LUONG 1'!$N$1-CC!AJ24-CC!AK24-CC!AM24-1 -> -2 | AL23: =COUNTIF(E23:AI23,"NB") -> 0 | AM23: =IF(AJ23>=1,100%,0) -> 0 | AN23: =IF(AK23<1,0,IF(AK23=1,50%,IF(AK23<=2,75%,IF(AK23>2,100%,0)))) -> 0 | AO23: =IF(AL23<1,0,IF(AL23=1,25%,IF(AL23<=2,50%,IF(AL23<=3,75%,IF(AL23>=4,100%,0))))) -> 0 | AP23: =IF(SUM(AM23:AO23)<=100%,SUM(AM23:AO23),100%) -> 0
A24: 21 | B24: NV20 | C24: Trần Thanh Hậu | D24: Lái xe cơ giới | AJ24: ='BANG LUONG 1'!$N$1-CC!AJ25-CC!AK25-CC!AL25-CC!AM25 -> -1 | AK24: ='BANG LUONG 1'!$N$1-CC!AJ25-CC!AK25-CC!AM25-1 -> -2 | AL24: =COUNTIF(E24:AI24,"NB") -> 0 | AM24: =IF(AJ24>=1,100%,0) -> 0 | AN24: =IF(AK24<1,0,IF(AK24=1,50%,IF(AK24<=2,75%,IF(AK24>2,100%,0)))) -> 0 | AO24: =IF(AL24<1,0,IF(AL24=1,25%,IF(AL24<=2,50%,IF(AL24<=3,75%,IF(AL24>=4,100%,0))))) -> 0 | AP24: =IF(SUM(AM24:AO24)<=100%,SUM(AM24:AO24),100%) -> 0
A25: 22 | B25: NV21 | C25: Trần Văn Thứ | D25: Lái xe cơ giới | AJ25: ='BANG LUONG 1'!$N$1-CC!AJ26-CC!AK26-CC!AL26-CC!AM26 -> -1 | AK25: ='BANG LUONG 1'!$N$1-CC!AJ26-CC!AK26-CC!AM26-1 -> -2 | AL25: =COUNTIF(E25:AI25,"NB") -> 0 | AM25: =IF(AJ25>=1,100%,0) -> 0 | AN25: =IF(AK25<1,0,IF(AK25=1,50%,IF(AK25<=2,75%,IF(AK25>2,100%,0)))) -> 0 | AO25: =IF(AL25<1,0,IF(AL25=1,25%,IF(AL25<=2,50%,IF(AL25<=3,75%,IF(AL25>=4,100%,0))))) -> 0 | AP25: =IF(SUM(AM25:AO25)<=100%,SUM(AM25:AO25),100%) -> 0
A26: 23 | B26: NV22 | C26: Lê Tấn Phát | D26: Lái xe cơ giới | AJ26: ='BANG LUONG 1'!$N$1-CC!AJ27-CC!AK27-CC!AL27-CC!AM27 -> -1 | AK26: ='BANG LUONG 1'!$N$1-CC!AJ27-CC!AK27-CC!AM27-1 -> -2 | AL26: =COUNTIF(E26:AI26,"NB") -> 0 | AM26: =IF(AJ26>=1,100%,0) -> 0 | AN26: =IF(AK26<1,0,IF(AK26=1,50%,IF(AK26<=2,75%,IF(AK26>2,100%,0)))) -> 0 | AO26: =IF(AL26<1,0,IF(AL26=1,25%,IF(AL26<=2,50%,IF(AL26<=3,75%,IF(AL26>=4,100%,0))))) -> 0 | AP26: =IF(SUM(AM26:AO26)<=100%,SUM(AM26:AO26),100%) -> 0
A27: 24 | B27: NV23 | C27: Quách Văn Chánh | D27: Công nhân | AJ27: ='BANG LUONG 1'!$N$1-CC!AJ28-CC!AK28-CC!AL28-CC!AM28 -> -1 | AK27: ='BANG LUONG 1'!$N$1-CC!AJ28-CC!AK28-CC!AM28-1 -> -2 | AL27: =COUNTIF(E27:AI27,"NB") -> 0 | AM27: =IF(AJ27>=1,100%,0) -> 0 | AN27: =IF(AK27<1,0,IF(AK27=1,50%,IF(AK27<=2,75%,IF(AK27>2,100%,0)))) -> 0 | AO27: =IF(AL27<1,0,IF(AL27=1,25%,IF(AL27<=2,50%,IF(AL27<=3,75%,IF(AL27>=4,100%,0))))) -> 0 | AP27: =IF(SUM(AM27:AO27)<=100%,SUM(AM27:AO27),100%) -> 0
A28: 25 | B28: NV24 | C28: Trần văn Nguyện | D28: Công nhân (TX ) | AJ28: ='BANG LUONG 1'!$N$1-CC!AJ29-CC!AK29-CC!AL29-CC!AM29 -> -1 | AK28: ='BANG LUONG 1'!$N$1-CC!AJ29-CC!AK29-CC!AM29-1 -> -2 | AL28: =COUNTIF(E28:AI28,"NB") -> 0 | AM28: =IF(AJ28>=1,100%,0) -> 0 | AN28: =IF(AK28<1,0,IF(AK28=1,50%,IF(AK28<=2,75%,IF(AK28>2,100%,0)))) -> 0 | AO28: =IF(AL28<1,0,IF(AL28=1,25%,IF(AL28<=2,50%,IF(AL28<=3,75%,IF(AL28>=4,100%,0))))) -> 0 | AP28: =IF(SUM(AM28:AO28)<=100%,SUM(AM28:AO28),100%) -> 0
A29: 26 | B29: NV25 | C29: Châu Văn Tâm | D29: Lái xe cơ giới | AJ29: ='BANG LUONG 1'!$N$1-CC!AJ30-CC!AK30-CC!AL30-CC!AM30 -> -1 | AK29: ='BANG LUONG 1'!$N$1-CC!AJ30-CC!AK30-CC!AM30-1 -> -2 | AL29: =COUNTIF(E29:AI29,"NB") -> 0 | AM29: =IF(AJ29>=1,100%,0) -> 0 | AN29: =IF(AK29<1,0,IF(AK29=1,50%,IF(AK29<=2,75%,IF(AK29>2,100%,0)))) -> 0 | AO29: =IF(AL29<1,0,IF(AL29=1,25%,IF(AL29<=2,50%,IF(AL29<=3,75%,IF(AL29>=4,100%,0))))) -> 0 | AP29: =IF(SUM(AM29:AO29)<=100%,SUM(AM29:AO29),100%) -> 0
... A32: 29 | B32: NV28 | C32: Hà Thanh Truyền | D32: Lái xe cơ giới | AJ32: ='BANG LUONG 1'!$N$1-CC!AJ33-CC!AK33-CC!AL33-CC!AM33 -> -1 | AK32: ='BANG LUONG 1'!$N$1-CC!AJ33-CC!AK33-CC!AM33-1 -> -2 | AL32: =COUNTIF(E32:AI32,"NB") -> 0 | AM32: =IF(AJ32>=1,100%,0) -> 0 | AN32: =IF(AK32<1,0,IF(AK32=1,50%,IF(AK32<=2,75%,IF(AK32>2,100%,0)))) -> 0 | AO32: =IF(AL32<1,0,IF(AL32=1,25%,IF(AL32<=2,50%,IF(AL32<=3,75%,IF(AL32>=4,100%,0))))) -> 0 | AP32: =IF(SUM(AM32:AO32)<=100%,SUM(AM32:AO32),100%) -> 0
A33: 30 | B33: NV29 | C33: Phan Văn Bạn | D33: Lái xe cơ giới | AJ33: ='BANG LUONG 1'!$N$1-CC!AJ17-CC!AK17-CC!AL17-CC!AM17 -> -1 | AK33: ='BANG LUONG 1'!$N$1-CC!AJ17-CC!AK17-CC!AM17-1 -> -2 | AL33: =COUNTIF(E33:AI33,"NB") -> 0 | AM33: =IF(AJ33>=1,100%,0) -> 0 | AN33: =IF(AK33<1,0,IF(AK33=1,50%,IF(AK33<=2,75%,IF(AK33>2,100%,0)))) -> 0 | AO33: =IF(AL33<1,0,IF(AL33=1,25%,IF(AL33<=2,50%,IF(AL33<=3,75%,IF(AL33>=4,100%,0))))) -> 0 | AP33: =IF(SUM(AM33:AO33)<=100%,SUM(AM33:AO33),100%) -> 0
A34: 31 | B34: NV30 | C34: Lê Minh Trọng | D34: Lái xe cơ giới | AJ34: ='BANG LUONG 1'!$N$1-CC!AJ34-CC!AK34-CC!AL34-CC!AM34 -> -1 | AK34: ='BANG LUONG 1'!$N$1-CC!AJ34-CC!AK34-CC!AM34-1 -> -2 | AL34: =COUNTIF(E34:AI34,"NB") -> 0 | AM34: =IF(AJ34>=1,100%,0) -> 0 | AN34: =IF(AK34<1,0,IF(AK34=1,50%,IF(AK34<=2,75%,IF(AK34>2,100%,0)))) -> 0 | AO34: =IF(AL34<1,0,IF(AL34=1,25%,IF(AL34<=2,50%,IF(AL34<=3,75%,IF(AL34>=4,100%,0))))) -> 0 | AP34: =IF(SUM(AM34:AO34)<=100%,SUM(AM34:AO34),100%) -> 0
A35: 32 | B35: NV31 | C35: Nguyễn Văn Lâm | D35: Lái xe cơ giới | AJ35: ='BANG LUONG 1'!$N$1-CC!AJ35-CC!AK35-CC!AL35-CC!AM35 -> -1 | AK35: ='BANG LUONG 1'!$N$1-CC!AJ35-CC!AK35-CC!AM35-1 -> -2 | AL35: =COUNTIF(E35:AI35,"NB") -> 0 | AM35: =IF(AJ35>=1,100%,0) -> 0 | AN35: =IF(AK35<1,0,IF(AK35=1,50%,IF(AK35<=2,75%,IF(AK35>2,100%,0)))) -> 0 | AO35: =IF(AL35<1,0,IF(AL35=1,25%,IF(AL35<=2,50%,IF(AL35<=3,75%,IF(AL35>=4,100%,0))))) -> 0 | AP35: =IF(SUM(AM35:AO35)<=100%,SUM(AM35:AO35),100%) -> 0
A36: 33 | B36: NV32 | C36: Lương Minh Tâm | D36: Vận hành xe xúc BH | AJ36: ='BANG LUONG 1'!$N$1-CC!AJ36-CC!AK36-CC!AL36-CC!AM36 -> -1 | AK36: ='BANG LUONG 1'!$N$1-CC!AJ36-CC!AK36-CC!AM36-1 -> -2 | AL36: =COUNTIF(E36:AI36,"NB") -> 0 | AM36: =IF(AJ36>=1,100%,0) -> 0 | AN36: =IF(AK36<1,0,IF(AK36=1,50%,IF(AK36<=2,75%,IF(AK36>2,100%,0)))) -> 0 | AO36: =IF(AL36<1,0,IF(AL36=1,25%,IF(AL36<=2,50%,IF(AL36<=3,75%,IF(AL36>=4,100%,0))))) -> 0 | AP36: =IF(SUM(AM36:AO36)<=100%,SUM(AM36:AO36),100%) -> 0
B37: NV33 | C37: Nguyễn Thành Tài | D37: Lái xe nâng | AJ37: ='BANG LUONG 1'!$N$1-CC!AJ37-CC!AK37-CC!AL37-CC!AM37 -> -1 | AK37: ='BANG LUONG 1'!$N$1-CC!AJ37-CC!AK37-CC!AM37-1 -> -2 | AL37: =COUNTIF(E37:AI37,"NB") -> 0 | AM37: =IF(AJ37>=1,100%,0) -> 0 | AN37: =IF(AK37<1,0,IF(AK37=1,50%,IF(AK37<=2,75%,IF(AK37>2,100%,0)))) -> 0 | AO37: =IF(AL37<1,0,IF(AL37=1,25%,IF(AL37<=2,50%,IF(AL37<=3,75%,IF(AL37>=4,100%,0))))) -> 0 | AP37: =IF(SUM(AM37:AO37)<=100%,SUM(AM37:AO37),100%) -> 0
A38: 34 | C38: VỆ SINH TƯỚI ĐƯỜNG
A39: 35 | B39: NV34 | C39: Nguyễn Văn Mèo | D39: Công nhân | AJ39: ='BANG LUONG 1'!$N$1-CC!AJ39-CC!AK39-CC!AL39-CC!AM39 -> -1.5 | AK39: ='BANG LUONG 1'!$N$1-CC!AJ39-CC!AK39-CC!AM39-1 -> -2 | AL39: =COUNTIF(E39:AI39,"NB") -> 0 | AM39: =IF(AJ39>=1,100%,0) -> 0 | AN39: =IF(AK39<1,0,IF(AK39=1,50%,IF(AK39<=2,75%,IF(AK39>2,100%,0)))) -> 0 | AO39: =IF(AL39<1,0,IF(AL39=1,25%,IF(AL39<=2,50%,IF(AL39<=3,75%,IF(AL39>=4,100%,0))))) -> 0 | AP39: =IF(SUM(AM39:AO39)<=100%,SUM(AM39:AO39),100%) -> 0
A40: 37 | B40: NV35 | C40: Nguyễn Văn Phụng | D40: Công nhân | AJ40: ='BANG LUONG 1'!$N$1-CC!AJ40-CC!AK40-CC!AL40-CC!AM40 -> -1.5 | AK40: ='BANG LUONG 1'!$N$1-CC!AJ40-CC!AK40-CC!AM40-1 -> -2 | AL40: =COUNTIF(E40:AI40,"NB") -> 0 | AM40: =IF(AJ40>=1,100%,0) -> 0 | AN40: =IF(AK40<1,0,IF(AK40=1,50%,IF(AK40<=2,75%,IF(AK40>2,100%,0)))) -> 0 | AO40: =IF(AL40<1,0,IF(AL40=1,25%,IF(AL40<=2,50%,IF(AL40<=3,75%,IF(AL40>=4,100%,0))))) -> 0 | AP40: =IF(SUM(AM40:AO40)<=100%,SUM(AM40:AO40),100%) -> 0
A41: 38 | B41: NV37 | C41: Nguyễn Tấn Kiệt | D41: Công nhân | AJ41: ='BANG LUONG 1'!$N$1-CC!AJ41-CC!AK41-CC!AL41-CC!AM41 -> -1 | AK41: ='BANG LUONG 1'!$N$1-CC!AJ41-CC!AK41-CC!AM41-1 -> -2 | AL41: =COUNTIF(E41:AI41,"NB") -> 0 | AM41: =IF(AJ41>=1,100%,0) -> 0 | AN41: =IF(AK41<1,0,IF(AK41=1,50%,IF(AK41<=2,75%,IF(AK41>2,100%,0)))) -> 0 | AO41: =IF(AL41<1,0,IF(AL41=1,25%,IF(AL41<=2,50%,IF(AL41<=3,75%,IF(AL41>=4,100%,0))))) -> 0 | AP41: =IF(SUM(AM41:AO41)<=100%,SUM(AM41:AO41),100%) -> 0
B42: NV38 | C42: Nguyễn Văn Rắng | D42: Công nhân | AJ42: ='BANG LUONG 1'!$N$1-CC!AJ16-CC!AK16-CC!AL16-CC!AM16 -> -1 | AK42: ='BANG LUONG 1'!$N$1-CC!AJ16-CC!AK16-CC!AM16-1 -> -2 | AL42: =COUNTIF(E42:AI42,"NB") -> 0 | AM42: =IF(AJ42>=1,100%,0) -> 0 | AN42: =IF(AK42<1,0,IF(AK42=1,50%,IF(AK42<=2,75%,IF(AK42>2,100%,0)))) -> 0 | AO42: =IF(AL42<1,0,IF(AL42=1,25%,IF(AL42<=2,50%,IF(AL42<=3,75%,IF(AL42>=4,100%,0))))) -> 0 | AP42: =IF(SUM(AM42:AO42)<=100%,SUM(AM42:AO42),100%) -> 0
B43: NV39 | C43: Lê Ngọc Đức | D43: Công nhân | AJ43: ='BANG LUONG 1'!$N$1-CC!AJ42-CC!AK42-CC!AL42-CC!AM42 -> -1 | AK43: ='BANG LUONG 1'!$N$1-CC!AJ42-CC!AK42-CC!AM42-1 -> -2 | AL43: =COUNTIF(E43:AI43,"NB") -> 0 | AM43: =IF(AJ43>=1,100%,0) -> 0 | AN43: =IF(AK43<1,0,IF(AK43=1,50%,IF(AK43<=2,75%,IF(AK43>2,100%,0)))) -> 0 | AO43: =IF(AL43<1,0,IF(AL43=1,25%,IF(AL43<=2,50%,IF(AL43<=3,75%,IF(AL43>=4,100%,0))))) -> 0 | AP43: =IF(SUM(AM43:AO43)<=100%,SUM(AM43:AO43),100%) -> 0
B44: NV41 | C44: Bùi Văn Ây | D44: Công nhân | AJ44: ='BANG LUONG 1'!$N$1-CC!AJ43-CC!AK43-CC!AL43-CC!AM43 -> -1 | AK44: ='BANG LUONG 1'!$N$1-CC!AJ43-CC!AK43-CC!AM43-1 -> -2 | AL44: =COUNTIF(E44:AI44,"NB") -> 0 | AM44: =IF(AJ44>=1,100%,0) -> 0 | AN44: =IF(AK44<1,0,IF(AK44=1,50%,IF(AK44<=2,75%,IF(AK44>2,100%,0)))) -> 0 | AO44: =IF(AL44<1,0,IF(AL44=1,25%,IF(AL44<=2,50%,IF(AL44<=3,75%,IF(AL44>=4,100%,0))))) -> 0 | AP44: =IF(SUM(AM44:AO44)<=100%,SUM(AM44:AO44),100%) -> 0
B45: NV45 | C45: Đặng Hải Bằng | D45: Công nhân | AJ45: ='BANG LUONG 1'!$N$1-CC!AJ44-CC!AK44-CC!AL44-CC!AM44 -> -1 | AK45: ='BANG LUONG 1'!$N$1-CC!AJ44-CC!AK44-CC!AM44-1 -> -2 | AL45: =COUNTIF(E45:AI45,"NB") -> 0 | AM45: =IF(AJ45>=1,100%,0) -> 0 | AN45: =IF(AK45<1,0,IF(AK45=1,50%,IF(AK45<=2,75%,IF(AK45>2,100%,0)))) -> 0 | AO45: =IF(AL45<1,0,IF(AL45=1,25%,IF(AL45<=2,50%,IF(AL45<=3,75%,IF(AL45>=4,100%,0))))) -> 0 | AP45: =IF(SUM(AM45:AO45)<=100%,SUM(AM45:AO45),100%) -> 0
C46: Nguyễn Đình Tâm | D46: Công nhân | AJ46: ='BANG LUONG 1'!$N$1-CC!AJ45-CC!AK45-CC!AL45-CC!AM45 -> -1 | AK46: ='BANG LUONG 1'!$N$1-CC!AJ45-CC!AK45-CC!AM45-1 -> -2 | AL46: =COUNTIF(E46:AI46,"NB") -> 0 | AM46: =IF(AJ46>=1,100%,0) -> 0 | AN46: =IF(AK46<1,0,IF(AK46=1,50%,IF(AK46<=2,75%,IF(AK46>2,100%,0)))) -> 0 | AO46: =IF(AL46<1,0,IF(AL46=1,25%,IF(AL46<=2,50%,IF(AL46<=3,75%,IF(AL46>=4,100%,0))))) -> 0 | AP46: =IF(SUM(AM46:AO46)<=100%,SUM(AM46:AO46),100%) -> 0
C47: Nguyễn Văn Chương | D47: Công nhân | AJ47: ='BANG LUONG 1'!$N$1-CC!AJ46-CC!AK46-CC!AL46-CC!AM46 -> -1 | AK47: ='BANG LUONG 1'!$N$1-CC!AJ46-CC!AK46-CC!AM46-1 -> -2 | AL47: =COUNTIF(E47:AI47,"NB") -> 0 | AM47: =IF(AJ47>=1,100%,0) -> 0 | AN47: =IF(AK47<1,0,IF(AK47=1,50%,IF(AK47<=2,75%,IF(AK47>2,100%,0)))) -> 0 | AO47: =IF(AL47<1,0,IF(AL47=1,25%,IF(AL47<=2,50%,IF(AL47<=3,75%,IF(AL47>=4,100%,0))))) -> 0 | AP47: =IF(SUM(AM47:AO47)<=100%,SUM(AM47:AO47),100%) -> 0
A48: 42 | C48: TTNC
A49: 43 | B49: NV42 | C49: Ngô Đình Chung | D49: TB ATLĐ | AJ49: ='BANG LUONG 1'!$N$1-CC!AJ48-CC!AK48-CC!AL48-CC!AM48 -> -1 | AK49: ='BANG LUONG 1'!$N$1-CC!AJ48-CC!AK48-CC!AM48-1 -> -2 | AL49: =COUNTIF(E49:AI49,"NB") -> 0 | AM49: =IF(AJ49>=1,100%,0) -> 0 | AN49: =IF(AK49<1,0,IF(AK49=1,50%,IF(AK49<=2,75%,IF(AK49>2,100%,0)))) -> 0 | AO49: =IF(AL49<1,0,IF(AL49=1,25%,IF(AL49<=2,50%,IF(AL49<=3,75%,IF(AL49>=4,100%,0))))) -> 0 | AP49: =IF(SUM(AM49:AO49)<=100%,SUM(AM49:AO49),100%) -> 0
A50: 44 | B50: NV43 | C50: Triệu Minh Tuấn | D50: Công nhân | AJ50: ='BANG LUONG 1'!$N$1-CC!AJ49-CC!AK49-CC!AL49-CC!AM49 -> -1 | AK50: ='BANG LUONG 1'!$N$1-CC!AJ49-CC!AK49-CC!AM49-1 -> -2 | AL50: =COUNTIF(E50:AI50,"NB") -> 0 | AM50: =IF(AJ50>=1,100%,0) -> 0 | AN50: =IF(AK50<1,0,IF(AK50=1,50%,IF(AK50<=2,75%,IF(AK50>2,100%,0)))) -> 0 | AO50: =IF(AL50<1,0,IF(AL50=1,25%,IF(AL50<=2,50%,IF(AL50<=3,75%,IF(AL50>=4,100%,0))))) -> 0 | AP50: =IF(SUM(AM50:AO50)<=100%,SUM(AM50:AO50),100%) -> 0
